,Ala,Albiano,Aldeno,Altavalle,Altopiano della Vigolana,Amblar-Don,Andalo,Arco,Avio,Baselga di Pinè,Bedollo,Besenello,Bieno,Bleggio Superiore,Bocenago,Bondone,Borgo Chiese,Borgo Lares,Borgo Valsugana,Borgo d'Anaunia,Brentonico,Bresimo,Caderzone Terme,Calceranica al Lago,Caldes,Caldonazzo,Calliano,Campitello di Fassa / Ciampedel,Campodenno,Canal San Bovo,Canazei / Cianacei,Capriana,Carisolo,Carzano,Castel Condino,Castel Ivano,Castello Tesino,Castello-Molina di Fiemme,Castelnuovo,Cavalese,Cavareno,Cavedago,Cavedine,Cavizzana,Cembra Lisignago,Cimone,Cinte Tesino,Cis,Civezzano,Cles,Comano Terme,Commezzadura,Contà,Croviana,Dambel,Denno,Dimaro Folgarida,Drena,Dro,Fai della Paganella,Fiavè,Fierozzo / Vlarotz,Folgaria,Fornace,Frassilongo / Garait,Garniga Terme,Giovo,Giustino,Grigno,Imer,Isera,Lavarone,Lavis,Ledro,Levico Terme,Livo,Lona-Lases,Luserna / Lusérn,Madruzzo,Malé,Massimeno,Mazzin / Mazin,Mezzana,Mezzano,Mezzocorona,Mezzolombardo,Moena / Moena,Molveno,Mori,Nago-Torbole,Nogaredo,Nomi,Novaledo,Novella,Ospedaletto,Ossana,Palù del Fersina / Palai en Bernstol,Panchià,Peio,Pellizzano,Pelugo,Pergine Valsugana,Pieve Tesino,Pieve di Bono-Prezzo,Pinzolo,Pomarolo,Porte di Rendena,Predaia,Predazzo,Primiero San Martino di Castrozza,Rabbi,Riva del Garda,Romeno,Roncegno Terme,Ronchi Valsugana,Ronzo-Chienis,Ronzone,Rovereto,Roverè della Luna,Ruffrè-Mendola,Rumo,Sagron Mis,Samone,San Giovanni di Fassa / Sèn Jan,San Lorenzo Dorsino,San Michele all'Adige,Sant'Orsola Terme,Sanzeno,Sarnonico,Scurelle,Segonzano,Sella Giudicarie,Sfruz,Soraga di Fassa / Soraga,Sover,Spiazzo,Spormaggiore,Sporminore,Stenico,Storo,Strembo,Telve,Telve di Sopra,Tenna,Tenno,Terragnolo,Terre d'Adige,Terzolas,Tesero,Tione di Trento,Ton,Torcegno,Trambileno,Tre Ville,Trento,Valdaone,Valfloriana,Vallarsa,Vallelaghi,Vermiglio,Vignola-Falesina,Villa Lagarina,Ville d'Anaunia,Ville di Fiemme,Volano,Ziano di Fiemme
Ala,0.000,60.642,29.240,67.473,40.886,87.954,76.777,27.278,7.003,57.088,64.283,25.256,76.363,47.843,70.331,70.421,66.468,56.160,65.187,90.938,14.336,91.014,71.272,45.663,92.218,47.917,23.702,127.069,67.492,111.067,129.510,85.768,76.170,69.866,72.653,71.448,84.552,97.611,68.262,99.991,87.288,72.699,41.795,92.062,66.158,32.543,82.360,86.989,47.902,80.537,49.518,102.203,70.600,96.268,84.822,68.673,99.485,36.717,31.624,71.019,43.526,63.388,36.452,53.839,59.102,37.268,58.381,73.412,79.963,117.889,15.359,48.866,52.754,42.998,52.022,88.559,56.728,59.439,45.396,95.372,74.376,123.058,105.623,119.167,59.792,60.656,112.438,68.522,11.989,20.825,19.038,22.336,56.692,85.146,72.736,110.920,66.049,99.182,122.162,109.064,65.524,52.295,81.105,73.073,74.940,20.056,62.570,75.081,103.458,133.022,102.248,26.935,85.103,62.228,65.548,25.308,89.565,15.873,65.659,93.295,96.435,134.778,73.382,119.706,58.606,58.552,59.520,79.333,88.925,70.150,64.209,67.660,79.981,115.283,73.140,67.108,67.283,66.612,55.091,60.367,70.235,68.907,70.221,51.629,32.893,27.030,55.017,93.677,104.324,59.595,67.405,67.858,16.887,58.382,42.089,75.825,79.428,32.362,48.015,114.615,60.014,18.647,77.910,100.870,19.851,99.367
Albiano,60.642,0.000,29.864,12.599,25.848,50.242,39.066,50.631,63.831,11.423,18.618,33.033,49.169,51.408,68.135,94.885,78.540,56.574,37.993,53.227,54.846,53.303,69.075,20.930,54.507,23.416,33.967,72.994,29.781,83.873,75.435,30.117,73.973,42.671,78.599,44.254,57.358,36.302,41.068,38.993,49.577,34.988,38.777,54.351,13.908,34.006,55.166,49.278,10.038,42.826,45.050,64.492,32.889,58.557,47.111,30.962,61.774,43.853,45.415,32.942,51.271,24.330,42.917,3.906,20.044,38.732,16.590,71.216,52.769,90.695,43.553,39.548,10.794,71.107,23.000,50.848,2.653,39.333,32.693,57.661,72.179,68.983,67.912,95.445,21.349,21.362,58.364,43.569,48.416,57.069,41.296,36.587,29.498,47.435,45.542,73.209,24.594,45.107,84.451,71.353,63.327,13.235,53.911,72.124,72.744,41.078,60.785,37.370,49.383,78.947,64.537,55.385,47.392,35.034,38.354,51.292,51.854,43.014,26.792,55.584,58.723,103.667,46.188,65.631,50.622,18.260,20.290,41.622,51.214,42.956,10.134,66.765,42.270,61.208,19.065,64.912,29.572,28.901,47.107,84.648,68.038,41.713,43.027,21.243,56.482,50.404,15.354,55.966,43.047,58.700,29.694,40.664,45.711,53.913,17.617,73.125,25.353,60.918,28.143,76.904,21.790,39.669,40.199,40.402,37.668,45.293
Aldeno,29.240,29.864,0.000,35.922,14.591,59.068,47.891,34.780,36.175,27.198,34.393,10.662,50.069,47.082,63.808,77.923,74.214,52.247,38.893,62.053,26.104,62.129,64.748,19.368,63.333,21.622,8.958,97.179,38.606,84.772,99.620,54.217,69.647,43.571,74.273,45.154,58.258,60.487,41.968,71.106,58.402,43.814,34.451,63.176,34.607,4.143,56.066,58.104,18.496,51.652,40.723,73.318,41.715,67.382,55.936,39.788,70.600,39.526,39.126,42.134,46.945,33.498,21.982,23.950,29.212,8.869,26.830,66.889,53.669,91.595,14.811,33.900,21.034,50.500,25.727,59.674,26.838,37.218,28.366,66.487,67.853,93.169,76.737,92.873,30.906,31.771,82.549,52.394,19.674,28.327,11.983,7.050,30.398,56.260,46.442,82.034,36.159,69.292,93.276,80.178,59.001,22.406,54.811,67.798,68.417,9.591,56.458,46.195,73.568,103.132,73.362,34.436,56.218,35.933,39.254,21.428,60.679,14.272,36.773,64.410,67.549,108.484,47.088,89.816,46.295,29.666,29.631,50.448,60.039,43.856,34.319,62.438,51.095,85.393,43.250,60.585,38.398,37.726,42.780,67.869,63.712,42.612,43.927,25.335,40.395,24.700,26.132,64.791,67.232,54.374,38.519,41.564,16.969,49.587,12.683,68.798,49.538,32.176,23.816,85.730,30.124,10.904,49.024,71.984,10.486,69.478
Altavalle,67.473,12.599,35.922,0.000,33.703,49.491,38.315,56.917,71.239,13.233,13.609,39.320,57.023,57.695,74.421,101.171,84.827,62.860,45.847,52.476,62.254,52.552,75.361,28.784,53.756,31.271,40.253,64.193,29.030,94.410,66.634,18.525,80.260,50.526,84.886,52.109,65.213,27.500,48.922,30.191,48.826,34.237,45.064,53.599,1.331,40.293,63.021,48.527,19.199,42.075,51.336,63.741,32.138,57.806,46.360,30.211,61.023,50.139,51.701,32.191,57.558,23.364,50.772,14.893,27.898,45.019,9.712,77.502,60.624,87.768,50.961,47.402,14.937,77.393,30.855,50.097,9.936,47.187,38.979,56.910,78.466,60.182,67.161,86.644,19.073,20.611,49.562,42.817,55.825,64.477,48.704,42.873,37.352,46.684,53.396,72.458,19.586,36.306,83.699,70.602,69.613,21.089,61.766,78.411,79.030,48.486,67.071,36.619,40.582,70.146,63.786,61.672,46.641,42.888,46.208,57.578,51.103,50.422,23.907,54.833,57.972,94.866,54.043,56.830,52.731,16.562,28.145,40.871,50.462,50.810,4.607,73.051,41.519,52.407,11.705,71.198,28.821,28.150,53.393,90.934,74.325,49.567,50.881,29.098,62.768,56.690,15.605,55.215,34.246,64.987,28.943,48.518,53.119,60.200,23.903,79.411,17.783,68.326,34.429,76.153,29.645,47.077,39.448,31.601,43.955,36.491
Altopiano della Vigolana,40.886,25.848,14.591,33.703,0.000,59.996,48.819,48.209,49.141,21.504,28.699,16.474,35.678,48.987,65.713,91.098,76.119,54.152,24.502,62.981,39.279,63.057,66.653,4.978,64.261,7.232,17.407,90.879,39.534,70.382,93.320,51.356,71.552,29.180,76.178,30.763,43.867,54.186,27.577,56.877,59.330,44.742,36.356,64.104,35.147,18.535,41.675,59.032,17.385,52.580,42.628,74.246,42.643,68.311,56.864,40.716,71.528,41.431,42.993,43.062,48.850,23.437,19.831,21.003,19.151,23.260,26.690,68.794,39.278,77.204,27.986,19.692,20.894,63.675,11.337,60.602,23.891,22.827,30.271,67.415,69.758,86.868,77.665,78.482,32.916,31.560,76.248,53.322,32.850,41.503,25.107,20.027,16.007,57.188,32.051,82.962,26.799,62.992,94.204,81.106,60.906,12.345,40.420,69.703,70.322,22.715,58.363,47.123,67.267,96.832,74.290,47.612,57.146,21.543,24.863,35.820,61.607,25.919,36.420,65.338,68.477,94.093,32.697,83.516,48.200,27.887,20.271,51.376,60.967,29.465,31.373,64.343,52.023,79.092,37.264,62.490,39.326,38.654,44.685,82.226,65.617,28.222,29.536,10.944,54.060,31.245,24.982,65.719,60.932,56.279,39.447,27.173,28.617,51.492,12.258,70.703,43.238,42.574,25.721,86.658,18.885,24.102,49.952,58.287,21.108,63.177
Amblar-Don,87.954,50.242,59.068,49.491,59.996,0.000,39.644,79.685,92.144,62.023,69.218,62.088,91.330,69.312,66.032,111.780,95.436,74.157,80.154,5.531,83.159,21.715,65.145,63.091,24.006,65.578,63.021,83.162,25.560,124.557,85.603,60.523,60.031,84.833,95.495,86.415,99.520,54.871,83.229,57.251,1.880,35.567,67.831,23.850,48.490,63.731,97.327,17.647,52.595,16.732,62.953,33.991,25.458,28.056,5.804,23.531,31.273,72.907,74.469,37.184,69.175,68.323,74.971,58.774,64.037,68.457,40.705,62.768,94.931,117.916,71.867,79.487,39.778,100.161,66.158,16.562,53.032,81.494,61.747,27.160,63.619,79.151,37.411,116.792,31.304,29.175,79.710,44.147,76.730,85.383,69.610,65.641,71.659,9.712,87.703,42.708,70.984,64.213,53.950,40.852,70.603,57.230,96.072,89.020,61.103,69.391,77.415,18.257,70.729,100.293,34.036,84.440,2.846,77.195,80.515,81.017,4.157,71.327,37.607,7.888,26.412,125.013,88.350,75.799,54.061,33.237,64.455,8.947,3.517,85.117,54.354,83.660,18.542,73.920,61.280,69.018,30.150,27.194,62.074,101.543,66.315,83.874,85.188,63.404,81.774,79.458,35.149,25.465,61.583,75.596,24.429,82.825,74.025,70.092,47.899,90.020,64.310,89.232,57.197,46.403,64.949,67.983,17.330,58.129,66.722,66.639
Andalo,76.777,39.066,47.891,38.315,48.819,39.644,0.000,47.168,80.715,50.593,57.788,50.658,79.901,29.767,45.221,72.236,55.892,34.613,68.724,42.533,65.551,42.609,46.161,51.662,43.813,54.148,51.592,98.456,19.087,114.604,100.897,56.671,51.060,73.403,55.951,74.986,88.090,58.987,71.799,61.366,38.883,4.107,40.151,43.657,37.060,52.302,85.898,38.584,41.166,32.132,23.409,53.798,22.195,47.863,36.417,20.268,51.080,42.975,41.952,6.894,29.630,56.893,63.542,47.345,52.607,57.027,29.275,48.302,83.501,122.032,60.437,68.057,28.348,58.769,54.729,40.154,41.603,70.065,34.451,46.967,49.266,94.446,57.218,120.908,19.875,17.746,83.826,4.603,65.300,52.452,58.180,54.211,60.230,36.741,76.274,62.515,59.554,68.329,73.757,60.659,40.414,45.801,84.643,49.476,49.830,57.961,37.871,26.676,74.845,104.409,53.843,46.181,36.698,65.765,69.086,62.533,41.160,59.898,26.177,44.890,48.029,129.129,76.920,91.093,14.517,21.808,53.026,30.928,40.520,73.688,42.925,44.116,31.576,86.670,49.851,41.998,9.523,13.620,22.530,61.999,45.125,72.444,73.759,51.975,42.230,68.028,23.720,45.272,65.699,36.052,19.985,71.396,62.595,30.547,36.470,50.476,55.929,77.802,36.614,66.210,53.519,56.553,29.505,62.245,55.293,70.755
Arco,27.278,50.631,34.780,56.917,48.209,79.685,47.168,0.000,32.831,51.093,58.288,32.257,80.401,23.036,45.524,47.899,43.947,31.353,69.225,82.440,19.688,82.516,46.465,52.162,83.720,54.648,30.554,120.492,58.994,115.104,122.933,74.824,51.363,73.903,50.132,75.486,88.590,83.799,72.300,86.490,78.790,51.421,15.951,83.564,55.214,35.889,86.398,78.491,41.073,72.039,24.711,80.712,62.102,87.770,76.324,60.175,80.015,10.872,5.779,54.256,18.719,57.393,43.577,47.845,53.107,38.933,47.437,48.605,84.001,121.927,20.214,55.991,41.641,20.476,55.229,80.061,50.733,66.564,19.552,86.874,49.569,116.481,84.149,123.205,52.283,51.019,105.861,42.678,15.397,6.588,23.894,27.972,60.730,76.648,76.774,89.446,60.054,92.605,100.688,87.590,40.717,46.301,85.143,50.552,50.133,25.692,37.763,66.583,96.881,126.445,93.750,4.755,76.605,66.265,69.586,16.669,81.067,22.831,58.150,84.797,87.937,138.816,77.420,113.129,32.762,51.043,53.526,70.835,80.427,74.188,58.214,42.853,71.483,108.706,67.145,42.301,56.837,58.114,29.247,37.846,45.428,72.944,74.259,52.475,5.851,34.479,46.519,85.179,90.545,34.788,58.907,71.896,24.263,33.575,35.671,49.213,73.433,39.739,22.170,93.141,54.019,24.283,69.412,93.361,26.810,92.791
Avio,7.003,63.831,36.175,71.239,49.141,92.144,80.715,32.831,0.000,62.104,69.299,34.208,88.570,53.343,75.832,75.921,71.969,61.660,77.393,95.955,20.034,96.031,76.772,57.869,97.235,60.123,32.505,132.085,72.508,123.273,134.526,90.785,81.671,82.072,78.154,83.655,96.759,102.628,80.468,105.007,92.304,77.715,47.296,97.078,71.174,40.129,94.567,92.006,52.918,85.553,55.019,107.219,75.616,101.284,89.838,73.689,104.502,42.217,37.124,76.035,49.026,68.404,45.528,58.856,64.118,44.855,63.397,78.913,92.170,130.096,22.002,57.942,57.771,48.498,64.228,93.575,61.744,68.515,50.897,100.389,79.877,128.074,110.639,131.373,64.808,65.673,117.455,74.022,17.489,26.326,27.861,29.923,68.899,90.162,84.943,115.936,71.065,104.198,127.178,114.080,71.024,57.312,93.312,78.574,80.441,27.643,68.070,80.097,108.474,138.038,107.264,32.435,90.120,74.434,77.755,30.809,94.581,23.456,70.675,98.312,101.451,146.985,85.589,124.722,64.107,63.568,64.536,84.350,93.941,82.357,69.225,73.160,84.997,120.299,78.156,72.609,72.299,71.628,60.592,65.868,75.736,81.113,82.428,63.486,38.394,35.103,60.033,98.693,109.340,65.096,72.421,80.065,24.887,63.882,47.105,81.325,84.444,40.363,58.239,119.631,65.030,26.234,82.926,105.886,29.335,104.384
Baselga di Pinè,57.088,11.423,27.198,13.233,21.504,62.023,50.593,51.093,62.104,0.000,7.285,32.705,44.852,53.153,69.879,96.629,80.285,58.318,33.676,64.955,56.590,65.031,70.820,16.524,66.235,19.100,33.639,69.465,41.508,79.556,71.906,26.199,75.718,38.355,80.344,39.937,53.042,32.772,36.751,35.463,61.304,46.716,40.522,66.078,14.745,33.350,50.849,61.006,11.299,54.553,46.794,76.220,44.617,70.284,58.838,42.689,73.502,45.597,47.159,45.036,53.016,17.040,38.511,7.415,14.477,38.076,23.126,72.960,48.453,86.378,45.298,35.231,21.895,72.852,18.928,62.575,9.303,35.016,34.437,69.389,73.924,65.454,79.639,91.916,32.682,33.534,54.834,55.296,50.161,58.814,43.041,36.258,25.181,59.162,41.225,84.936,13.262,41.578,96.178,83.080,65.072,9.162,49.594,73.869,74.488,42.822,62.530,49.097,45.854,75.418,76.264,57.130,59.120,30.717,34.037,50.636,63.581,44.758,38.126,67.312,70.451,100.138,41.872,62.102,52.366,29.593,12.388,53.350,62.941,38.639,10.971,68.509,53.997,57.679,15.850,66.656,41.299,40.628,48.851,86.392,69.783,37.396,38.710,16.927,58.226,50.075,26.687,67.693,39.518,60.445,41.421,36.347,47.456,55.658,16.790,74.869,21.824,62.663,29.887,88.631,17.718,41.414,51.926,36.873,37.340,41.764
Bedollo,64.283,18.618,34.393,13.609,28.699,69.218,57.788,58.288,69.299,7.285,0.000,39.929,52.166,60.376,77.103,103.853,87.508,65.542,40.990,72.178,63.814,72.254,78.043,23.838,73.458,26.413,40.862,62.984,48.732,86.870,65.425,19.717,82.941,45.668,87.567,47.251,60.355,26.291,44.065,28.982,68.528,53.939,47.745,73.301,14.929,40.574,58.163,68.229,18.523,61.777,54.018,83.443,51.840,77.508,66.062,49.913,80.725,52.821,54.383,52.259,60.239,11.989,45.825,14.638,16.282,45.299,23.310,80.184,55.766,86.559,52.521,42.545,29.118,80.075,26.241,69.799,11.639,42.330,41.661,76.612,81.148,58.973,86.863,85.435,32.670,40.757,48.353,62.519,57.385,66.037,50.264,43.482,32.495,66.385,48.539,92.160,8.210,35.097,103.401,90.304,72.295,16.476,56.908,81.092,81.712,50.046,69.753,56.321,39.372,68.936,83.488,64.354,66.343,38.031,41.351,57.859,70.805,51.982,37.504,72.231,77.674,93.656,49.185,55.621,59.590,30.159,12.632,60.573,70.164,45.953,14.194,75.733,61.221,51.197,9.368,73.880,48.523,47.852,56.075,93.616,77.007,44.710,46.024,24.240,65.450,57.299,33.911,74.917,33.037,67.668,48.645,43.661,54.679,62.881,24.014,82.093,15.343,69.886,37.111,95.855,25.032,48.637,59.150,30.392,44.563,35.282
Besenello,25.256,33.033,10.662,39.320,16.474,62.088,50.658,32.257,34.208,32.705,39.929,0.000,52.032,50.304,67.030,75.464,71.511,55.469,40.856,65.033,23.645,65.109,67.970,21.331,66.313,23.585,1.773,100.397,41.586,86.735,102.838,57.440,72.869,45.534,77.495,47.117,60.221,63.704,43.931,66.395,61.382,46.793,37.673,66.156,37.829,14.074,58.029,61.084,21.718,54.631,43.945,76.297,44.694,70.362,58.916,42.767,73.580,42.748,36.667,45.113,50.167,36.716,12.886,27.167,32.430,18.800,30.052,70.111,55.632,93.558,12.352,25.300,24.256,48.041,27.690,62.653,30.056,35.873,31.588,69.466,71.075,96.386,79.717,94.836,35.132,33.611,85.766,55.374,17.216,25.869,9.473,4.393,32.361,59.240,48.405,85.014,39.377,72.510,96.256,83.158,62.223,25.623,56.774,71.020,71.639,7.081,59.680,49.175,76.785,106.350,76.342,31.978,59.198,37.896,41.217,26.636,63.659,10.285,40.999,67.390,70.529,110.447,49.051,93.034,49.517,33.892,32.848,53.427,63.019,45.819,37.537,65.660,54.075,88.610,46.468,63.807,41.377,40.706,46.002,65.410,66.934,44.575,45.890,27.298,37.937,18.210,29.111,67.771,70.450,57.596,41.499,43.527,12.983,52.809,15.905,72.020,52.756,26.940,27.038,88.709,33.342,8.469,52.004,67.805,5.474,72.695
Bieno,76.363,49.169,50.069,57.023,35.678,91.330,79.901,80.401,88.570,44.852,52.166,52.032,0.000,81.865,98.591,125.341,108.997,87.030,11.710,93.667,74.791,93.743,99.532,30.774,94.947,28.849,52.919,85.269,70.220,34.723,87.710,54.484,104.430,8.592,109.056,4.930,8.208,48.576,8.561,51.267,90.016,75.428,69.234,94.790,58.187,54.046,6.016,89.718,40.425,83.265,75.506,104.932,73.329,98.996,87.550,71.401,102.214,74.309,75.871,73.748,81.728,46.669,48.487,44.043,42.383,58.772,57.108,101.672,16.824,41.545,63.498,41.027,51.312,101.564,24.989,91.287,46.931,40.812,63.149,98.101,102.636,81.258,108.351,42.823,61.394,62.246,70.638,84.008,68.362,77.014,60.619,55.538,19.708,87.874,9.377,113.648,50.031,57.382,124.890,111.792,93.784,35.577,4.761,102.581,103.200,58.227,91.242,77.809,61.658,59.010,104.976,85.842,87.832,15.617,15.933,71.332,92.293,61.431,66.838,96.024,99.163,58.434,4.049,77.906,81.078,58.305,43.503,82.062,91.653,6.789,54.413,97.221,82.709,73.483,60.496,95.368,70.011,69.340,77.563,115.104,98.495,9.589,10.861,28.602,86.938,59.901,55.399,96.405,55.322,89.157,70.133,13.216,64.128,84.370,45.502,103.581,53.805,78.086,58.599,117.343,35.749,59.614,80.638,52.677,56.620,57.568
Bleggio Superiore,47.843,51.408,47.082,57.695,48.987,69.312,29.767,23.036,53.343,53.153,60.376,50.304,81.865,0.000,23.107,48.555,32.211,8.935,69.861,73.896,40.294,73.972,24.047,52.798,65.445,55.285,50.752,121.129,50.449,115.741,123.570,75.461,28.946,74.540,32.270,76.122,89.226,84.436,72.936,87.127,70.245,35.469,26.343,67.287,55.850,50.792,87.034,69.947,41.709,63.494,6.418,58.295,53.558,61.013,67.779,51.630,57.598,29.168,28.144,38.304,4.340,58.030,62.703,48.481,53.744,51.146,48.073,26.188,84.638,122.563,40.821,67.895,42.277,33.732,55.865,71.516,51.369,71.201,20.644,62.147,27.152,117.118,61.732,123.841,52.919,49.108,106.498,26.725,36.004,27.195,44.500,48.578,61.366,68.103,77.410,67.029,60.691,93.242,78.271,65.173,18.299,46.937,85.779,25.795,27.716,46.298,15.345,58.038,97.517,127.081,70.865,21.144,68.061,66.902,70.222,35.540,72.522,43.438,58.787,76.253,79.392,139.452,78.056,113.765,16.809,51.679,54.162,62.291,71.882,74.824,58.851,20.436,62.938,109.342,67.781,19.884,40.885,44.983,9.953,38.318,23.011,73.581,74.895,53.111,17.193,55.085,47.155,64.234,91.182,12.371,51.348,72.532,44.870,11.883,36.307,26.795,74.070,60.345,22.806,70.724,54.656,44.890,60.867,93.997,47.417,93.427
Bocenago,70.331,68.135,63.808,74.421,65.713,66.032,45.221,45.524,75.832,69.879,77.103,67.030,98.591,23.107,0.000,48.687,32.343,14.295,86.795,69.156,62.905,52.998,2.470,69.732,42.609,72.218,67.686,138.062,64.537,132.674,140.503,92.394,6.110,91.473,32.402,93.056,106.160,101.369,89.870,104.060,65.378,49.557,43.277,44.451,72.784,67.725,103.968,48.973,58.643,53.725,23.239,35.459,66.093,38.177,60.209,65.718,34.762,46.101,45.078,52.392,26.950,74.963,79.636,65.415,70.677,68.079,65.006,3.352,101.571,139.497,63.432,84.828,59.211,55.850,72.799,51.923,68.303,88.135,37.577,39.311,3.218,134.051,38.896,140.775,65.325,63.196,123.431,40.813,58.614,49.806,67.111,70.305,78.300,56.301,94.344,44.193,77.624,110.175,55.435,42.337,4.929,63.871,102.713,25.926,4.880,75.593,8.084,64.255,114.451,144.015,48.030,43.755,63.573,83.835,87.156,58.150,66.663,66.049,71.627,70.393,59.222,156.386,94.990,130.699,30.897,68.613,71.096,61.534,65.527,91.758,75.784,20.567,65.986,126.276,84.715,3.344,54.973,59.070,22.884,38.450,1.357,90.514,91.829,70.045,39.804,77.696,64.089,41.398,108.115,11.761,65.435,89.466,67.480,14.866,53.241,26.927,91.003,82.956,39.740,47.888,71.589,74.184,58.246,110.931,71.387,110.361
Bondone,70.421,94.885,77.923,101.171,91.098,111.780,72.236,47.899,75.921,96.629,103.853,75.464,125.341,48.555,48.687,0.000,16.115,39.207,112.993,114.472,62.942,100.914,49.127,95.930,90.525,98.416,73.808,164.260,91.025,158.873,166.701,118.593,54.026,117.671,22.300,119.254,132.358,127.568,116.068,130.259,110.821,76.045,63.940,92.367,98.982,77.457,130.166,96.889,84.841,104.070,49.437,83.375,94.134,86.093,108.355,92.206,82.678,58.861,53.768,78.880,51.863,101.161,86.832,91.613,96.875,80.501,91.205,51.268,127.769,165.695,63.469,99.245,85.409,27.445,98.997,99.839,94.501,109.819,63.776,87.227,52.232,160.250,86.812,166.973,91.813,89.684,149.630,67.301,58.652,49.843,67.148,71.227,104.498,104.217,120.542,92.109,103.822,136.373,103.350,90.253,43.379,90.069,128.911,22.720,52.796,68.946,40.224,98.614,140.649,170.213,95.945,43.792,108.637,110.034,113.354,58.188,113.098,66.086,98.116,116.829,107.138,182.584,121.188,156.897,57.386,94.811,97.294,102.867,112.458,117.956,101.983,28.476,103.514,152.474,110.913,44.964,81.461,85.559,49.372,10.255,48.091,116.713,118.027,96.243,46.840,77.734,90.287,89.314,134.313,36.582,91.924,115.664,67.518,41.355,79.439,25.471,117.202,82.993,65.938,95.804,97.787,67.538,101.443,137.129,70.065,136.559
Borgo Chiese,66.468,78.540,74.214,84.827,76.119,95.436,55.892,43.947,71.969,80.285,87.508,71.511,108.997,32.211,32.343,16.115,0.000,23.239,97.025,98.504,59.024,84.946,33.159,79.962,74.557,82.449,69.890,148.293,75.057,142.905,150.734,102.625,38.058,101.704,6.333,103.286,116.390,111.600,100.100,114.291,94.854,60.077,53.507,76.399,83.014,77.956,114.198,80.921,68.873,88.103,33.469,67.407,78.166,70.125,92.388,76.239,66.710,54.943,49.850,62.912,35.895,85.194,82.914,75.645,80.908,78.310,75.237,35.300,111.801,149.727,59.551,95.058,69.441,23.526,83.029,83.871,78.533,98.365,47.808,71.259,36.264,144.282,70.844,151.005,75.845,73.716,133.662,51.334,54.734,45.925,63.230,67.308,88.530,88.249,104.574,76.141,87.855,120.406,87.383,74.285,27.412,74.101,112.943,6.752,36.828,65.028,24.256,82.646,124.681,154.245,79.978,39.874,92.669,94.066,97.386,54.269,97.130,62.168,82.148,100.861,91.170,166.616,105.220,140.929,41.418,78.843,81.326,86.899,96.490,101.988,86.015,12.508,87.546,136.506,94.945,28.996,65.493,69.591,33.404,6.126,32.123,100.745,102.059,80.275,42.922,73.815,74.319,73.346,118.346,20.614,75.956,99.696,63.599,25.387,63.471,9.504,101.234,79.075,49.970,79.836,81.820,63.620,85.476,121.161,66.146,120.591
Borgo Lares,56.160,56.574,52.247,62.860,54.152,74.157,34.613,31.353,61.660,58.318,65.542,55.469,87.030,8.935,14.295,39.207,23.239,0.000,75.080,77.684,48.613,66.902,15.115,58.017,56.513,60.503,55.971,126.347,54.238,120.960,128.788,80.679,20.013,79.758,23.338,81.341,94.445,89.655,78.155,92.346,74.034,39.258,31.562,58.355,61.069,56.010,92.253,62.876,46.928,67.283,11.524,49.362,57.346,52.080,71.568,55.419,48.666,34.387,33.363,42.093,12.659,63.248,67.921,53.700,58.962,56.364,53.292,17.256,89.856,127.782,49.140,73.113,47.496,42.050,61.084,65.827,56.588,76.420,25.862,53.214,18.219,122.336,52.800,129.060,55.026,52.897,111.717,30.514,44.323,35.514,52.819,58.591,66.585,71.892,82.629,58.097,65.909,98.460,69.338,56.240,9.367,52.156,90.998,16.863,18.784,54.617,6.413,61.827,102.736,132.300,61.933,29.463,71.849,72.121,75.441,43.858,76.311,51.757,64.005,80.041,73.126,144.671,83.275,118.984,20.598,56.898,59.381,66.079,75.670,80.043,64.069,11.503,66.727,114.561,73.000,10.952,44.674,48.771,12.585,29.386,14.078,78.800,80.114,58.330,25.512,63.404,52.374,55.301,96.400,3.439,55.136,77.751,53.188,4.567,41.526,17.863,79.289,68.664,28.025,61.792,59.874,53.209,64.656,99.216,59.672,98.646
Borgo Valsugana,65.187,37.993,38.893,45.847,24.502,80.154,68.724,69.225,77.393,33.676,40.990,40.856,11.710,69.861,86.795,112.993,97.025,75.080,0.000,82.482,63.606,82.558,88.347,19.590,83.762,17.665,41.734,79.591,59.036,46.371,82.032,48.807,93.246,4.828,97.872,6.752,19.856,42.899,3.225,45.590,78.832,64.243,58.050,83.606,47.002,42.862,17.664,78.533,29.241,72.081,64.322,93.747,62.144,87.812,76.366,60.217,91.029,63.125,64.687,62.563,70.543,35.485,37.303,32.859,31.199,47.588,45.923,90.488,15.637,53.193,52.314,29.843,40.127,90.379,13.805,80.103,35.747,29.628,51.965,86.916,91.452,75.581,97.167,54.471,50.209,51.061,64.961,72.824,57.177,65.830,49.435,44.354,8.524,76.690,8.410,102.464,38.847,51.705,113.706,100.608,82.599,24.392,16.409,91.396,92.016,47.043,80.057,66.625,55.980,70.659,93.792,74.658,76.647,3.970,4.821,60.147,81.109,50.247,55.653,84.839,87.979,70.082,8.686,72.228,69.894,47.121,32.318,70.877,80.469,5.113,43.228,86.037,71.525,67.805,49.311,84.184,58.827,58.156,66.379,103.920,87.311,3.870,5.184,17.418,75.754,48.717,44.215,85.221,49.644,77.972,58.949,4.604,52.944,73.186,34.318,92.397,48.127,66.901,47.415,106.159,24.565,48.430,69.454,47.000,45.436,51.890
Borgo d'Anaunia,90.938,53.227,62.053,52.476,62.981,5.531,42.533,82.440,95.955,64.955,72.178,65.033,93.667,73.896,69.156,114.472,98.504,77.684,82.482,0.000,85.995,24.798,68.227,65.927,27.089,68.414,65.857,80.355,28.396,121.750,82.796,57.717,63.113,87.669,98.331,89.251,102.356,52.064,86.065,54.444,3.599,38.403,70.667,26.932,51.326,66.567,100.163,20.729,55.431,19.251,65.789,37.074,28.294,31.138,7.172,26.367,34.356,75.743,77.305,40.020,72.011,71.159,77.807,61.610,66.873,71.293,43.541,65.850,97.767,115.109,74.703,82.323,42.614,102.997,68.994,19.644,55.868,84.330,64.583,30.243,66.701,76.344,40.493,113.985,34.140,32.011,76.903,46.983,79.566,88.219,72.446,68.477,74.495,12.795,90.539,45.790,73.820,61.406,57.032,43.934,73.685,60.066,98.908,91.856,64.185,72.227,76.841,21.093,67.922,97.486,37.118,87.276,5.682,80.031,83.351,83.852,1.772,74.163,40.443,5.081,21.491,122.206,91.185,72.992,56.897,36.073,67.291,11.783,2.018,87.953,57.190,86.496,21.378,71.113,64.116,72.100,32.986,30.030,64.910,104.379,69.397,86.710,88.024,66.240,84.610,82.294,37.985,28.547,58.776,78.432,27.265,85.661,76.861,72.927,50.735,92.856,61.503,92.068,60.033,49.485,67.785,70.819,20.166,55.322,69.558,63.832
Brentonico,14.336,54.846,26.104,62.254,39.279,83.159,65.551,19.688,20.034,56.590,63.814,23.645,74.791,40.294,62.905,62.942,59.024,48.613,63.606,85.995,0.000,88.426,63.247,43.895,89.630,46.149,21.785,124.480,64.903,109.299,126.921,83.180,68.145,68.098,64.629,69.680,82.785,95.023,66.494,97.403,84.699,70.111,33.771,89.473,63.569,29.410,80.592,84.401,45.313,77.949,41.494,99.615,68.012,93.679,82.233,66.085,96.897,28.692,23.599,68.431,35.501,60.799,34.808,51.251,56.513,34.135,55.792,65.388,78.196,116.121,11.446,47.222,50.166,34.973,50.254,85.971,54.139,57.795,37.372,92.784,66.351,120.470,103.034,117.399,57.203,58.068,109.850,60.497,6.959,12.801,15.125,19.203,54.924,82.557,70.968,108.331,63.460,96.593,119.573,106.475,57.499,49.707,79.337,65.049,66.916,16.923,54.545,72.492,100.869,130.433,99.659,18.910,82.515,60.460,63.780,17.283,86.976,14.063,63.070,90.707,93.846,133.010,71.615,117.117,50.581,55.963,56.932,76.745,86.336,68.382,61.620,59.635,77.392,112.694,70.551,59.084,64.695,64.023,47.067,52.342,62.210,67.139,68.453,55.881,24.869,25.710,52.428,91.088,101.735,51.571,64.816,66.090,15.494,50.357,39.500,67.800,76.839,30.970,39.990,112.027,57.425,15.514,75.321,98.281,18.041,96.779
Bresimo,91.014,53.303,62.129,52.552,63.057,21.715,42.609,82.516,96.031,65.031,72.254,65.109,93.743,73.972,52.998,100.914,84.946,66.902,82.558,24.798,88.426,0.000,52.133,65.882,10.995,68.369,65.812,101.369,26.505,128.825,103.810,70.892,47.020,87.624,85.065,89.207,102.311,73.208,86.020,75.587,21.080,38.358,70.623,10.839,51.281,66.522,100.119,4.156,55.386,10.519,65.744,20.980,22.887,15.045,15.911,24.291,18.262,75.698,77.260,39.976,71.966,71.114,77.763,61.566,66.828,71.248,43.496,49.757,97.722,136.253,74.658,82.278,42.569,102.952,68.950,5.303,55.824,84.285,64.538,14.149,50.608,97.359,24.400,135.129,34.096,31.967,98.047,46.938,79.521,88.174,72.401,68.432,74.450,12.003,90.495,29.697,73.775,82.550,40.939,27.841,57.592,60.021,98.864,78.589,48.092,72.182,60.747,21.048,89.066,118.630,21.025,87.231,19.275,79.986,83.306,83.808,22.365,74.118,40.398,26.095,11.797,143.350,91.141,94.006,56.852,36.029,67.246,17.815,21.229,87.909,57.145,73.230,22.780,92.127,64.071,56.007,32.942,29.986,64.865,91.113,53.304,86.665,87.979,66.196,84.565,82.249,37.941,12.454,79.920,64.424,27.221,85.617,76.816,67.529,50.691,79.590,70.150,92.023,59.988,33.392,67.740,70.774,15.040,76.466,69.514,84.976
Caderzone Terme,71.272,69.075,64.748,75.361,66.653,65.145,46.161,46.465,76.772,70.820,78.043,67.970,99.532,24.047,2.470,49.127,33.159,15.115,88.347,68.227,63.247,52.133,0.000,70.534,41.764,73.021,68.488,138.865,65.339,133.477,141.306,93.197,5.265,92.276,33.204,93.858,106.962,102.172,90.672,104.863,64.533,50.359,44.079,43.606,73.586,68.528,104.770,48.128,59.445,52.881,24.041,34.614,65.249,37.332,59.364,66.520,33.917,46.904,45.880,53.194,27.753,75.766,80.439,66.217,71.480,68.882,65.809,2.507,102.373,140.299,64.234,85.631,60.013,56.652,73.601,51.078,69.105,88.937,38.380,38.466,3.471,134.854,38.051,141.577,66.127,63.998,124.234,41.615,59.417,50.608,67.913,71.108,79.102,55.456,95.146,43.348,78.427,110.978,54.590,41.492,5.731,64.673,103.515,26.729,4.035,76.395,8.886,63.410,115.253,144.817,47.185,44.557,62.728,84.638,87.958,58.953,65.818,66.851,72.430,69.548,58.377,157.188,95.792,131.501,31.699,69.415,71.898,60.689,64.682,92.560,76.587,21.369,65.142,127.078,85.517,4.146,55.775,59.873,23.686,39.252,1.183,91.317,92.631,70.847,40.606,78.498,64.891,40.553,108.918,12.563,66.238,90.268,68.283,15.669,54.043,27.729,91.806,83.758,40.542,47.043,72.392,74.986,57.401,111.733,72.189,111.163
Calceranica al Lago,45.663,20.930,19.368,28.784,4.978,63.091,51.662,52.162,57.869,16.524,23.838,21.331,30.774,52.798,69.732,95.930,79.962,58.017,19.590,65.927,43.895,65.882,70.534,0.000,66.929,2.318,22.208,85.901,42.202,65.468,88.342,46.378,76.412,24.267,81.038,25.849,38.953,49.209,22.663,51.900,61.999,47.410,41.216,66.772,30.169,23.336,36.761,61.700,12.408,55.248,47.489,76.914,45.311,70.979,59.533,43.384,74.196,46.292,47.854,45.730,53.710,18.460,20.610,16.026,14.174,28.061,29.090,73.655,34.364,72.290,32.787,18.128,23.294,68.476,6.423,63.270,18.914,17.913,35.132,70.083,74.618,81.891,80.334,73.568,33.376,34.228,71.271,55.990,37.651,46.303,29.908,24.828,11.093,59.856,27.137,85.631,21.822,58.014,96.872,83.775,65.766,7.367,35.506,74.563,75.183,27.516,63.224,49.792,62.290,91.854,76.959,52.413,59.814,16.629,19.949,40.621,64.276,30.720,38.820,68.006,71.145,89.179,27.783,78.538,53.061,30.287,15.293,54.044,63.635,24.551,26.395,69.204,54.692,74.115,32.286,67.351,41.994,41.323,49.546,87.087,70.477,23.308,24.622,6.030,58.921,32.023,27.382,68.388,55.954,61.139,42.115,22.259,33.418,56.352,17.484,75.563,38.260,47.375,30.581,89.326,13.907,28.903,52.621,53.310,25.909,58.200
Caldes,92.218,54.507,63.333,53.756,64.261,24.006,43.813,83.720,97.235,66.235,73.458,66.313,94.947,65.445,42.609,90.525,74.557,56.513,83.762,27.089,89.630,10.995,41.764,66.929,0.000,69.573,67.016,103.665,27.708,130.029,106.106,72.096,36.702,88.828,74.746,90.410,103.515,74.411,87.224,76.791,23.376,39.562,71.827,1.901,52.485,67.726,101.322,6.970,56.590,11.723,66.948,10.662,24.091,4.727,18.206,25.495,7.944,76.902,78.464,41.179,73.170,72.318,78.967,62.769,68.032,72.452,44.700,39.439,98.926,137.456,75.862,83.482,43.773,98.195,70.153,9.920,57.028,85.489,65.742,3.831,40.290,99.654,14.082,136.332,35.299,33.170,99.251,48.142,80.725,89.378,73.605,69.636,75.654,14.298,91.698,19.379,74.979,83.754,30.620,17.523,47.273,61.225,100.067,68.271,37.773,73.386,50.429,22.252,90.270,119.834,10.707,88.435,21.570,81.190,84.510,85.012,24.660,75.322,41.602,28.390,17.219,144.554,92.345,96.301,58.056,37.232,68.450,19.531,23.524,89.112,58.349,62.912,23.984,94.422,65.275,45.689,34.146,31.190,66.069,80.795,42.985,87.869,89.183,67.400,85.769,83.453,39.144,1.987,81.124,54.105,28.425,86.820,78.020,57.211,51.895,69.272,71.353,93.227,61.192,23.074,68.944,71.978,16.244,77.670,70.717,86.180
Caldonazzo,47.917,23.416,21.622,31.271,7.232,65.578,54.148,54.648,60.123,19.100,26.413,23.585,28.849,55.285,72.218,98.416,82.449,60.503,17.665,68.414,46.149,68.369,73.021,2.318,69.573,0.000,24.488,88.560,44.669,63.419,91.001,48.845,78.879,22.218,83.505,23.801,36.905,51.867,20.614,54.558,64.465,49.876,43.683,69.239,32.636,25.615,34.713,64.167,14.874,57.714,49.955,79.380,47.777,73.445,61.999,45.850,76.663,48.758,50.320,48.196,56.177,21.118,20.346,18.492,16.832,30.341,31.557,76.121,32.316,70.242,35.067,15.819,25.761,70.756,4.374,65.736,21.380,15.604,37.598,72.549,77.085,84.549,82.800,71.520,35.843,36.694,73.929,58.457,39.930,48.583,32.188,27.107,9.045,62.323,25.089,88.097,24.480,60.673,99.339,86.241,68.233,10.026,33.458,77.030,77.649,29.796,65.690,52.258,64.948,87.707,79.425,54.692,62.281,14.580,17.901,42.901,66.742,33.000,41.286,70.473,73.612,87.131,25.735,81.197,55.527,32.754,17.952,56.510,66.102,22.503,28.862,71.670,57.158,76.773,34.944,69.817,44.460,43.789,52.012,89.553,72.944,21.259,22.574,4.321,61.387,31.760,29.848,70.854,58.613,63.606,44.582,20.211,35.697,58.819,19.951,78.030,40.919,49.655,33.048,91.792,14.268,31.183,55.087,55.968,28.189,60.858
Calliano,23.702,33.967,8.958,40.253,17.407,63.021,51.592,30.554,32.505,33.639,40.862,1.773,52.919,50.752,67.686,73.808,69.890,55.971,41.734,65.857,21.785,65.812,68.488,22.208,67.016,24.488,0.000,101.176,42.365,87.514,103.617,58.218,73.648,46.313,75.873,47.896,61.000,64.483,44.709,67.174,62.161,47.572,38.452,66.935,38.608,12.301,58.808,61.862,22.497,55.410,44.724,77.076,45.473,71.141,59.695,43.546,74.358,39.936,34.843,45.892,50.946,37.495,13.238,27.946,33.209,17.027,30.830,70.890,56.411,94.336,10.528,25.651,25.035,46.217,28.469,63.432,30.834,36.225,32.367,70.245,71.854,97.165,80.496,95.614,35.911,34.390,86.545,56.153,15.392,24.045,7.700,2.620,33.139,60.019,49.184,85.793,40.156,73.289,97.035,83.937,63.001,26.402,57.553,71.799,72.418,5.308,60.459,49.954,77.564,107.128,77.121,30.154,59.976,38.675,41.995,24.863,64.438,8.629,41.778,68.168,71.308,111.226,49.830,93.813,50.296,34.671,33.627,54.206,63.798,46.598,38.316,66.439,54.854,89.389,47.246,64.586,42.156,41.485,46.781,63.587,67.713,45.354,46.668,28.076,36.113,16.554,29.890,68.550,71.229,58.375,42.278,44.306,11.326,53.588,16.684,72.799,53.535,25.284,27.817,89.488,34.121,6.622,52.783,68.584,3.818,73.474
Campitello di Fassa / Ciampedel,127.069,72.994,97.179,64.193,90.879,83.162,98.456,120.492,132.085,69.465,62.984,100.397,85.269,121.129,138.062,164.260,148.293,126.347,79.591,80.355,124.480,101.369,138.865,85.901,103.665,88.560,101.176,0.000,89.117,78.435,2.495,48.354,144.285,76.995,148.911,80.504,93.608,39.338,78.116,36.644,81.843,94.325,109.089,103.720,65.356,104.318,91.416,97.517,79.633,97.813,115.361,113.862,92.226,107.926,85.674,90.299,111.144,114.164,115.726,92.279,121.583,74.197,108.034,75.327,78.490,109.044,73.737,141.527,90.525,71.794,114.986,104.753,78.962,141.418,88.450,96.432,70.370,104.538,103.004,107.031,142.491,4.058,117.281,70.670,78.581,80.980,15.910,102.905,119.850,128.502,112.729,106.898,87.923,89.583,83.298,122.578,70.418,29.668,133.820,120.722,133.639,78.684,90.161,142.436,143.055,112.511,131.096,96.707,24.150,54.171,113.906,125.697,83.927,83.168,80.314,121.603,79.453,114.447,71.734,75.332,102.328,78.891,79.099,7.390,112.819,78.068,74.841,90.027,80.521,78.803,62.942,137.076,99.622,11.810,53.958,135.223,88.909,88.238,117.418,154.959,138.350,75.733,75.384,86.449,126.793,120.715,79.630,105.335,32.298,129.012,89.031,77.596,117.144,124.225,85.989,143.436,47.675,132.351,98.454,126.274,87.240,111.102,99.536,38.655,107.980,27.993
Campodenno,67.492,29.781,38.606,29.030,39.534,25.560,19.087,58.994,72.508,41.508,48.732,41.586,70.220,50.449,64.537,91.025,75.057,54.238,59.036,28.396,64.903,26.505,65.339,42.202,27.708,44.669,42.365,89.117,0.000,105.290,91.583,47.357,63.753,64.089,74.751,65.672,78.776,49.673,62.485,52.052,24.635,14.823,47.088,27.572,27.746,42.988,76.584,22.499,31.852,16.047,42.210,37.713,3.637,31.778,22.169,3.806,34.995,52.163,53.725,16.441,48.431,47.579,54.228,38.031,43.293,47.713,19.961,67.103,74.187,112.718,51.123,58.743,19.034,79.417,45.415,24.069,32.289,60.751,41.003,30.882,68.066,85.132,41.133,111.594,10.561,8.432,74.512,23.403,55.986,64.639,48.866,44.897,50.916,22.454,66.960,46.430,50.240,59.015,57.671,44.574,59.214,36.487,75.329,68.276,64.825,48.647,56.672,12.428,65.531,95.095,37.758,63.696,22.451,56.451,59.772,60.273,26.912,50.584,16.863,30.643,31.944,119.815,67.606,81.779,33.317,12.494,43.712,16.681,26.272,64.374,33.611,62.917,17.328,77.356,40.537,60.799,9.407,4.724,41.331,80.800,63.925,63.130,64.445,42.661,61.031,58.714,14.406,29.187,56.385,54.852,7.037,62.082,53.281,49.348,27.156,69.276,46.615,68.488,36.453,50.125,44.205,47.239,11.465,52.931,45.979,61.441
Canal San Bovo,111.067,83.873,84.772,94.410,70.382,124.557,114.604,115.104,123.273,79.556,86.870,86.735,34.723,115.741,132.674,158.873,142.905,120.960,46.371,121.750,109.299,128.825,133.477,65.468,130.029,63.419,87.514,78.435,105.290,0.000,80.625,78.422,139.118,43.280,143.744,39.619,32.241,69.405,43.250,66.711,122.648,110.116,103.922,129.478,95.423,88.735,31.527,124.406,75.114,117.954,110.195,139.620,108.017,133.685,122.239,106.090,136.902,108.998,110.560,108.436,116.416,81.358,83.176,78.732,77.071,93.460,91.796,136.361,43.800,6.822,98.186,75.715,86.000,136.252,59.677,125.976,81.620,75.501,97.838,132.789,137.324,74.173,143.040,8.100,96.082,96.934,63.553,118.696,103.050,111.703,95.307,90.227,54.397,122.562,44.066,148.337,84.720,59.735,159.578,146.481,128.472,70.265,30.056,137.269,137.889,92.915,125.930,112.498,54.120,24.288,139.665,120.530,122.520,50.305,50.622,106.020,120.258,96.119,101.801,116.136,133.851,23.711,38.737,70.821,115.767,92.993,78.191,116.750,121.325,41.478,93.009,131.910,117.398,66.398,84.025,130.057,104.700,104.029,112.252,149.793,133.183,44.277,45.550,63.291,121.627,94.589,90.088,131.094,62.365,123.845,104.822,47.904,98.817,119.058,80.190,138.270,77.742,112.774,93.288,152.032,70.437,94.302,115.327,68.722,91.308,58.060
Canazei / Cianacei,129.510,75.435,99.620,66.634,93.320,85.603,100.897,122.933,134.526,71.906,65.425,102.838,87.710,123.570,140.503,166.701,150.734,128.788,82.032,82.796,126.921,103.810,141.306,88.342,106.106,91.001,103.617,2.495,91.583,80.625,0.000,50.795,146.726,79.436,151.352,82.945,96.049,41.779,80.557,39.085,84.284,96.766,111.530,106.161,67.797,106.759,93.857,99.958,82.074,100.254,117.802,116.303,94.667,110.367,88.115,92.740,113.585,116.605,118.167,94.720,124.024,76.638,110.475,77.768,80.931,111.485,76.178,143.968,92.966,74.235,117.427,107.194,81.403,143.859,90.891,98.873,72.811,106.979,105.445,109.472,144.932,6.499,119.722,73.111,81.022,83.421,18.351,105.346,122.291,130.943,115.170,109.339,90.364,92.024,85.739,125.019,72.859,32.108,136.261,123.163,136.080,81.125,92.602,144.877,145.496,114.952,133.537,99.148,26.591,56.612,116.347,128.138,86.368,85.609,82.755,124.044,81.894,116.888,74.175,77.773,104.769,81.332,81.540,9.831,115.260,80.509,77.282,92.468,82.962,81.244,65.383,139.517,102.063,14.251,56.399,137.664,91.350,90.679,119.859,157.400,140.791,78.174,77.825,88.890,129.234,123.156,82.071,107.776,34.739,131.453,91.472,80.037,119.585,126.666,88.430,145.877,50.116,134.792,100.895,128.715,89.681,113.543,101.977,41.096,110.421,30.434
Capriana,85.768,30.117,54.217,18.525,51.356,60.523,56.671,74.824,90.785,26.199,19.717,57.440,54.484,75.461,92.394,118.593,102.625,80.679,48.807,57.717,83.180,70.892,93.197,46.378,72.096,48.845,58.218,48.354,47.357,78.422,50.795,0.000,98.589,46.082,103.215,49.591,62.695,11.633,47.203,14.324,58.812,52.566,63.393,71.928,19.660,58.622,60.503,66.856,36.732,60.404,69.665,82.070,50.467,76.135,64.689,48.540,79.352,68.468,70.030,50.520,75.887,30.902,68.304,32.426,35.196,63.347,28.041,95.831,59.612,71.901,69.290,64.935,33.266,95.722,48.387,68.426,27.468,64.720,57.308,75.239,96.795,44.315,85.490,70.777,37.401,38.940,33.695,61.146,74.154,82.806,67.033,61.202,54.885,65.012,52.385,90.787,27.124,20.439,102.028,88.931,87.942,38.622,59.248,96.740,97.359,66.815,85.400,54.948,24.715,54.279,82.115,80.001,60.896,52.255,49.401,75.907,56.422,68.751,28.437,52.300,76.301,78.999,48.186,40.963,71.060,34.891,31.546,59.200,57.490,47.890,19.447,91.380,59.848,36.540,10.463,89.527,47.150,46.479,71.722,109.263,92.654,44.820,44.471,46.630,81.097,75.019,33.933,73.544,18.379,83.315,47.272,46.683,71.448,78.529,42.232,97.740,13.839,86.655,52.758,94.482,47.178,65.406,57.777,15.734,62.283,20.625
Carisolo,76.170,73.973,69.647,80.260,71.552,60.031,51.060,51.363,81.671,75.718,82.941,72.869,104.430,28.946,6.110,54.026,38.058,20.013,93.246,63.113,68.145,47.020,5.265,76.412,36.702,78.879,73.648,144.285,63.753,139.118,146.726,98.589,0.000,97.274,38.203,98.857,111.961,107.171,95.671,109.862,59.426,55.358,49.078,38.499,78.585,73.526,109.769,43.021,64.444,47.773,29.040,29.507,60.142,32.225,54.257,61.546,28.810,51.903,50.879,58.193,32.752,80.764,85.437,71.216,76.478,73.880,70.808,2.895,107.372,145.298,69.233,90.629,65.012,61.651,78.600,45.971,74.104,93.936,43.378,33.359,3.746,139.852,32.944,146.576,71.126,68.997,129.233,46.614,64.415,55.607,72.912,76.107,84.101,50.349,100.145,38.241,83.425,115.976,49.483,36.385,10.730,69.672,108.514,31.728,1.230,81.394,13.885,58.303,120.252,149.816,42.078,49.556,57.621,89.637,92.957,63.951,60.711,71.850,77.429,64.441,53.270,162.187,100.791,136.500,36.698,74.414,76.897,55.582,59.575,97.559,81.585,26.368,60.035,132.077,90.516,9.145,60.774,64.871,28.685,44.251,6.442,96.316,97.630,75.846,45.605,83.497,69.890,35.446,113.916,17.562,64.475,95.267,73.281,20.667,59.042,32.728,96.805,88.757,45.541,41.936,77.390,79.985,52.294,116.732,77.188,116.162
Carzano,69.866,42.671,43.571,50.526,29.180,84.833,73.403,73.903,82.072,38.355,45.668,45.534,8.592,74.540,91.473,117.671,101.704,79.758,4.828,87.669,68.098,87.624,92.276,24.267,88.828,22.218,46.313,76.995,64.089,43.280,79.436,46.082,97.274,0.000,102.526,3.761,16.865,40.236,2.657,42.928,83.486,68.897,62.704,88.260,51.657,47.516,14.673,83.188,33.895,76.735,68.976,98.401,66.798,92.466,81.020,64.871,95.684,67.779,69.341,67.217,75.198,40.139,41.957,37.513,35.853,52.242,50.578,95.142,14.309,50.202,56.968,34.497,44.782,95.033,18.459,84.757,40.401,34.282,56.619,91.571,96.106,72.918,101.821,51.480,54.864,55.715,62.299,77.478,61.831,70.484,54.089,49.008,13.178,81.344,6.862,107.118,43.501,49.042,118.360,105.262,87.254,29.047,13.418,96.051,96.670,51.697,84.711,71.279,53.318,67.667,98.446,79.312,81.302,8.624,7.593,64.802,85.763,54.901,60.307,89.494,92.633,67.091,5.695,69.566,74.548,51.775,36.973,75.532,85.123,2.060,47.883,90.691,76.179,65.143,51.748,88.838,63.481,62.810,71.033,108.574,91.965,1.249,2.522,22.072,80.408,53.371,48.869,89.875,46.982,82.627,63.603,4.876,57.598,77.840,38.972,97.051,45.465,71.556,52.069,110.813,29.219,53.084,74.108,44.337,50.090,49.228
Castel Condino,72.653,78.599,74.273,84.886,76.178,95.495,55.951,50.132,78.154,80.344,87.567,77.495,109.056,32.270,32.402,22.300,6.333,23.338,97.872,98.331,64.629,85.065,33.204,81.038,74.746,83.505,75.873,148.911,74.751,143.744,151.352,103.215,38.203,102.526,0.000,103.315,116.419,111.628,100.128,114.319,94.882,60.106,53.536,76.428,83.043,77.984,114.227,80.949,68.901,88.131,33.498,67.435,78.194,70.153,92.416,76.267,66.739,56.360,55.337,62.941,35.923,85.222,89.895,75.674,80.936,78.338,75.265,35.329,111.830,149.756,65.832,95.087,69.469,29.807,83.058,83.900,78.562,98.394,47.836,71.287,36.292,144.310,70.873,151.033,75.874,73.745,133.690,51.362,61.014,52.205,69.511,73.589,88.559,88.277,104.603,76.169,87.883,120.434,87.411,74.313,27.440,74.130,112.972,6.781,36.857,71.309,24.284,82.675,124.710,154.274,80.006,46.155,92.697,94.094,97.415,60.550,97.159,68.449,82.177,100.889,91.199,166.645,105.249,140.958,41.446,78.872,81.355,86.927,96.519,102.017,86.043,12.536,87.575,136.535,94.974,29.024,65.522,69.620,33.433,12.407,32.151,100.773,102.088,80.304,49.203,80.096,74.348,73.374,118.374,20.643,75.985,99.725,69.880,25.415,63.499,9.532,101.262,85.356,49.999,79.865,81.848,69.900,85.504,121.190,72.427,120.619
Castel Ivano,71.448,44.254,45.154,52.109,30.763,86.415,74.986,75.486,83.655,39.937,47.251,47.117,4.930,76.122,93.056,119.254,103.286,81.341,6.752,89.251,69.680,89.207,93.858,25.849,90.410,23.801,47.896,80.504,65.672,39.619,82.945,49.591,98.857,3.761,103.315,0.000,13.104,43.646,3.631,46.337,85.086,70.497,64.304,89.860,53.257,49.116,10.912,84.787,35.495,78.335,70.576,100.001,68.398,94.066,82.620,66.471,97.284,69.379,70.941,68.817,76.798,41.739,43.557,39.113,37.453,53.842,52.178,96.742,11.894,46.441,58.568,36.097,46.382,96.633,20.059,86.357,42.001,35.882,58.219,93.170,97.706,76.328,103.421,47.719,56.464,57.315,65.708,79.078,63.431,72.084,55.689,50.608,14.778,82.944,4.447,108.718,45.101,52.452,119.960,106.862,88.854,30.646,9.657,97.651,98.270,53.297,86.311,72.879,56.727,63.906,100.046,80.912,82.901,10.687,11.003,66.401,87.363,56.501,61.907,91.094,94.233,63.330,1.934,72.976,76.148,53.375,38.573,77.131,86.723,1.859,49.483,92.291,77.779,68.552,55.565,90.438,65.081,64.410,72.633,110.174,93.565,4.659,5.931,23.672,82.008,54.971,50.469,91.475,50.392,84.227,65.203,8.285,59.198,79.440,40.572,98.651,48.875,73.155,53.669,112.413,30.819,54.684,75.708,47.747,51.690,52.637
Castello Tesino,84.552,57.358,58.258,65.213,43.867,99.520,88.090,88.590,96.759,53.042,60.355,60.221,8.208,89.226,106.160,132.358,116.390,94.445,19.856,102.356,82.785,102.311,106.962,38.953,103.515,36.905,61.000,93.608,78.776,32.241,96.049,62.695,111.961,16.865,116.419,13.104,0.000,56.426,16.411,59.117,97.866,83.277,77.084,102.640,66.037,61.896,4.538,97.567,48.275,91.115,83.356,112.781,81.178,106.846,95.400,79.251,110.064,82.159,83.721,81.597,89.578,54.519,56.337,51.893,50.233,66.622,64.958,109.522,11.559,39.064,71.348,48.877,59.162,109.413,32.839,99.137,54.781,48.662,70.999,105.950,110.486,89.108,116.201,40.341,69.244,70.095,78.488,91.858,76.211,84.864,68.469,63.388,27.558,95.724,17.227,121.498,57.881,65.232,132.740,119.642,101.634,43.426,3.161,110.431,111.050,66.077,99.091,85.659,69.507,56.529,112.826,93.692,95.681,23.467,23.783,79.181,100.143,69.281,74.687,103.873,107.013,55.953,11.899,85.756,88.928,66.155,51.353,89.911,99.503,14.639,62.263,105.071,90.559,81.332,68.345,103.218,77.861,77.190,85.413,122.954,106.345,17.439,18.711,36.452,94.788,67.751,63.249,104.255,63.172,97.007,77.983,21.065,71.978,92.220,53.352,111.431,61.655,85.935,66.449,125.193,43.599,67.464,88.488,60.527,64.470,65.417
Castello-Molina di Fiemme,97.611,36.302,60.487,27.500,54.186,54.871,58.987,83.799,102.628,32.772,26.291,63.704,48.576,84.436,101.369,127.568,111.600,89.655,42.899,52.064,95.023,73.208,102.172,49.209,74.411,51.867,64.483,39.338,49.673,69.405,41.779,11.633,107.171,40.236,111.628,43.646,56.426,0.000,41.385,2.691,53.144,54.888,71.534,74.250,27.802,66.763,54.685,69.178,42.079,62.726,77.807,84.392,52.789,78.457,56.975,50.862,81.674,76.610,78.172,52.842,84.028,36.643,70.479,37.772,40.936,71.489,36.183,103.973,53.794,62.849,77.432,67.199,41.407,103.864,50.895,70.748,32.815,66.984,65.450,77.561,104.936,35.263,87.812,61.725,39.144,41.543,24.643,63.468,82.295,90.948,75.175,69.344,51.192,60.883,46.566,93.109,32.864,9.654,104.350,91.253,96.084,41.130,53.430,104.881,105.501,74.956,93.542,57.270,15.663,45.227,84.437,88.142,55.227,46.437,43.583,84.049,50.753,76.893,32.297,46.632,73.628,69.947,42.368,31.911,73.382,38.631,37.286,61.522,51.821,42.072,25.387,99.522,62.170,27.488,16.403,97.669,49.472,48.801,79.864,117.405,100.795,39.001,38.652,48.894,89.239,83.161,42.593,75.866,7.023,91.457,49.593,40.865,79.590,86.670,48.435,105.881,10.120,94.797,60.899,96.804,49.686,73.548,60.099,4.101,70.425,11.654
Castelnuovo,68.262,41.068,41.968,48.922,27.577,83.229,71.799,72.300,80.468,36.751,44.065,43.931,8.561,72.936,89.870,116.068,100.100,78.155,3.225,86.065,66.494,86.020,90.672,22.663,87.224,20.614,44.709,78.116,62.485,43.250,80.557,47.203,95.671,2.657,100.128,3.631,16.411,41.385,0.000,44.115,81.693,67.104,60.911,86.467,49.863,45.723,14.562,81.394,32.102,74.942,67.183,96.608,65.005,90.673,79.227,63.078,93.890,65.986,67.548,65.424,73.405,38.346,40.164,35.720,34.060,50.449,48.784,93.349,12.535,50.091,55.175,32.704,42.988,93.240,16.666,82.964,38.608,32.489,54.826,89.777,94.313,74.106,100.028,51.369,53.071,53.922,63.486,75.685,60.038,68.691,52.296,47.215,11.385,79.551,5.308,105.325,41.708,50.230,116.567,103.469,85.460,27.253,13.307,94.258,94.877,49.904,82.918,69.486,54.505,67.556,96.653,77.519,79.508,7.294,7.647,63.008,83.970,53.108,58.514,87.700,90.840,66.980,5.584,70.753,72.755,49.982,35.179,73.738,83.330,2.011,46.089,88.898,74.386,66.330,52.172,87.045,61.688,61.017,69.240,106.781,90.172,2.395,3.709,20.279,78.615,51.578,47.076,88.082,48.170,80.833,61.810,6.063,55.805,76.047,37.179,95.258,46.652,69.762,50.276,109.020,27.426,51.291,72.315,45.525,48.297,50.415
Cavalese,99.991,38.993,71.106,30.191,56.877,57.251,61.366,86.490,105.007,35.463,28.982,66.395,51.267,87.127,104.060,130.259,114.291,92.346,45.590,54.444,97.403,75.587,104.863,51.900,76.791,54.558,67.174,36.644,52.052,66.711,39.085,14.324,109.862,42.928,114.319,46.337,59.117,2.691,44.115,0.000,55.526,57.271,73.778,76.633,30.046,69.007,56.106,71.561,44.323,65.108,80.051,86.775,55.172,80.839,59.357,53.244,84.057,78.854,80.415,55.225,86.272,38.887,72.723,40.016,43.180,73.733,38.427,106.217,55.214,60.158,79.676,69.443,43.651,106.108,53.139,73.130,35.059,69.228,67.694,79.944,107.180,32.572,90.194,59.034,41.527,43.926,21.952,65.851,84.539,93.192,77.419,71.588,52.613,63.266,47.987,95.491,35.108,6.962,106.733,93.635,98.328,43.374,54.851,107.125,107.745,77.200,95.786,59.652,12.972,42.536,86.819,90.386,57.610,47.858,45.003,86.293,53.136,79.137,34.680,49.015,76.011,67.256,43.789,29.220,75.765,41.014,39.530,63.905,54.204,43.493,27.631,101.766,64.552,24.797,18.647,99.913,51.855,51.183,82.108,119.649,103.039,40.422,40.073,51.138,91.483,85.405,44.319,78.248,4.332,93.701,51.976,42.286,81.834,88.914,50.679,108.125,12.364,97.041,63.143,99.186,51.930,75.792,62.481,2.154,72.669,8.963
Cavareno,87.288,49.577,58.402,48.826,59.330,1.880,38.883,78.790,92.304,61.304,68.528,61.382,90.016,70.245,65.378,110.821,94.854,74.034,78.832,3.599,84.699,21.080,64.533,61.999,23.376,64.465,62.161,81.843,24.635,122.648,84.284,58.812,59.426,83.486,94.882,85.086,97.866,53.144,81.693,55.526,0.000,34.924,67.189,23.207,47.848,63.089,96.685,17.004,51.953,16.090,62.311,33.349,24.816,27.414,5.162,22.889,30.631,72.264,73.826,36.542,68.532,67.680,74.329,58.132,63.394,67.815,40.062,62.126,94.288,116.035,71.224,78.845,39.135,99.519,65.516,15.919,52.390,80.852,61.105,26.518,62.977,77.271,36.769,114.911,30.662,28.533,77.830,43.505,76.088,84.740,68.967,64.998,71.017,9.070,87.061,42.066,70.341,62.333,53.307,40.210,69.960,56.588,95.430,88.378,60.460,68.749,76.773,17.615,68.849,98.413,33.394,83.797,2.204,76.553,79.873,80.374,2.277,70.685,36.965,6.007,24.532,123.133,87.707,73.918,53.418,32.595,63.813,8.304,1.637,84.475,53.712,83.018,17.899,72.039,60.638,68.376,29.508,26.552,61.432,100.901,65.672,83.232,84.546,62.762,81.132,78.816,34.507,24.823,59.703,74.953,23.787,82.183,73.382,69.449,47.257,89.378,62.429,88.589,56.554,45.761,64.306,67.340,16.688,56.249,66.080,64.759
Cavedago,72.699,34.988,43.814,34.237,44.742,35.567,4.107,51.421,77.715,46.716,53.939,46.793,75.428,35.469,49.557,76.045,60.077,39.258,64.243,38.403,70.111,38.358,50.359,47.410,39.562,49.876,47.572,94.325,14.823,110.116,96.766,52.566,55.358,68.897,60.106,70.497,83.277,54.888,67.104,57.271,34.924,0.000,44.129,39.550,32.954,48.195,81.791,34.478,37.059,28.025,27.387,49.691,18.089,43.756,32.310,16.161,46.974,46.953,45.929,4.742,33.608,52.787,59.435,43.238,48.500,52.921,25.168,52.280,79.394,117.925,56.330,63.951,24.242,62.746,50.622,36.047,37.496,65.958,38.429,42.861,53.244,90.339,53.111,116.801,15.768,13.639,79.719,8.580,61.194,56.430,54.073,50.105,56.123,32.634,72.167,58.408,55.448,64.222,69.650,56.552,44.391,41.694,80.536,53.453,53.808,53.855,41.849,22.569,70.738,100.303,49.736,50.159,32.592,61.659,64.979,65.480,37.053,55.791,22.071,40.784,43.923,125.023,72.813,86.987,18.494,17.701,48.919,26.822,36.413,69.581,38.818,48.094,27.469,82.563,45.744,45.976,5.416,9.514,26.508,65.977,49.103,68.338,69.652,47.868,46.208,63.922,19.613,41.165,61.592,40.029,15.879,67.289,58.488,34.525,32.363,54.454,51.822,73.695,40.592,62.103,49.412,52.446,25.398,58.138,51.186,66.648
Cavedine,41.795,38.777,34.451,45.064,36.356,67.831,40.151,15.951,47.296,40.522,47.745,37.673,69.234,26.343,43.277,63.940,53.507,31.562,58.050,70.667,33.771,70.623,44.079,41.216,71.827,43.683,38.452,109.089,47.088,103.922,111.530,63.393,49.078,62.704,53.536,64.304,77.084,71.534,60.911,73.778,67.189,44.129,0.000,71.580,43.230,38.371,74.414,66.508,29.089,60.055,20.020,81.721,50.118,75.786,64.340,48.191,79.004,5.079,10.751,47.086,26.241,45.410,50.082,35.861,41.124,33.578,35.453,46.186,72.017,109.943,34.788,55.274,29.657,36.354,43.245,68.077,38.749,58.581,6.074,74.891,47.150,104.498,85.141,111.221,40.299,39.036,93.878,35.508,29.971,21.162,38.467,40.752,48.746,64.664,64.790,90.438,48.071,80.622,101.680,88.582,38.297,34.317,73.159,47.094,47.714,40.265,35.755,54.599,84.897,114.461,81.766,20.632,64.622,54.282,57.602,31.243,69.083,37.405,46.166,72.814,75.953,126.832,65.436,101.145,25.592,39.059,41.542,58.852,68.443,62.204,46.231,41.735,59.499,96.722,55.161,39.882,46.801,46.130,22.077,53.723,43.009,60.961,62.275,40.491,21.728,49.052,34.535,73.195,78.562,33.670,46.923,59.912,38.836,28.883,23.687,48.095,61.450,54.312,10.186,94.133,42.036,38.857,57.428,81.377,41.833,80.807
Cavizzana,92.062,54.351,63.176,53.599,64.104,23.850,43.657,83.564,97.078,66.078,73.301,66.156,94.790,67.287,44.451,92.367,76.399,58.355,83.606,26.932,89.473,10.839,43.606,66.772,1.901,69.239,66.935,103.720,27.572,129.478,106.161,71.928,38.499,88.260,76.428,89.860,102.640,74.250,86.467,76.633,23.207,39.550,71.580,0.000,52.328,67.570,101.166,6.813,56.434,11.566,66.792,12.433,23.934,6.498,18.050,25.338,9.715,76.745,78.307,41.023,73.013,72.161,78.810,62.613,67.875,72.295,44.543,41.210,98.769,137.300,75.705,83.326,43.616,99.966,69.997,9.764,56.871,85.333,65.585,5.602,42.061,99.497,15.853,136.176,35.143,33.014,99.094,47.985,80.568,89.221,73.448,69.479,75.498,14.141,91.542,21.150,74.822,83.597,32.392,19.294,49.045,61.069,99.911,70.043,39.545,73.230,52.200,22.096,90.113,119.677,12.478,88.278,21.413,81.033,84.354,84.855,24.503,75.166,41.446,28.234,17.063,144.397,92.188,96.145,57.899,37.076,68.294,19.375,23.367,88.956,58.193,64.683,23.827,94.265,65.119,47.460,33.989,31.033,65.913,82.566,44.757,87.712,89.027,67.243,85.613,83.296,38.988,3.907,80.967,55.877,28.268,86.664,77.863,58.982,51.738,71.043,71.197,93.070,61.035,24.845,68.787,71.821,16.087,77.513,70.561,86.023
Cembra Lisignago,66.158,13.908,34.607,1.331,35.147,48.490,37.060,55.214,71.174,14.745,14.929,37.829,58.187,55.850,72.784,98.982,83.014,61.069,47.002,51.326,63.569,51.281,73.586,30.169,52.485,32.636,38.608,65.356,27.746,95.423,67.797,19.660,78.585,51.657,83.043,53.257,66.037,27.802,49.863,30.046,47.848,32.954,43.230,52.328,0.000,38.964,64.280,47.198,20.459,40.746,50.007,62.412,30.809,56.477,45.031,28.882,59.694,48.810,50.372,30.862,56.229,24.624,50.875,16.152,29.158,43.690,8.383,76.173,61.883,88.856,49.632,48.662,13.608,76.064,32.114,48.768,11.195,48.447,37.650,55.581,77.137,61.270,65.832,87.732,17.744,19.282,50.650,41.489,54.496,63.149,47.376,41.544,38.612,45.355,54.656,71.129,20.845,37.394,82.371,69.273,68.285,22.349,63.025,77.082,77.701,47.157,65.742,35.290,41.669,71.233,62.457,60.343,45.312,44.148,47.468,56.249,49.774,49.093,22.578,53.504,56.644,95.953,55.302,57.918,51.402,15.233,29.404,39.542,49.134,52.070,5.867,71.722,40.190,53.494,12.793,69.869,27.492,26.821,52.064,89.605,72.996,50.827,52.141,30.357,61.439,55.361,14.276,53.886,35.334,63.658,27.614,49.778,51.791,58.871,22.574,78.082,18.871,66.998,33.100,74.824,30.905,45.749,38.119,32.689,42.626,37.579
Cimone,32.543,34.006,4.143,40.293,18.535,63.731,52.302,35.889,40.129,33.350,40.574,14.074,54.046,50.792,67.725,77.457,77.956,56.010,42.862,66.567,29.410,66.522,68.528,23.336,67.726,25.615,12.301,104.318,42.988,88.735,106.759,58.622,73.526,47.516,77.984,49.116,61.896,66.763,45.723,69.007,63.089,48.195,38.371,67.570,38.964,0.000,60.209,62.247,22.639,55.794,44.866,77.461,45.858,71.525,60.079,43.930,74.743,43.483,40.393,46.277,51.088,37.641,25.284,28.093,33.355,4.800,30.972,71.032,57.812,95.738,18.113,38.042,25.177,49.809,29.870,63.816,30.981,41.361,32.509,70.630,71.996,97.311,80.880,97.015,35.049,35.914,86.692,56.537,22.977,27.889,15.285,10.352,34.541,60.403,50.585,86.177,40.302,73.435,97.419,84.321,63.143,26.549,58.954,71.941,72.560,12.893,60.601,50.338,77.711,107.275,77.505,33.746,60.361,40.076,43.397,19.271,64.822,17.574,40.916,68.553,71.692,112.627,51.231,93.959,50.438,33.809,33.774,54.591,64.182,47.999,38.462,66.581,55.238,89.536,47.393,64.728,42.540,41.869,46.923,67.179,67.855,46.755,48.070,29.478,39.705,28.003,30.274,68.934,71.375,58.517,42.662,45.707,20.271,53.730,16.826,72.941,53.681,35.478,27.959,89.872,34.267,14.206,53.167,76.127,13.789,73.621
Cinte Tesino,82.360,55.166,56.066,63.021,41.675,97.327,85.898,86.398,94.567,50.849,58.163,58.029,6.016,87.034,103.968,130.166,114.198,92.253,17.664,100.163,80.592,100.119,104.770,36.761,101.322,34.713,58.808,91.416,76.584,31.527,93.857,60.503,109.769,14.673,114.227,10.912,4.538,54.685,14.562,56.106,96.685,81.791,74.414,101.166,64.280,60.209,0.000,95.699,46.407,89.247,81.488,110.913,79.310,104.978,93.532,77.383,108.196,80.291,81.853,79.729,87.710,52.651,54.469,50.025,48.365,64.754,63.089,107.654,15.879,38.349,69.480,47.009,57.294,107.545,30.971,97.269,52.913,46.794,69.131,104.082,108.618,87.240,114.333,39.627,67.376,68.227,76.620,89.990,74.343,82.996,66.601,61.520,25.690,93.856,15.359,119.630,56.013,63.364,130.872,117.774,99.766,41.558,1.503,108.563,109.182,64.209,97.223,83.791,67.639,55.815,110.958,91.824,93.813,21.599,21.915,77.313,98.275,67.413,72.819,102.005,105.145,55.238,10.031,83.888,87.060,64.287,49.484,88.043,97.635,12.771,60.395,103.203,88.691,79.464,66.477,101.350,75.993,75.322,83.545,121.086,104.477,15.571,16.843,34.584,92.920,65.883,61.381,102.387,61.304,95.139,76.115,19.197,70.110,90.352,51.484,109.563,59.787,84.067,64.581,123.325,41.731,65.596,86.620,58.659,62.602,63.549
Cis,86.989,49.278,58.104,48.527,59.032,17.647,38.584,78.491,92.006,61.006,68.229,61.084,89.718,69.947,48.973,96.889,80.921,62.876,78.533,20.729,84.401,4.156,48.128,61.700,6.970,64.167,61.862,97.517,22.499,124.406,99.958,66.856,43.021,83.188,80.949,84.787,97.567,69.178,81.394,71.561,17.004,34.478,66.508,6.813,47.198,62.247,95.699,0.000,51.361,6.494,61.719,16.955,18.862,11.020,11.843,20.266,14.237,71.673,73.235,35.950,67.941,67.089,73.738,57.540,62.803,67.223,39.471,45.732,93.697,132.227,70.633,78.253,38.544,98.927,64.924,3.081,51.799,80.260,60.513,10.124,46.583,93.290,20.375,131.103,30.070,27.941,94.022,42.913,75.496,84.149,68.376,64.407,70.425,7.934,86.469,25.672,69.750,78.525,36.913,23.816,53.566,55.996,94.838,74.564,44.066,68.157,56.722,17.023,85.041,114.605,17.000,83.206,15.206,75.961,79.281,79.783,18.296,70.093,36.373,22.027,10.380,139.325,87.116,89.938,52.827,32.003,63.221,14.302,17.160,83.883,53.120,69.205,18.755,88.058,60.046,51.982,28.917,25.961,60.840,87.088,49.279,82.640,83.954,62.171,80.540,78.224,33.915,8.429,75.895,60.399,23.196,81.591,72.791,63.504,46.666,75.565,66.124,87.998,55.963,29.367,63.715,66.749,11.015,72.441,65.488,80.951
Civezzano,47.902,10.038,18.496,19.199,17.385,52.595,41.166,41.073,52.918,11.299,18.523,21.718,40.425,41.709,58.643,84.841,68.873,46.928,29.241,55.431,45.313,55.386,59.445,12.408,56.590,14.874,22.497,79.633,31.852,75.114,82.074,36.732,64.444,33.895,68.901,35.495,48.275,42.079,32.102,44.323,51.953,37.059,29.089,56.434,20.459,22.639,46.407,51.361,0.000,44.627,36.066,66.293,34.690,60.358,48.912,32.763,63.575,34.869,36.431,35.109,42.288,17.931,34.686,6.594,13.645,27.502,18.469,62.232,44.539,82.464,34.570,31.317,12.673,62.124,15.766,52.649,9.482,31.102,23.709,59.462,63.196,75.813,69.713,83.742,22.756,23.607,65.193,45.370,39.433,48.086,32.313,25.604,21.267,49.236,37.311,75.010,20.592,51.936,86.252,73.154,54.344,6.838,45.680,63.141,63.760,32.094,51.801,39.171,56.212,85.776,66.338,46.402,49.193,26.803,30.123,40.062,53.655,34.030,28.199,57.385,60.525,99.353,37.957,72.460,41.638,19.667,14.063,43.423,53.015,34.725,16.963,57.781,44.071,68.037,25.894,55.928,31.373,30.702,38.123,75.664,59.055,33.482,34.796,13.012,47.498,39.421,16.761,57.767,49.876,49.717,31.495,32.433,36.728,44.930,6.135,64.141,32.182,51.935,19.159,78.705,14.557,30.686,42.000,47.232,26.685,52.122
Cles,80.537,42.826,51.652,42.075,52.580,16.732,32.132,72.039,85.553,54.553,61.777,54.631,83.265,63.494,53.725,104.070,88.103,67.283,72.081,19.251,77.949,10.519,52.881,55.248,11.723,57.714,55.410,97.813,16.047,117.954,100.254,60.404,47.773,76.735,88.131,78.335,91.115,62.726,74.942,65.108,16.090,28.025,60.055,11.566,40.746,55.794,89.247,6.494,44.627,0.000,55.226,21.739,12.441,15.804,10.388,13.845,19.021,65.179,66.741,29.457,61.447,60.595,67.244,51.047,56.309,60.729,32.977,50.516,87.203,125.734,64.139,71.760,32.050,92.434,58.431,8.095,45.305,73.767,54.019,14.908,51.367,93.034,25.159,124.610,23.577,21.448,87.528,36.420,69.003,77.655,61.882,57.913,63.932,6.479,79.976,30.455,63.256,72.031,41.697,28.599,58.350,49.503,88.345,81.292,48.850,61.664,61.506,10.530,78.547,108.111,21.783,76.712,13.579,69.467,72.788,73.289,18.040,63.600,29.880,21.771,15.970,132.831,80.622,89.682,46.333,25.510,56.728,7.809,17.400,77.390,46.627,75.933,12.261,90.372,53.553,56.766,22.423,19.467,54.347,93.816,54.062,76.146,77.461,55.677,74.047,71.730,27.422,13.212,69.401,67.868,16.702,75.098,66.297,62.364,40.172,82.293,59.631,81.504,49.469,34.151,57.221,60.255,4.594,65.947,58.995,74.457
Comano Terme,49.518,45.050,40.723,51.336,42.628,62.953,23.409,24.711,55.019,46.794,54.018,43.945,75.506,6.418,23.239,49.437,33.469,11.524,64.322,65.789,41.494,65.744,24.041,47.489,66.948,49.955,44.724,115.361,42.210,110.195,117.802,69.665,29.040,68.976,33.498,70.576,83.356,77.807,67.183,80.051,62.311,27.387,20.020,66.792,50.007,44.866,81.488,61.719,36.066,55.226,0.000,58.273,47.252,60.991,61.474,45.325,57.576,22.863,21.839,31.999,6.243,51.725,56.397,42.176,47.438,44.840,41.768,26.166,78.332,116.258,42.471,61.589,35.972,35.381,49.560,65.211,45.064,64.896,14.339,62.125,27.130,110.813,61.710,117.536,46.614,42.803,100.193,20.420,37.653,28.845,52.572,47.067,55.061,61.798,71.105,67.007,54.386,86.937,78.248,65.151,18.277,40.632,79.474,27.075,27.694,52.354,15.735,51.733,91.212,120.776,70.843,22.794,61.756,60.597,63.917,37.189,66.217,45.088,52.481,69.948,73.087,133.147,71.751,107.460,10.504,45.374,47.857,55.985,65.577,68.519,52.546,21.715,56.633,103.037,61.476,19.862,34.580,38.678,3.585,39.598,22.989,67.276,68.590,46.806,18.843,60.884,40.850,64.212,84.876,13.650,45.043,66.227,46.519,8.864,30.002,28.075,67.765,61.995,16.501,70.702,48.351,50.945,54.562,87.692,48.148,87.122
Commezzadura,102.203,64.492,73.318,63.741,74.246,33.991,53.798,80.712,107.219,76.220,83.443,76.297,104.932,58.295,35.459,83.375,67.407,49.362,93.747,37.074,99.615,20.980,34.614,76.914,10.662,79.380,77.076,113.862,37.713,139.620,116.303,82.070,29.507,98.401,67.435,100.001,112.781,84.392,96.608,86.775,33.349,49.691,81.721,12.433,62.412,77.461,110.913,16.955,66.293,21.739,58.273,0.000,34.072,6.155,28.187,35.476,3.171,86.883,80.219,51.160,62.091,82.299,88.948,72.750,78.013,82.433,54.681,32.235,108.907,147.437,85.843,93.463,53.754,90.991,80.134,19.901,67.009,95.470,75.723,7.289,33.086,109.635,3.437,146.313,45.280,43.151,109.232,58.123,90.706,84.946,83.586,79.617,85.635,24.279,101.679,8.734,84.960,93.735,19.976,6.878,40.069,71.206,110.048,61.067,30.569,83.367,43.225,32.233,100.251,129.815,16.008,78.896,31.551,91.171,94.491,94.993,34.641,85.303,51.583,38.371,27.200,154.535,102.326,106.282,68.037,47.213,78.431,29.512,33.505,99.093,68.330,55.708,33.965,104.403,75.256,38.485,44.127,41.171,58.024,73.591,35.781,97.850,99.164,77.380,74.944,93.434,49.125,9.376,91.105,46.901,38.405,96.801,88.001,50.007,61.876,62.067,81.334,103.208,71.173,12.429,78.925,81.959,26.225,87.651,80.698,96.161
Contà,70.600,32.889,41.715,32.138,42.643,25.458,22.195,62.102,75.616,44.617,51.840,44.694,73.329,53.558,66.093,94.134,78.166,57.346,62.144,28.294,68.012,22.887,65.249,45.311,24.091,47.777,45.473,92.226,3.637,108.017,94.667,50.467,60.142,66.798,78.194,68.398,81.178,52.789,65.005,55.172,24.816,18.089,50.118,23.934,30.809,45.858,79.310,18.862,34.690,12.441,47.252,34.072,0.000,28.160,21.708,1.941,31.377,55.123,56.685,19.401,51.391,50.539,57.188,40.991,46.253,50.673,22.921,62.872,77.147,115.678,54.083,61.703,21.994,82.377,48.375,20.451,35.249,63.711,43.963,27.264,63.723,88.092,37.515,114.554,13.521,11.392,77.472,26.363,58.946,67.599,51.826,47.857,53.876,18.836,69.920,42.812,53.200,61.975,54.054,40.956,62.174,39.447,78.289,71.236,61.207,51.608,59.632,12.395,68.491,98.055,34.140,66.656,21.989,59.411,62.732,63.233,26.451,53.544,19.824,30.181,28.327,122.775,70.566,84.739,36.277,15.454,46.672,16.219,25.811,67.334,36.571,65.877,17.295,80.316,43.497,63.759,12.367,8.361,44.291,83.760,66.885,66.090,67.405,45.621,63.991,61.674,17.366,25.569,59.345,57.812,7.034,65.042,56.241,52.308,30.116,72.237,49.575,71.448,39.413,46.507,47.165,50.199,7.847,55.891,48.939,64.401
Croviana,96.268,58.557,67.382,57.806,68.311,28.056,47.863,87.770,101.284,70.284,77.508,70.362,98.996,61.013,38.177,86.093,70.125,52.080,87.812,31.138,93.679,15.045,37.332,70.979,4.727,73.445,71.141,107.926,31.778,133.685,110.367,76.135,32.225,92.466,70.153,94.066,106.846,78.457,90.673,80.839,27.414,43.756,75.786,6.498,56.477,71.525,104.978,11.020,60.358,15.804,60.991,6.155,28.160,0.000,22.322,29.610,3.410,81.017,82.579,45.295,64.761,76.433,83.082,66.885,72.147,76.567,48.815,34.905,103.041,141.572,79.977,87.598,47.888,93.660,74.269,14.036,61.143,89.605,69.857,1.134,35.756,103.769,9.548,140.448,39.415,37.286,103.366,52.257,84.840,93.493,77.720,73.751,79.770,18.413,95.814,14.845,79.094,87.869,26.086,12.988,42.739,65.341,104.183,63.737,33.239,77.502,45.895,26.368,94.385,123.949,9.853,81.565,25.685,85.305,88.626,89.127,28.775,79.438,45.718,32.506,21.335,148.669,96.460,100.417,62.171,41.348,72.566,23.647,27.639,93.228,62.465,58.378,28.099,98.537,69.391,41.155,38.261,35.305,60.694,76.261,38.451,91.984,93.299,71.515,77.614,87.568,43.260,2.848,85.239,49.571,32.540,90.936,82.135,52.677,56.010,64.737,75.469,97.342,65.307,18.540,73.059,76.093,20.359,81.785,74.833,90.295
Dambel,84.822,47.111,55.936,46.360,56.864,5.804,36.417,76.324,89.838,58.838,66.062,58.916,87.550,67.779,60.209,108.355,92.388,71.568,76.366,7.172,82.233,15.911,59.364,59.533,18.206,61.999,59.695,85.674,22.169,122.239,88.115,64.689,54.257,81.020,92.416,82.620,95.400,56.975,79.227,59.357,5.162,32.310,64.340,18.050,45.031,60.079,93.532,11.843,48.912,10.388,61.474,28.187,21.708,22.322,0.000,20.073,25.469,69.449,71.011,33.726,65.717,64.865,71.513,55.316,60.579,64.999,37.247,56.964,91.472,120.212,68.408,76.029,36.320,96.703,62.700,10.758,49.574,78.036,58.289,21.356,57.815,81.447,31.607,119.088,27.846,25.717,82.006,40.689,73.272,81.925,66.152,62.183,68.201,3.908,84.245,36.904,67.526,66.509,48.146,35.048,64.799,53.772,92.614,85.562,55.299,65.933,67.954,14.799,73.025,102.589,28.232,80.981,3.364,73.737,77.057,77.558,6.454,67.869,34.149,10.184,17.843,127.309,84.891,78.095,50.603,29.779,60.997,5.489,5.318,81.659,50.896,80.202,15.084,76.216,57.822,63.214,26.692,23.736,58.616,98.085,60.511,80.416,81.730,59.946,78.316,76.000,31.691,19.661,63.879,72.138,20.971,79.367,70.567,66.633,44.441,86.562,63.900,85.774,53.739,40.599,61.491,64.525,13.872,60.425,63.264,68.935
Denno,68.673,30.962,39.788,30.211,40.716,23.531,20.268,60.175,73.689,42.689,49.913,42.767,71.401,51.630,65.718,92.206,76.239,55.419,60.217,26.367,66.085,24.291,66.520,43.384,25.495,45.850,43.546,90.299,3.806,106.090,92.740,48.540,61.546,64.871,76.267,66.471,79.251,50.862,63.078,53.244,22.889,16.161,48.191,25.338,28.882,43.930,77.383,20.266,32.763,13.845,45.325,35.476,1.941,29.610,20.073,0.000,32.782,53.196,54.758,17.474,49.464,48.612,55.261,39.064,44.326,48.746,20.994,64.276,75.220,113.751,52.156,59.776,20.067,80.450,46.448,21.855,33.322,61.783,42.036,28.668,65.127,86.165,38.919,112.627,11.594,9.465,75.545,24.436,57.019,65.672,49.899,45.930,51.949,20.240,67.993,44.216,51.273,60.048,55.458,42.360,60.247,37.520,76.362,69.309,62.611,49.680,57.705,10.468,66.564,96.128,35.544,64.729,20.490,57.484,60.805,61.306,24.952,51.616,17.896,28.682,29.731,120.848,68.639,82.812,34.350,13.527,44.744,14.720,24.312,65.407,34.643,63.950,15.368,78.389,41.570,61.832,10.440,7.484,42.364,81.833,64.958,64.163,65.477,43.694,62.063,59.747,15.439,26.973,57.418,55.885,5.106,63.115,54.314,50.381,28.189,70.309,47.648,69.521,37.486,47.911,45.238,48.272,9.251,53.964,47.012,62.474
Dimaro Folgarida,99.485,61.774,70.600,61.023,71.528,31.273,51.080,80.015,104.502,73.502,80.725,73.580,102.214,57.598,34.762,82.678,66.710,48.666,91.029,34.356,96.897,18.262,33.917,74.196,7.944,76.663,74.358,111.144,34.995,136.902,113.585,79.352,28.810,95.684,66.739,97.284,110.064,81.674,93.890,84.057,30.631,46.974,79.004,9.715,59.694,74.743,108.196,14.237,63.575,19.021,57.576,3.171,31.377,3.410,25.469,32.782,0.000,84.142,79.522,48.420,61.395,79.558,86.207,70.010,75.272,79.692,51.940,31.538,106.166,144.697,83.102,90.723,51.013,90.294,77.394,17.161,64.268,92.730,72.983,4.549,32.389,106.894,6.627,143.573,42.540,40.411,106.491,55.383,87.966,84.250,80.845,76.876,82.895,21.539,98.939,11.924,82.219,90.994,23.165,10.068,39.373,68.466,107.308,60.371,29.873,80.627,42.528,29.493,97.510,127.074,13.267,78.199,28.810,88.431,91.751,92.252,31.900,82.563,48.843,35.631,24.460,151.794,99.585,103.542,65.296,44.473,75.691,26.772,30.764,96.353,65.590,55.011,31.224,101.663,72.516,37.788,41.386,38.430,57.328,72.894,35.085,95.110,96.424,74.640,74.248,90.694,46.385,6.636,88.364,46.205,35.665,94.061,85.260,49.310,59.135,61.371,78.594,100.467,68.432,15.619,76.184,79.218,23.484,84.910,77.958,93.420
Drena,36.717,43.853,39.526,50.139,41.431,72.907,42.975,10.872,42.217,45.597,52.821,42.748,74.309,29.168,46.101,58.861,54.943,34.387,63.125,75.743,28.692,75.698,46.904,46.292,76.902,48.758,39.936,114.164,52.163,108.998,116.605,68.468,51.903,67.779,56.360,69.379,82.159,76.610,65.986,78.854,72.264,46.953,5.079,76.745,48.810,43.483,80.291,71.673,34.869,65.179,22.863,86.883,55.123,81.017,69.449,53.196,84.142,0.000,5.672,49.861,29.016,50.485,53.072,40.937,46.199,38.653,40.528,48.961,77.093,115.018,29.709,60.350,34.732,31.275,48.321,73.153,43.825,63.656,11.149,79.966,49.925,109.573,90.217,116.296,45.375,44.111,98.953,38.283,24.892,16.083,33.388,37.466,53.821,69.739,69.866,95.514,53.146,85.697,106.755,93.658,41.072,39.392,78.235,49.869,50.489,35.186,38.530,59.675,89.972,119.537,86.842,15.553,69.697,59.357,62.677,26.164,74.159,32.326,51.242,77.889,81.028,131.908,70.512,106.221,28.367,44.135,46.617,63.927,73.518,67.280,51.306,44.510,64.575,101.797,60.237,42.657,51.877,51.206,24.852,48.644,45.784,66.036,67.350,45.567,16.650,43.973,39.611,78.271,83.637,36.445,51.998,64.988,33.758,31.658,28.762,50.870,66.525,49.233,15.262,99.209,47.111,33.778,62.504,86.453,36.305,85.882
Dro,31.624,45.415,39.126,51.701,42.993,74.469,41.952,5.779,37.124,47.159,54.383,36.667,75.871,28.144,45.078,53.768,49.850,33.363,64.687,77.305,23.599,77.260,45.880,47.854,78.464,50.320,34.843,115.726,53.725,110.560,118.167,70.030,50.879,69.341,55.337,70.941,83.721,78.172,67.548,80.415,73.826,45.929,10.751,78.307,50.372,40.393,81.853,73.235,36.431,66.741,21.839,80.219,56.685,82.579,71.011,54.758,79.522,5.672,0.000,48.969,24.325,52.107,47.879,42.558,47.820,44.352,42.150,48.069,78.714,116.640,24.516,60.293,36.354,26.082,49.942,74.774,45.446,65.278,14.265,81.587,49.033,111.195,83.613,117.918,46.996,45.732,100.575,37.391,19.699,10.890,28.195,32.274,55.443,71.361,71.487,88.910,54.767,87.318,100.151,87.054,40.180,41.014,79.856,48.977,49.597,29.994,37.638,61.296,91.594,121.158,88.463,10.361,71.318,60.979,64.299,20.971,75.780,27.133,52.863,79.511,82.650,133.529,72.133,107.842,27.475,45.756,48.239,65.548,75.140,68.901,52.928,43.618,66.196,103.419,61.858,41.765,51.550,52.827,23.960,43.452,44.892,67.658,68.972,47.188,11.457,38.781,41.232,79.892,85.258,35.553,53.620,66.609,28.565,30.767,30.384,49.978,68.147,44.040,16.883,92.605,48.732,28.585,64.125,88.074,31.112,87.504
Fai della Paganella,71.019,32.942,42.134,32.191,43.062,37.184,6.894,54.256,76.035,45.036,52.259,45.113,73.748,38.304,52.392,78.880,62.912,42.093,62.563,40.020,68.431,39.976,53.194,45.730,41.179,48.196,45.892,92.279,16.441,108.436,94.720,50.520,58.193,67.217,62.941,68.817,81.597,52.842,65.424,55.225,36.542,4.742,47.086,41.023,30.862,46.277,79.729,35.950,35.109,29.457,31.999,51.160,19.401,45.295,33.726,17.474,48.420,49.861,48.969,0.000,36.458,50.746,57.395,41.198,46.460,50.880,23.083,55.130,77.354,115.840,54.290,61.911,22.157,65.596,48.582,37.977,35.411,63.918,41.279,44.790,56.094,88.254,55.040,114.716,13.683,11.554,77.634,11.431,59.153,59.280,52.033,48.064,54.083,34.563,70.127,60.337,53.407,62.137,71.579,58.481,47.241,39.654,78.496,56.304,56.658,51.815,44.699,24.498,68.653,98.218,51.665,53.009,34.521,59.618,62.939,63.440,38.982,53.751,19.986,42.713,45.852,122.938,70.773,84.902,21.344,15.616,46.879,28.751,38.342,67.541,36.733,50.944,29.398,80.478,43.659,48.826,7.680,11.777,29.358,68.827,51.953,66.297,67.612,45.828,49.058,61.881,17.528,43.094,59.507,42.879,16.822,65.249,56.448,37.375,30.323,57.304,49.737,71.655,39.620,64.033,47.372,50.406,27.327,56.053,49.146,64.563
Fiavè,43.526,51.271,46.945,57.558,48.850,69.175,29.630,18.719,49.026,53.016,60.239,50.167,81.728,4.340,26.950,51.863,35.895,12.659,70.543,72.011,35.501,71.966,27.753,53.710,73.170,56.177,50.946,121.583,48.431,116.416,124.024,75.887,32.752,75.198,35.923,76.798,89.578,84.028,73.405,86.272,68.532,33.608,26.241,73.013,56.229,51.088,87.710,67.941,42.288,61.447,6.243,62.091,51.391,64.761,65.717,49.464,61.395,29.016,24.325,36.458,0.000,57.882,62.555,48.334,53.596,50.998,47.925,29.911,84.490,122.416,36.506,67.747,42.129,29.417,55.718,71.369,51.222,71.054,20.496,65.870,30.875,116.970,65.455,123.693,52.772,48.961,106.350,26.578,31.689,22.880,40.185,44.264,61.219,67.955,77.263,70.752,60.543,93.094,81.994,68.896,22.023,46.790,85.632,29.518,31.439,41.983,19.069,57.891,97.370,126.934,74.589,16.829,67.913,66.754,70.075,31.225,72.375,39.123,58.639,76.105,79.244,139.305,77.909,113.618,16.662,51.532,54.014,62.143,71.734,74.677,58.703,24.159,62.791,109.195,67.634,23.607,40.737,44.835,9.805,42.042,26.734,73.433,74.748,52.964,12.878,50.771,47.008,67.957,91.034,16.094,51.200,72.385,40.555,15.134,36.159,30.519,73.922,56.030,22.659,74.447,54.508,40.575,60.720,93.850,43.102,93.279
Fierozzo / Vlarotz,63.388,24.330,33.498,23.364,23.437,68.323,56.893,57.393,68.404,17.040,11.989,36.716,46.669,58.030,74.963,101.161,85.194,63.248,35.485,71.159,60.799,71.114,75.766,18.460,72.318,21.118,37.495,74.197,47.579,81.358,76.638,30.902,80.764,40.139,85.222,41.739,54.519,36.643,38.346,38.887,67.680,52.787,45.410,72.161,24.624,37.641,52.651,67.089,17.931,60.595,51.725,82.299,50.539,76.433,64.865,48.612,79.558,50.485,52.107,50.746,57.882,0.000,40.422,20.309,4.293,43.731,34.051,78.616,50.363,88.289,50.953,37.142,28.255,78.507,20.838,68.231,22.197,36.927,40.093,75.044,79.579,70.158,85.295,89.567,38.337,39.189,59.538,60.951,55.817,64.469,48.696,41.914,27.092,64.817,43.136,90.592,4.467,46.282,101.833,88.736,70.727,11.075,51.505,79.524,80.144,48.478,68.185,54.753,50.557,80.121,81.920,62.785,64.775,32.628,35.948,56.291,69.237,50.414,43.781,72.967,76.106,104.841,43.782,66.806,58.022,35.248,5.398,59.005,68.596,40.550,25.379,74.165,59.653,62.382,20.553,72.312,46.955,46.284,54.507,92.048,75.438,39.307,40.621,18.837,63.882,51.836,32.343,73.349,44.222,66.100,47.077,38.258,53.111,61.313,22.445,80.525,26.528,68.318,35.543,94.287,13.176,47.069,57.582,41.577,42.995,46.467
Folgaria,36.452,42.917,21.982,50.772,19.831,74.971,63.542,43.577,45.528,38.511,45.825,12.886,48.487,62.703,79.636,86.832,82.914,67.921,37.303,77.807,34.808,77.763,80.439,20.610,78.967,20.346,13.238,108.034,54.228,83.176,110.475,68.304,85.437,41.957,89.895,43.557,56.337,70.479,40.164,72.723,74.329,59.435,50.082,78.810,50.875,25.284,54.469,73.738,34.686,67.244,56.397,88.948,57.188,83.082,71.513,55.261,86.207,53.072,47.879,57.395,62.555,40.422,0.000,36.666,34.814,30.103,42.701,82.761,52.306,90.231,23.425,12.852,36.905,59.114,24.364,75.303,39.554,23.426,44.238,82.116,83.724,102.531,92.366,91.509,47.781,46.261,91.911,68.023,28.288,36.941,20.777,15.696,29.034,71.889,45.078,97.663,42.462,78.655,108.905,95.807,74.872,28.008,53.448,83.669,84.289,18.385,72.330,61.824,82.930,107.697,88.991,43.050,71.847,34.570,37.890,37.940,76.308,21.358,53.648,80.039,83.178,107.121,45.725,99.179,62.166,46.541,35.934,66.077,75.668,42.493,47.035,78.310,66.724,94.755,52.926,76.456,54.027,53.355,58.652,76.483,79.583,41.249,42.563,24.311,49.009,11.735,41.761,80.420,76.595,70.245,54.148,40.201,24.055,65.458,28.554,84.669,58.901,37.124,39.687,101.359,34.257,19.541,64.653,73.950,16.547,78.840
Fornace,53.839,3.906,23.950,14.893,21.003,58.774,47.345,47.845,58.856,7.415,14.638,27.167,44.043,48.481,65.415,91.613,75.645,53.700,32.859,61.610,51.251,61.566,66.217,16.026,62.769,18.492,27.946,75.327,38.031,78.732,77.768,32.426,71.216,37.513,75.674,39.113,51.893,37.772,35.720,40.016,58.132,43.238,35.861,62.613,16.152,28.093,50.025,57.540,6.594,51.047,42.176,72.750,40.991,66.885,55.316,39.064,70.010,40.937,42.558,41.198,48.334,20.309,36.666,0.000,16.010,34.029,20.496,68.913,47.811,85.737,41.250,34.590,14.700,68.804,19.039,58.528,4.997,34.375,30.390,65.341,69.877,71.328,75.592,87.015,25.254,25.267,60.708,51.249,46.114,54.767,38.994,32.211,24.540,55.115,40.584,80.889,20.561,47.452,92.131,79.033,61.025,9.201,48.953,69.822,70.441,38.775,58.482,45.050,51.727,81.291,72.217,53.083,55.073,30.076,33.396,46.588,59.534,40.711,30.698,63.265,66.404,106.011,41.230,67.976,48.319,22.165,16.256,49.302,58.894,37.998,12.479,64.462,49.950,63.552,21.409,62.609,37.252,36.581,44.804,82.345,65.736,36.755,38.069,16.285,54.179,46.028,19.260,63.646,45.392,56.398,37.374,35.706,43.409,51.611,12.743,70.822,27.698,58.616,25.840,84.584,17.830,37.367,47.879,42.747,33.293,47.637
Frassilongo / Garait,59.102,20.044,29.212,27.898,19.151,64.037,52.607,53.107,64.118,14.477,16.282,32.430,42.383,53.744,70.677,96.875,80.908,58.962,31.199,66.873,56.513,66.828,71.480,14.174,68.032,16.832,33.209,78.490,43.293,77.071,80.931,35.196,76.478,35.853,80.936,37.453,50.233,40.936,34.060,43.180,63.394,48.500,41.124,67.875,29.158,33.355,48.365,62.803,13.645,56.309,47.438,78.013,46.253,72.147,60.579,44.326,75.272,46.199,47.820,46.460,53.596,4.293,34.814,16.010,0.000,39.445,29.765,74.330,46.077,84.003,46.667,32.856,23.969,74.221,16.552,63.945,17.911,32.641,35.807,70.758,75.293,74.451,81.009,85.281,34.051,34.903,63.831,56.665,51.530,60.183,44.410,37.628,22.806,60.531,38.850,86.306,8.760,50.575,97.547,84.450,66.441,6.789,47.219,75.238,75.858,44.192,63.899,50.466,54.851,84.415,77.634,58.499,60.489,28.342,31.662,52.005,64.950,46.128,39.495,68.681,71.820,100.892,39.496,71.099,53.736,30.962,6.008,54.719,64.310,36.264,25.393,69.879,55.367,66.676,24.847,68.026,42.669,41.998,50.221,87.762,71.152,35.021,36.335,14.551,59.596,47.550,28.057,69.063,48.515,61.814,42.790,33.972,48.825,57.027,18.159,76.238,30.821,64.032,31.256,90.001,8.890,42.783,53.296,45.870,38.709,50.760
Garniga Terme,37.268,38.732,8.869,45.019,23.260,68.457,57.027,38.933,44.855,38.076,45.299,18.800,58.772,51.146,68.079,80.501,78.310,56.364,47.588,71.293,34.135,71.248,68.882,28.061,72.452,30.341,17.027,109.044,47.713,93.460,111.485,63.347,73.880,52.242,78.338,53.842,66.622,71.489,50.449,73.733,67.815,52.921,33.578,72.295,43.690,4.800,64.754,67.223,27.502,60.729,44.840,82.433,50.673,76.567,64.999,48.746,79.692,38.653,44.352,50.880,50.998,43.731,30.103,34.029,39.445,0.000,35.698,70.924,62.538,100.463,22.839,42.768,29.902,52.853,34.596,68.542,35.707,46.087,30.718,75.355,71.888,102.037,85.606,101.741,39.775,40.639,91.417,61.263,27.702,30.933,20.011,15.078,39.266,65.129,55.310,90.903,45.028,78.161,102.145,89.047,63.035,31.274,63.679,71.832,72.452,17.619,60.493,55.064,82.437,112.001,82.231,36.790,65.086,44.802,48.122,22.314,69.548,22.300,45.642,73.278,76.418,117.353,55.957,98.685,50.330,38.535,38.499,59.316,68.908,52.724,43.188,66.473,59.964,94.262,52.119,64.620,47.266,46.595,46.815,70.222,67.747,51.481,52.795,34.203,42.749,32.728,35.000,73.660,76.101,58.408,47.388,50.432,24.997,53.622,21.551,72.833,58.407,40.204,32.685,94.598,38.993,18.932,57.893,80.853,18.514,78.346
Giovo,58.381,16.590,26.830,9.712,26.690,40.705,29.275,47.437,63.397,23.126,23.310,30.052,57.108,48.073,65.006,91.205,75.237,53.292,45.923,43.541,55.792,43.496,65.809,29.090,44.700,31.557,30.830,73.737,19.961,91.796,76.178,28.041,70.808,50.578,75.265,52.178,64.958,36.183,48.784,38.427,40.062,25.168,35.453,44.543,8.383,30.972,63.089,39.471,18.469,32.977,41.768,54.681,22.921,48.815,37.247,20.994,51.940,40.528,42.150,23.083,47.925,34.051,42.701,20.496,29.765,35.698,0.000,68.566,61.481,97.130,42.026,48.259,6.001,68.458,32.709,41.002,19.469,48.044,30.043,47.815,69.530,69.544,58.066,96.006,9.978,11.516,58.924,33.723,46.889,55.542,39.769,33.937,38.209,37.589,54.254,63.363,29.119,45.668,74.605,61.507,60.678,23.780,62.623,69.475,70.094,39.550,58.136,27.524,49.943,79.508,54.691,52.736,37.546,43.745,47.065,48.643,42.008,41.486,14.812,45.738,48.878,104.227,54.900,66.192,43.636,7.467,31.005,31.776,41.368,51.668,14.141,64.115,32.424,61.768,21.067,62.262,19.726,19.055,44.458,81.998,65.389,50.424,51.738,29.955,53.832,47.754,6.510,46.120,43.608,56.051,19.848,49.376,44.184,51.264,14.967,70.475,27.145,59.391,25.493,67.058,31.499,38.142,30.353,40.963,35.019,45.853
Giustino,73.412,71.216,66.889,77.502,68.794,62.768,48.302,48.605,78.913,72.960,80.184,70.111,101.672,26.188,3.352,51.268,35.300,17.256,90.488,65.850,65.388,49.757,2.507,73.655,39.439,76.121,70.890,141.527,67.103,136.361,143.968,95.831,2.895,95.142,35.329,96.742,109.522,103.973,93.349,106.217,62.126,52.280,46.186,41.210,76.173,71.032,107.654,45.732,62.232,50.516,26.166,32.235,62.872,34.905,56.964,64.276,31.538,48.961,48.069,55.130,29.911,78.616,82.761,68.913,74.330,70.924,68.566,0.000,104.575,142.501,66.436,87.833,62.215,58.854,75.803,48.715,71.307,91.139,40.582,36.103,0.964,137.056,35.688,143.779,68.329,66.200,126.436,43.817,61.619,52.810,70.115,73.310,81.304,53.093,97.348,40.985,80.629,113.180,52.227,39.129,7.933,66.875,105.717,28.931,1.672,78.597,11.088,61.047,117.455,147.019,44.822,46.759,60.365,86.840,90.160,61.155,63.455,69.053,74.632,67.185,56.014,159.390,97.994,133.703,33.901,71.617,74.100,58.326,62.319,94.762,78.789,23.571,62.779,129.280,87.719,6.348,57.977,62.075,25.888,41.454,3.645,93.519,94.833,73.049,42.808,80.700,67.093,38.190,111.120,14.765,68.440,92.470,70.485,17.871,56.245,29.931,94.008,85.960,42.744,44.680,74.594,77.188,55.039,113.935,74.391,113.365
Grigno,79.963,52.769,53.669,60.624,39.278,94.931,83.501,84.001,92.170,48.453,55.766,55.632,16.824,84.638,101.571,127.769,111.801,89.856,15.637,97.767,78.196,97.722,102.373,34.364,98.926,32.316,56.411,90.525,74.187,43.800,92.966,59.612,107.372,14.309,111.830,11.894,11.559,53.794,12.535,55.214,94.288,79.394,72.017,98.769,61.883,57.812,15.879,93.697,44.539,87.203,78.332,108.907,77.147,103.041,91.472,75.220,106.166,77.093,78.714,77.354,84.490,50.363,52.306,47.811,46.077,62.538,61.481,104.575,0.000,50.679,67.042,44.571,54.855,105.107,28.533,94.831,50.475,44.356,66.693,101.644,106.180,86.158,111.895,51.957,64.938,65.789,75.538,87.552,71.905,80.558,64.163,59.082,23.252,91.418,7.586,117.192,53.575,62.282,128.434,115.336,97.327,39.120,14.559,106.125,106.744,61.771,94.785,81.353,66.557,68.145,108.520,89.386,91.375,19.161,19.717,74.875,95.837,64.975,70.381,99.567,102.707,67.569,13.645,82.806,84.622,61.849,47.046,85.605,95.197,12.212,57.956,100.765,86.253,78.382,64.039,98.912,73.555,72.884,81.107,118.648,102.039,14.447,15.761,32.146,90.482,63.445,58.943,99.949,60.222,92.700,73.677,18.115,67.672,87.914,49.046,107.125,58.705,81.629,62.143,120.887,39.293,63.158,84.182,57.577,60.164,62.467
Imer,117.889,90.695,91.595,87.768,77.204,117.916,122.032,121.927,130.096,86.378,86.559,93.558,41.545,122.563,139.497,165.695,149.727,127.782,53.193,115.109,116.121,136.253,140.299,72.290,137.456,70.242,94.336,71.794,112.718,6.822,74.235,71.901,145.298,50.202,149.756,46.441,39.064,62.849,50.091,60.158,116.035,117.925,109.943,137.300,88.856,95.738,38.349,132.227,82.464,125.734,116.258,147.437,115.678,141.572,120.212,113.751,144.697,115.018,116.640,115.840,122.416,88.289,90.231,85.737,84.003,100.463,97.130,142.501,50.679,0.000,104.920,82.449,92.734,142.986,66.411,133.650,88.354,82.235,104.572,140.463,144.058,67.571,150.714,1.127,102.046,104.445,56.951,126.370,109.784,118.437,102.041,96.961,61.131,123.785,50.800,156.011,93.883,53.133,167.252,154.155,135.206,76.999,36.790,144.003,144.623,99.649,132.664,120.172,47.518,17.685,147.339,127.264,118.129,57.039,57.356,112.754,113.655,102.853,95.199,109.534,136.530,17.109,45.471,64.219,122.501,101.533,84.925,124.424,114.723,48.212,86.407,138.644,125.072,59.795,77.423,136.791,112.374,111.703,118.986,156.527,139.917,51.011,52.284,70.025,128.361,101.323,96.822,138.768,55.763,130.579,112.496,54.638,105.551,125.792,86.924,145.004,71.140,119.508,100.022,159.706,77.171,101.036,123.001,62.120,98.042,51.458
Isera,15.359,43.553,14.811,50.961,27.986,71.867,60.437,20.214,22.002,45.298,52.521,12.352,63.498,40.821,63.432,63.469,59.551,49.140,52.314,74.703,11.446,74.658,64.234,32.787,75.862,35.067,10.528,114.986,51.123,98.186,117.427,69.290,69.233,56.968,65.832,58.568,71.348,77.432,55.175,79.676,71.224,56.330,34.788,75.705,49.632,18.113,69.480,70.633,34.570,64.139,42.471,85.843,54.083,79.977,68.408,52.156,83.102,29.709,24.516,54.290,36.506,50.953,23.425,41.250,46.667,22.839,42.026,66.436,67.042,104.920,0.000,35.939,37.500,35.797,38.971,73.304,41.473,46.512,38.196,80.118,67.176,107.803,90.368,106.116,44.537,45.401,97.183,66.025,4.972,13.625,3.841,7.920,43.641,69.891,59.685,95.665,50.794,83.927,106.907,93.809,58.323,37.041,68.054,65.873,67.740,5.639,55.370,59.826,88.203,117.767,86.993,19.734,69.849,49.177,52.497,15.630,74.310,4.034,50.404,78.041,81.180,121.727,60.331,104.451,51.406,43.297,44.265,64.079,73.670,57.099,48.954,60.460,64.726,100.028,57.885,59.908,52.028,51.357,47.891,53.167,63.035,55.856,57.170,38.578,25.693,15.681,39.762,78.422,89.069,52.395,52.150,54.807,6.078,51.181,26.834,68.624,64.173,21.285,37.968,99.360,44.759,4.231,62.655,85.615,7.122,84.113
Lavarone,48.866,39.548,33.900,47.402,19.692,79.487,68.057,55.991,57.942,35.231,42.545,25.300,41.027,67.895,84.828,99.245,95.058,73.113,29.843,82.323,47.222,82.278,85.631,18.128,83.482,15.819,25.651,104.753,58.743,75.715,107.194,64.935,90.629,34.497,95.087,36.097,48.877,67.199,32.704,69.443,78.845,63.951,55.274,83.326,48.662,38.042,47.009,78.253,31.317,71.760,61.589,93.463,61.703,87.598,76.029,59.776,90.723,60.350,60.293,61.911,67.747,37.142,12.852,34.590,32.856,42.768,48.259,87.833,44.571,82.449,35.939,0.000,41.473,71.739,16.633,81.448,37.092,10.813,49.803,88.261,89.290,100.261,98.512,83.341,52.449,52.406,89.641,74.169,40.914,49.566,33.402,28.322,20.867,78.035,36.911,103.809,40.192,76.385,115.051,101.953,80.438,25.737,45.280,89.235,89.854,31.010,77.896,67.970,80.660,99.529,95.137,55.676,77.992,26.402,29.723,50.565,82.454,33.983,56.998,86.184,89.324,98.953,37.557,96.908,67.732,48.466,33.663,72.222,81.814,34.325,44.573,83.875,72.870,92.485,50.656,82.022,60.172,59.501,64.218,89.108,85.149,33.081,34.395,19.467,61.635,24.360,45.560,86.566,74.325,75.811,60.294,32.033,36.681,71.024,31.790,90.235,56.631,49.749,45.253,107.504,26.476,32.166,70.799,71.680,29.172,76.570
Lavis,52.754,10.794,21.034,14.937,20.894,39.778,28.348,41.641,57.771,21.895,29.118,24.256,51.312,42.277,59.211,85.409,69.441,47.496,40.127,42.614,50.166,42.569,60.013,23.294,43.773,25.761,25.035,78.962,19.034,86.000,81.403,33.266,65.012,44.782,69.469,46.382,59.162,41.407,42.988,43.651,39.135,24.242,29.657,43.616,13.608,25.177,57.294,38.544,12.673,32.050,35.972,53.754,21.994,47.888,36.320,20.067,51.013,34.732,36.354,22.157,42.129,28.255,36.905,14.700,23.969,29.902,6.001,62.215,54.855,92.734,37.500,41.473,0.000,62.457,26.708,39.977,13.227,42.043,24.042,46.791,63.529,74.886,57.041,94.683,10.478,10.491,64.266,32.698,41.099,49.751,33.978,27.936,32.208,36.564,48.253,62.338,31.533,51.010,73.580,60.482,54.677,17.779,56.622,63.474,64.093,33.760,52.135,26.499,55.285,84.849,53.666,46.735,36.522,37.744,41.064,42.642,40.983,35.696,15.922,44.714,47.853,109.569,48.899,71.533,41.971,7.389,25.004,30.752,40.343,45.667,19.482,58.114,31.399,67.110,26.408,56.261,18.701,18.030,38.457,75.997,59.388,44.423,45.737,23.954,47.831,41.754,4.483,45.095,48.949,50.050,18.823,43.375,38.393,45.263,8.966,64.474,32.486,53.600,19.492,66.033,25.498,32.351,29.328,46.305,29.018,51.195
Ledro,42.998,71.107,50.500,77.393,63.675,100.161,58.769,20.476,48.498,72.852,80.075,48.041,101.564,33.732,55.850,27.445,23.526,42.050,90.379,102.997,34.973,102.952,56.652,68.476,98.195,70.756,46.217,141.418,79.417,136.252,143.859,95.722,61.651,95.033,29.807,96.633,109.413,103.864,93.240,106.108,99.519,62.746,36.354,99.966,76.064,49.809,107.545,98.927,62.124,92.434,35.381,90.991,82.377,93.660,96.703,80.450,90.294,31.275,26.082,65.596,29.417,78.507,59.114,68.804,74.221,52.853,68.458,58.854,105.107,142.986,35.797,71.739,62.457,0.000,75.773,100.605,71.277,82.374,40.096,94.708,59.713,137.026,94.293,143.749,72.827,71.564,126.406,55.828,31.207,22.399,39.704,43.782,81.274,97.192,97.318,99.590,80.599,113.150,110.832,97.734,50.861,66.845,105.687,30.202,60.277,41.502,47.705,87.127,117.425,146.989,103.427,16.348,97.150,86.810,90.130,30.743,101.611,38.642,78.695,105.342,108.481,159.360,97.965,133.673,45.913,71.587,74.070,91.380,100.971,94.732,78.759,35.957,92.027,129.250,87.689,52.445,69.988,74.086,39.056,17.496,55.572,93.489,94.803,73.019,19.396,50.289,67.063,96.795,111.090,44.064,79.451,92.440,40.073,44.385,56.215,32.953,93.978,55.549,42.714,103.285,74.564,40.093,89.956,113.905,42.620,113.335
Levico Terme,52.022,23.000,25.727,30.855,11.337,66.158,54.729,55.229,64.228,18.928,26.241,27.690,24.989,55.865,72.799,98.997,83.029,61.084,13.805,68.994,50.254,68.950,73.601,6.423,70.153,4.374,28.469,88.450,45.415,59.677,90.891,48.387,78.600,18.459,83.058,20.059,32.839,50.895,16.666,53.139,65.516,50.622,43.245,69.997,32.114,29.870,30.971,64.924,15.766,58.431,49.560,80.134,48.375,74.269,62.700,46.448,77.394,48.321,49.942,48.582,55.718,20.838,24.364,19.039,16.552,34.596,32.709,75.803,28.533,66.411,38.971,16.633,26.708,75.773,0.000,66.901,22.545,16.628,38.763,73.715,78.250,84.465,83.965,68.563,37.008,37.859,73.845,59.622,43.892,52.545,36.150,31.069,5.991,63.488,22.132,89.262,24.396,60.589,100.504,87.406,69.398,9.942,30.501,78.195,78.814,33.758,66.855,53.423,64.864,84.751,80.590,61.456,63.446,11.624,14.944,46.863,67.907,36.962,42.451,71.638,74.777,84.175,22.779,81.113,56.692,33.919,17.868,57.676,67.267,19.546,30.027,72.835,58.323,76.689,34.861,70.982,45.625,44.954,53.177,90.718,74.109,18.303,19.617,3.850,62.552,35.432,31.013,72.019,58.529,64.771,45.747,17.254,39.659,59.984,21.116,79.195,40.835,53.617,34.213,92.957,9.623,35.145,56.252,55.884,32.151,60.774
Livo,88.559,50.848,59.674,50.097,60.602,16.562,40.154,80.061,93.575,62.575,69.799,62.653,91.287,71.516,51.923,99.839,83.871,65.827,80.103,19.644,85.971,5.303,51.078,63.270,9.920,65.736,63.432,96.432,24.069,125.976,98.873,68.426,45.971,84.757,83.900,86.357,99.137,70.748,82.964,73.130,15.919,36.047,68.077,9.764,48.768,63.816,97.269,3.081,52.649,8.095,65.211,19.901,20.451,14.036,10.758,21.855,17.161,73.153,74.774,37.977,71.369,68.231,75.303,58.528,63.945,68.542,41.002,48.715,94.831,133.650,73.304,81.448,39.977,100.605,66.901,0.000,53.376,81.838,62.091,13.074,49.533,92.205,23.325,132.681,31.648,29.519,95.599,44.491,77.074,85.726,69.953,65.985,72.003,6.849,88.047,28.622,71.327,80.102,39.864,26.766,56.517,57.574,96.416,77.515,47.017,69.735,59.672,18.601,86.618,116.183,19.950,84.783,14.121,77.539,80.859,81.360,17.211,71.671,37.951,20.942,8.025,140.903,88.693,88.853,54.405,33.581,64.799,12.662,16.075,85.461,54.698,72.155,20.332,86.973,61.624,54.932,30.494,27.538,62.418,90.038,52.229,84.218,85.532,63.748,82.118,79.802,35.493,11.379,77.472,63.349,24.773,83.169,74.368,66.454,48.243,78.515,67.702,89.575,57.540,32.317,65.292,68.326,12.592,74.018,67.066,82.528
Lona-Lases,56.728,2.653,26.838,9.936,23.891,53.032,41.603,50.733,61.744,9.303,11.639,30.056,46.931,51.369,68.303,94.501,78.533,56.588,35.747,55.868,54.139,55.824,69.105,18.914,57.028,21.380,30.834,70.370,32.289,81.620,72.811,27.468,74.104,40.401,78.562,42.001,54.781,32.815,38.608,35.059,52.390,37.496,38.749,56.871,11.195,30.981,52.913,51.799,9.482,45.305,45.064,67.009,35.249,61.143,49.574,33.322,64.268,43.825,45.446,35.411,51.222,22.197,39.554,4.997,17.911,35.707,19.469,71.307,50.475,88.354,41.473,37.092,13.227,71.277,22.545,53.376,0.000,37.252,33.267,60.030,72.754,66.331,70.280,92.793,23.717,23.730,55.711,45.937,48.991,57.643,41.870,35.088,27.417,49.803,43.461,75.577,22.513,42.454,86.819,73.721,63.901,11.153,51.830,72.698,73.318,41.652,61.359,39.738,46.730,76.294,66.905,55.960,49.761,32.952,36.273,49.465,54.222,43.588,29.161,57.953,61.092,101.014,44.107,62.978,51.196,20.628,18.209,43.991,53.582,40.875,7.481,67.339,44.638,58.555,16.412,65.486,31.941,31.269,47.681,85.222,68.613,39.631,40.946,19.162,57.056,48.905,17.723,58.334,40.394,59.274,32.062,38.583,46.285,54.487,15.620,73.699,22.700,61.492,28.717,79.273,19.709,40.243,42.567,37.750,36.169,42.640
Luserna / Lusérn,59.439,39.333,37.218,47.187,22.827,81.494,70.065,66.564,68.515,35.016,42.330,35.873,40.812,71.201,88.135,109.819,98.365,76.420,29.628,84.330,57.795,84.285,88.937,17.913,85.489,15.604,36.225,104.538,60.751,75.501,106.979,64.720,93.936,34.282,98.394,35.882,48.662,66.984,32.489,69.228,80.852,65.958,58.581,85.333,48.447,41.361,46.794,80.260,31.102,73.767,64.896,95.470,63.711,89.605,78.036,61.783,92.730,63.656,65.278,63.918,71.054,36.927,23.426,34.375,32.641,46.087,48.044,91.139,44.356,82.235,46.512,10.813,42.043,82.374,16.628,81.838,37.252,0.000,53.479,88.430,92.965,100.429,98.681,83.510,51.723,52.575,89.809,74.337,51.338,59.991,43.827,38.746,21.035,78.203,37.079,103.978,40.361,76.553,115.219,102.122,84.113,25.906,45.448,92.910,93.530,41.435,81.571,68.138,80.829,99.697,95.305,66.100,78.161,26.571,29.891,58.811,82.622,44.408,57.167,86.353,89.492,99.121,37.725,97.077,71.408,48.634,33.832,72.391,81.982,34.493,44.742,87.551,73.038,92.654,50.825,85.697,60.341,59.670,67.893,99.533,88.824,33.250,34.564,19.635,72.059,34.784,45.729,86.735,74.493,79.486,60.462,32.201,47.105,74.699,35.831,93.910,56.799,60.174,48.928,107.673,26.645,42.591,70.968,71.848,39.597,76.739
Madruzzo,45.396,32.693,28.366,38.979,30.271,61.747,34.451,19.552,50.897,34.437,41.661,31.588,63.149,20.644,37.577,63.776,47.808,25.862,51.965,64.583,37.372,64.538,38.380,35.132,65.742,37.598,32.367,103.004,41.003,97.838,105.445,57.308,43.378,56.619,47.836,58.219,70.999,65.450,54.826,67.694,61.105,38.429,6.074,65.585,37.650,32.509,69.131,60.513,23.709,54.019,14.339,75.723,43.963,69.857,58.289,42.036,72.983,11.149,14.265,41.279,20.496,40.093,44.238,30.390,35.807,30.718,30.043,40.582,66.693,104.572,38.196,49.803,24.042,40.096,38.763,62.091,33.267,53.479,0.000,68.822,41.421,98.429,79.072,105.152,34.230,32.966,87.809,29.779,33.570,24.761,40.188,34.683,42.677,58.595,58.721,84.369,42.002,74.553,95.611,82.513,32.569,28.248,67.090,41.366,41.985,39.970,30.027,48.530,78.828,108.392,75.697,24.231,58.553,48.213,51.533,34.842,63.014,41.906,40.097,66.745,69.884,120.763,59.367,95.076,19.863,32.990,35.473,52.783,62.374,56.135,40.162,36.006,53.430,90.653,49.092,34.153,40.732,40.061,16.349,53.889,37.280,54.892,56.206,34.422,25.328,48.500,28.466,67.126,72.492,27.942,40.854,53.843,44.603,23.155,17.618,42.366,55.381,59.810,4.117,88.064,35.967,38.561,51.359,75.308,35.764,74.738
Malé,95.372,57.661,66.487,56.910,67.415,27.160,46.967,86.874,100.389,69.389,76.612,69.466,98.101,62.147,39.311,87.227,71.259,53.214,86.916,30.243,92.784,14.149,38.466,70.083,3.831,72.549,70.245,107.031,30.882,132.789,109.472,75.239,33.359,91.571,71.287,93.170,105.950,77.561,89.777,79.944,26.518,42.861,74.891,5.602,55.581,70.630,104.082,10.124,59.462,14.908,62.125,7.289,27.264,1.134,21.356,28.668,4.549,79.966,81.587,44.790,65.870,75.044,82.116,65.341,70.758,75.355,47.815,36.103,101.644,140.463,80.118,88.261,46.791,94.708,73.715,13.074,60.030,88.430,68.822,0.000,36.883,102.916,10.675,139.595,38.562,36.433,102.513,51.404,83.987,92.640,76.867,72.898,78.917,17.560,94.961,15.972,78.241,87.016,27.213,14.116,43.866,64.488,103.330,64.864,34.366,76.648,47.022,25.514,93.532,123.096,9.078,82.693,24.832,84.452,87.773,88.274,27.922,78.585,44.864,31.653,20.482,147.816,95.607,99.564,61.318,40.495,71.712,22.794,26.786,92.375,61.611,59.505,27.246,97.684,68.538,42.282,37.408,34.452,61.821,77.388,39.578,91.131,92.445,70.662,78.741,86.715,42.407,2.073,84.386,50.699,31.687,90.083,81.282,53.804,55.157,65.865,74.616,96.489,64.454,19.667,72.206,75.240,19.506,80.932,73.980,89.442
Massimeno,74.376,72.179,67.853,78.466,69.758,63.619,49.266,49.569,79.877,73.924,81.148,71.075,102.636,27.152,3.218,52.232,36.264,18.219,91.452,66.701,66.351,50.608,3.471,74.618,40.290,77.085,71.854,142.491,68.066,137.324,144.932,96.795,3.746,96.106,36.292,97.706,110.486,104.936,94.313,107.180,62.977,53.244,47.150,42.061,77.137,71.996,108.618,46.583,63.196,51.367,27.130,33.086,63.723,35.756,57.815,65.127,32.389,49.925,49.033,56.094,30.875,79.579,83.724,69.877,75.293,71.888,69.530,0.964,106.180,144.058,67.176,89.290,63.529,59.713,78.250,49.533,72.754,92.965,41.421,36.883,0.000,138.020,36.494,144.743,69.293,67.164,127.400,44.781,62.583,53.774,71.079,74.274,82.268,53.899,98.312,41.791,81.592,114.143,53.033,39.935,8.897,67.839,106.681,29.895,2.478,79.561,12.052,61.853,118.419,147.983,45.628,47.723,61.171,87.804,91.124,62.118,64.261,70.017,75.596,67.991,56.820,160.354,98.958,134.667,34.865,72.581,75.064,59.132,63.125,95.726,79.753,24.535,63.584,130.244,88.683,7.312,58.941,63.039,26.852,42.418,4.609,94.483,95.797,74.013,43.772,81.664,68.057,38.996,112.083,15.729,69.404,93.434,71.448,18.834,57.209,30.895,94.972,86.924,43.708,45.486,75.557,78.152,55.844,114.899,75.355,114.329
Mazzin / Mazin,123.058,68.983,93.169,60.182,86.868,79.151,94.446,116.481,128.074,65.454,58.973,96.386,81.258,117.118,134.051,160.250,144.282,122.336,75.581,76.344,120.470,97.359,134.854,81.891,99.654,84.549,97.165,4.058,85.132,74.173,6.499,44.315,139.852,72.918,144.310,76.328,89.108,35.263,74.106,32.572,77.271,90.339,104.498,99.497,61.270,97.311,87.240,93.290,75.813,93.034,110.813,109.635,88.092,103.769,81.447,86.165,106.894,109.573,111.195,88.254,116.970,70.158,102.531,71.328,74.451,102.037,69.544,137.056,86.158,67.571,107.803,100.261,74.886,137.026,84.465,92.205,66.331,100.429,98.429,102.916,138.020,0.000,113.271,66.659,74.571,76.969,11.899,98.895,115.839,124.492,108.719,102.887,83.912,85.572,79.287,118.568,66.408,25.657,129.809,116.712,129.628,74.673,86.150,138.425,139.044,108.500,127.085,92.696,20.139,50.160,109.896,121.686,79.916,79.157,76.303,117.592,75.442,110.436,67.723,71.321,98.317,74.880,75.089,3.379,108.808,74.057,70.830,86.017,76.510,74.793,58.931,133.065,95.612,7.800,49.947,131.212,84.898,84.227,113.407,150.948,134.339,71.722,71.373,82.438,122.782,116.704,75.619,101.325,28.287,125.001,85.020,73.585,113.134,120.214,81.978,139.425,43.664,128.341,94.443,122.263,83.229,107.092,95.525,34.644,103.969,23.982
Mezzana,105.623,67.912,76.737,67.161,77.665,37.411,57.218,84.149,110.639,79.639,86.863,79.717,108.351,61.732,38.896,86.812,70.844,52.800,97.167,40.493,103.034,24.400,38.051,80.334,14.082,82.800,80.496,117.281,41.133,143.040,119.722,85.490,32.944,101.821,70.873,103.421,116.201,87.812,100.028,90.194,36.769,53.111,85.141,15.853,65.832,80.880,114.333,20.375,69.713,25.159,61.710,3.437,37.515,9.548,31.607,38.919,6.627,90.217,83.613,55.040,65.455,85.295,92.366,75.592,81.009,85.606,58.066,35.688,111.895,150.714,90.368,98.512,57.041,94.293,83.965,23.325,70.280,98.681,79.072,10.675,36.494,113.271,0.000,149.739,48.706,46.577,112.657,61.549,94.132,88.389,87.011,83.042,89.061,27.704,105.105,5.297,88.385,97.160,16.539,3.441,43.512,74.632,113.474,64.510,34.012,86.793,46.668,35.659,103.676,133.240,19.433,82.338,34.976,94.596,97.917,98.418,38.066,88.729,55.009,41.797,30.626,157.960,105.751,109.708,71.462,50.639,81.857,32.938,36.930,102.519,71.756,59.151,37.390,107.829,78.682,41.928,47.552,44.596,61.467,77.034,39.224,101.275,102.590,80.806,78.387,96.860,52.551,12.801,94.530,50.344,41.831,100.227,91.426,53.450,65.301,65.510,84.760,106.633,74.598,8.992,82.350,85.384,29.650,91.076,84.124,99.586
Mezzano,119.167,95.445,92.873,86.644,78.482,116.792,120.908,123.205,131.373,91.916,85.435,94.836,42.823,123.841,140.775,166.973,151.005,129.060,54.471,113.985,117.399,135.129,141.577,73.568,136.332,71.520,95.614,70.670,111.594,8.100,73.111,70.777,146.576,51.480,151.033,47.719,40.341,61.725,51.369,59.034,114.911,116.801,111.221,136.176,87.732,97.015,39.627,131.103,83.742,124.610,117.536,146.313,114.554,140.448,119.088,112.627,143.573,116.296,117.918,114.716,123.693,89.567,91.509,87.015,85.281,101.741,96.006,143.779,51.957,1.127,106.116,83.341,94.683,143.749,68.563,132.681,92.793,83.510,105.152,139.595,144.743,66.659,149.739,0.000,100.922,103.321,55.827,125.246,111.088,119.740,103.345,98.265,62.435,122.661,52.104,154.887,92.759,52.008,166.128,153.031,136.510,78.303,38.094,145.307,145.926,100.953,133.968,119.048,46.394,16.561,146.215,128.568,117.005,58.343,58.659,114.058,112.531,104.157,94.075,108.410,135.406,15.985,46.775,63.095,123.804,100.409,86.229,123.300,113.599,49.515,85.283,139.948,123.948,58.671,76.299,138.094,111.250,110.579,120.290,157.831,141.221,52.315,53.588,71.329,129.664,102.627,98.125,137.644,54.639,131.883,111.371,55.942,106.855,127.096,88.228,146.307,70.016,120.812,101.325,158.582,78.475,102.340,121.877,60.996,99.346,50.334
Mezzocorona,59.792,21.349,30.906,19.073,32.916,31.304,19.875,52.283,64.808,32.682,32.670,35.132,61.394,52.919,65.325,91.813,75.845,55.026,50.209,34.140,57.203,34.096,66.127,33.376,35.299,35.843,35.911,78.581,10.561,96.082,81.022,37.401,71.126,54.864,75.874,56.464,69.244,39.144,53.071,41.527,30.662,15.768,40.299,35.143,17.744,35.049,67.376,30.070,22.756,23.577,46.614,45.280,13.521,39.415,27.846,11.594,42.540,45.375,46.996,13.683,52.772,38.337,47.781,25.254,34.051,39.775,9.978,68.329,64.938,102.046,44.537,52.449,10.478,72.827,37.008,31.648,23.717,51.723,34.230,38.562,69.293,74.571,48.706,100.922,0.000,2.655,63.951,24.324,48.621,57.274,41.500,38.781,44.107,28.190,60.151,53.964,43.431,48.454,65.206,52.108,60.135,29.678,68.520,69.197,69.551,41.282,57.593,18.125,54.970,84.534,45.292,56.887,28.148,49.642,52.963,52.907,32.609,43.218,6.303,36.340,39.479,109.254,60.797,71.219,34.238,3.157,36.902,22.378,31.969,57.565,23.628,63.837,23.025,66.795,30.554,61.719,10.328,9.656,42.251,81.720,64.846,56.321,57.635,35.852,57.983,52.598,7.267,36.721,45.824,55.773,10.449,55.273,45.915,50.269,20.347,70.197,36.632,61.122,29.644,57.659,37.396,39.873,20.954,42.370,39.863,50.880
Mezzolombardo,60.656,21.362,31.771,20.611,31.560,29.175,17.746,51.019,65.673,33.534,40.757,33.611,62.246,49.108,63.196,89.684,73.716,52.897,51.061,32.011,58.068,31.967,63.998,34.228,33.170,36.694,34.390,80.980,8.432,96.934,83.421,38.940,68.997,55.715,73.745,57.315,70.095,41.543,53.922,43.926,28.533,13.639,39.036,33.014,19.282,35.914,68.227,27.941,23.607,21.448,42.803,43.151,11.392,37.286,25.717,9.465,40.411,44.111,45.732,11.554,48.961,39.189,46.261,25.267,34.903,40.639,11.516,66.200,65.789,104.445,45.401,52.406,10.491,71.564,37.859,29.519,23.730,52.575,32.966,36.433,67.164,76.969,46.577,103.321,2.655,0.000,66.190,22.210,47.848,56.501,40.728,36.759,42.777,26.076,58.821,51.850,42.102,50.693,63.092,49.994,58.021,28.348,67.190,67.083,67.437,40.509,55.478,16.011,57.210,86.774,43.178,55.558,26.034,48.313,51.633,52.135,30.495,42.445,8.986,34.226,37.365,111.494,59.468,73.458,32.124,4.065,35.573,20.264,29.855,56.235,25.182,61.723,20.911,69.035,32.108,59.605,8.213,7.542,40.137,79.606,62.732,54.992,56.306,34.522,56.654,50.576,5.977,34.607,48.063,53.659,8.335,53.943,45.143,48.154,19.018,68.083,38.186,60.350,28.315,55.545,36.067,39.101,18.840,44.609,37.840,53.119
Moena / Moena,112.438,58.364,82.549,49.562,76.248,79.710,83.826,105.861,117.455,54.834,48.353,85.766,70.638,106.498,123.431,149.630,133.662,111.717,64.961,76.903,109.850,98.047,124.234,71.271,99.251,73.929,86.545,15.910,74.512,63.553,18.351,33.695,129.233,62.299,133.690,65.708,78.488,24.643,63.486,21.952,77.830,79.719,93.878,99.094,50.650,86.692,76.620,94.022,65.193,87.528,100.193,109.232,77.472,103.366,82.006,75.545,106.491,98.953,100.575,77.634,106.350,59.538,91.911,60.708,63.831,91.417,58.924,126.436,75.538,56.951,97.183,89.641,64.266,126.406,73.845,95.599,55.711,89.809,87.809,102.513,127.400,11.899,112.657,55.827,63.951,66.190,0.000,88.246,105.190,113.843,98.070,92.239,73.264,85.661,68.638,117.886,55.759,15.008,129.128,116.030,118.979,64.025,75.502,127.776,128.396,97.852,116.437,82.047,9.490,39.512,109.214,111.038,80.005,68.509,65.654,106.944,75.531,99.788,57.075,71.410,98.406,64.232,64.440,8.578,98.160,63.409,60.181,86.300,76.599,64.144,48.282,122.417,86.947,4.155,39.298,120.564,74.250,73.578,102.759,140.300,123.691,61.073,60.724,71.789,112.134,106.056,64.970,100.643,17.638,114.352,74.371,62.937,102.485,109.565,71.330,128.777,33.016,117.692,83.795,121.581,72.581,96.443,84.876,23.996,93.320,13.334
Molveno,68.522,43.569,52.394,42.817,53.322,44.147,4.603,42.678,74.022,55.296,62.519,55.374,84.008,26.725,40.813,67.301,51.334,30.514,72.824,46.983,60.497,46.938,41.615,55.990,48.142,58.457,56.153,102.905,23.403,118.696,105.346,61.146,46.614,77.478,51.362,79.078,91.858,63.468,75.685,65.851,43.505,8.580,35.508,47.985,41.489,56.537,89.990,42.913,45.370,36.420,20.420,58.123,26.363,52.257,40.689,24.436,55.383,38.283,37.391,11.431,26.578,60.951,68.023,51.249,56.665,61.263,33.723,43.817,87.552,126.370,66.025,74.169,32.698,55.828,59.622,44.491,45.937,74.337,29.779,51.404,44.781,98.895,61.549,125.246,24.324,22.210,88.246,0.000,56.660,47.851,62.819,58.850,64.869,41.380,80.913,67.154,64.193,72.968,78.396,65.298,35.813,50.440,89.282,44.875,45.229,62.601,33.271,31.315,79.484,109.048,58.482,41.581,41.337,70.405,73.725,57.933,45.799,64.537,30.817,49.529,52.669,133.768,81.559,95.733,9.916,26.447,57.665,35.567,45.159,78.327,47.564,39.516,36.215,91.309,54.490,37.397,14.162,18.260,17.929,57.398,40.524,77.084,78.398,56.614,37.629,72.668,28.359,49.911,70.338,31.451,24.625,76.035,67.234,25.947,41.109,45.875,60.568,82.441,32.013,70.849,58.158,61.192,34.144,66.884,59.932,75.394
Mori,11.989,48.416,19.674,55.825,32.850,76.730,65.300,15.397,17.489,50.161,57.385,17.216,68.362,36.004,58.614,58.652,54.734,44.323,57.177,79.566,6.959,79.521,59.417,37.651,80.725,39.930,15.392,119.850,55.986,103.050,122.291,74.154,64.415,61.831,61.014,63.431,76.211,82.295,60.038,84.539,76.088,61.194,29.971,80.568,54.496,22.977,74.343,75.496,39.433,69.003,37.653,90.706,58.946,84.840,73.272,57.019,87.966,24.892,19.699,59.153,31.689,55.817,28.288,46.114,51.530,27.702,46.889,61.619,71.905,109.784,4.972,40.914,41.099,31.207,43.892,77.074,48.991,51.338,33.570,83.987,62.583,115.839,94.132,111.088,48.621,47.848,105.190,56.660,0.000,8.828,8.719,12.797,48.518,74.768,64.562,100.543,55.671,88.805,111.784,98.687,53.526,41.918,72.932,61.075,62.943,10.517,50.572,64.704,93.080,122.644,91.871,14.937,74.726,54.054,57.374,13.310,79.188,7.657,55.282,82.918,86.057,126.605,65.209,109.328,46.608,48.175,49.143,68.956,78.547,61.977,53.832,55.662,69.604,104.905,62.762,55.111,56.906,56.235,43.094,48.369,58.237,60.733,62.047,43.455,20.896,19.304,44.640,83.300,93.946,47.598,57.027,59.685,9.088,46.384,31.712,63.827,69.051,24.564,36.017,104.238,49.636,9.108,67.533,90.492,11.635,88.990
Nago-Torbole,20.825,57.069,28.327,64.477,41.503,85.383,52.452,6.588,26.326,58.814,66.037,25.869,77.014,27.195,49.806,49.843,45.925,35.514,65.830,88.219,12.801,88.174,50.608,46.303,89.378,48.583,24.045,128.502,64.639,111.703,130.943,82.806,55.607,70.484,52.205,72.084,84.864,90.948,68.691,93.192,84.740,56.430,21.162,89.221,63.149,27.889,82.996,84.149,48.086,77.655,28.845,84.946,67.599,93.493,81.925,65.672,84.250,16.083,10.890,59.280,22.880,64.469,36.941,54.767,60.183,30.933,55.542,52.810,80.558,118.437,13.625,49.566,49.751,22.399,52.545,85.726,57.643,59.991,24.761,92.640,53.774,124.492,88.389,119.740,57.274,56.501,113.843,47.851,8.828,0.000,17.338,21.416,57.138,83.387,73.182,93.522,64.291,97.424,104.764,91.666,44.792,50.537,81.551,52.342,54.209,19.136,41.838,73.323,101.699,131.263,100.490,6.203,83.345,62.673,65.994,8.581,87.807,16.276,63.901,91.537,94.676,135.224,73.828,117.948,37.875,56.794,57.762,77.575,87.166,70.596,62.451,46.929,78.223,113.524,71.381,46.377,65.525,64.854,34.360,39.636,49.504,69.352,70.666,52.074,12.162,27.923,53.259,91.919,102.565,38.864,65.647,68.304,17.707,37.650,40.331,55.093,77.670,33.183,27.283,97.217,58.256,17.728,76.152,99.111,20.254,97.609
Nogaredo,19.038,41.296,11.983,48.704,25.107,69.610,58.180,23.894,27.861,43.041,50.264,9.473,60.619,44.500,67.111,67.148,63.230,52.819,49.435,72.446,15.125,72.401,67.913,29.908,73.605,32.188,7.700,112.729,48.866,95.307,115.170,67.033,72.912,54.089,69.511,55.689,68.469,75.175,52.296,77.419,68.967,54.073,38.467,73.448,47.376,15.285,66.601,68.376,32.313,61.882,52.572,83.586,51.826,77.720,66.152,49.899,80.845,33.388,28.195,52.033,40.185,48.696,20.777,38.994,44.410,20.011,39.769,70.115,64.163,102.041,3.841,33.402,33.978,39.704,36.150,69.953,41.870,43.827,40.188,76.867,71.079,108.719,87.011,103.345,41.500,40.728,98.070,62.819,8.719,17.338,0.000,5.169,40.890,67.738,56.934,93.512,48.641,81.774,104.754,91.656,62.020,34.888,65.303,69.569,71.437,2.218,59.066,57.673,86.050,115.614,84.840,23.431,67.696,46.426,49.746,17.171,72.157,5.213,48.251,75.888,79.027,118.976,57.580,102.298,58.294,41.144,42.112,61.926,71.517,54.348,46.801,64.156,62.573,97.875,55.732,63.604,49.875,49.204,54.779,56.863,66.731,53.105,54.419,35.827,29.390,16.860,37.609,76.269,86.916,56.092,49.997,52.056,7.911,54.878,24.681,72.321,62.020,23.118,35.815,97.207,42.606,1.609,60.502,83.462,4.969,81.960
Nomi,22.336,36.587,7.050,42.873,20.027,65.641,54.211,27.972,29.923,36.258,43.482,4.393,55.538,48.578,70.305,71.227,67.308,58.591,44.354,68.477,19.203,68.432,71.108,24.828,69.636,27.107,2.620,106.898,44.897,90.227,109.339,61.202,76.107,49.008,73.589,50.608,63.388,69.344,47.215,71.588,64.998,50.105,40.752,69.479,41.544,10.352,61.520,64.407,25.604,57.913,47.067,79.617,47.857,73.751,62.183,45.930,76.876,37.466,32.274,48.064,44.264,41.914,15.696,32.211,37.628,15.078,33.937,73.310,59.082,96.961,7.920,28.322,27.936,43.782,31.069,65.985,35.088,38.746,34.683,72.898,74.274,102.887,83.042,98.265,38.781,36.759,92.239,58.850,12.797,21.416,5.169,0.000,35.759,62.638,51.803,88.413,42.775,75.908,99.654,86.556,65.621,29.022,60.172,73.711,75.038,2.726,63.079,52.573,80.184,109.748,79.740,27.572,62.596,41.295,44.615,22.281,67.057,7.407,43.888,70.788,73.927,113.845,52.449,96.432,52.916,36.781,36.247,56.826,66.417,49.217,40.935,69.059,57.473,92.009,49.866,67.205,44.776,44.104,49.401,61.005,70.332,47.974,49.288,30.696,33.531,18.361,32.510,71.169,73.848,60.994,44.897,46.925,10.105,56.207,19.303,75.418,56.154,25.312,30.436,92.108,36.740,4.040,55.403,79.099,4.147,76.094
Novaledo,56.692,29.498,30.398,37.352,16.007,71.659,60.230,60.730,68.899,25.181,32.495,32.361,19.708,61.366,78.300,104.498,88.530,66.585,8.524,74.495,54.924,74.450,79.102,11.093,75.654,9.045,33.139,87.923,50.916,54.397,90.364,54.885,84.101,13.178,88.559,14.778,27.558,51.192,11.385,52.613,71.017,56.123,48.746,75.498,38.612,34.541,25.690,70.425,21.267,63.932,55.061,85.635,53.876,79.770,68.201,51.949,82.895,53.821,55.443,54.083,61.219,27.092,29.034,24.540,22.806,39.266,38.209,81.304,23.252,61.131,43.641,20.867,32.208,81.274,5.991,72.003,27.417,21.035,42.677,78.917,82.268,83.912,89.061,62.435,44.107,42.777,73.264,64.869,48.518,57.138,40.890,35.759,0.000,68.180,16.155,93.954,30.337,60.160,105.196,92.098,74.090,15.883,24.524,82.887,83.506,38.533,71.548,58.115,64.436,78.773,85.282,66.148,68.138,5.441,8.761,51.638,72.599,41.737,47.144,76.330,79.469,78.197,16.801,80.684,61.384,38.611,23.809,62.368,71.959,13.569,34.719,77.527,63.015,76.261,40.802,75.674,50.318,49.646,57.870,95.410,78.801,12.325,13.640,8.909,67.244,40.207,35.705,76.711,58.100,69.463,50.439,11.071,44.435,64.676,25.808,83.887,46.776,58.392,38.905,97.649,16.055,39.920,60.944,55.455,36.926,60.346
Novella,85.146,47.435,56.260,46.684,57.188,9.712,36.741,76.648,90.162,59.162,66.385,59.240,87.874,68.103,56.301,104.217,88.249,71.892,76.690,12.795,82.557,12.003,55.456,59.856,14.298,62.323,60.019,89.583,22.454,122.562,92.024,65.012,50.349,81.344,88.277,82.944,95.724,60.883,79.551,63.266,9.070,32.634,64.664,14.141,45.355,60.403,93.856,7.934,49.236,6.479,61.798,24.279,18.836,18.413,3.908,20.240,21.539,69.739,71.361,34.563,67.955,64.817,71.889,55.115,60.531,65.129,37.589,53.093,91.418,123.785,69.891,78.035,36.564,97.192,63.488,6.849,49.803,78.203,58.595,17.560,53.899,85.572,27.704,122.661,28.190,26.076,85.661,41.380,74.768,83.387,67.738,62.638,68.180,0.000,84.569,32.996,67.849,70.418,44.237,31.140,60.890,54.096,92.938,81.888,51.390,66.257,64.046,15.123,76.934,106.498,24.324,81.305,7.272,74.061,77.381,77.882,10.362,68.193,34.473,14.092,13.935,131.218,85.215,82.003,50.926,30.103,61.321,5.812,9.226,81.983,51.220,76.529,15.408,80.124,58.146,59.306,27.016,24.060,58.940,94.412,56.602,80.740,82.054,60.270,78.640,76.324,32.015,15.753,67.788,67.722,21.295,79.691,70.890,66.957,44.765,82.888,64.224,86.097,54.062,36.691,61.814,64.848,10.977,64.334,63.588,72.844
Ospedaletto,72.736,45.542,46.442,53.396,32.051,87.703,76.274,76.774,84.943,41.225,48.539,48.405,9.377,77.410,94.344,120.542,104.574,82.629,8.410,90.539,70.968,90.495,95.146,27.137,91.698,25.089,49.184,83.298,66.960,44.066,85.739,52.385,100.145,6.862,104.603,4.447,17.227,46.566,5.308,47.987,87.061,72.167,64.790,91.542,54.656,50.585,15.359,86.469,37.311,79.976,71.105,101.679,69.920,95.814,84.245,67.993,98.939,69.866,71.487,70.127,77.263,43.136,45.078,40.584,38.850,55.310,54.254,97.348,7.586,50.800,59.685,36.911,48.253,97.318,22.132,88.047,43.461,37.079,58.721,94.961,98.312,79.287,105.105,52.104,60.151,58.821,68.638,80.913,64.562,73.182,56.934,51.803,16.155,84.569,0.000,109.990,46.373,55.080,121.232,108.134,90.125,31.918,14.054,98.923,99.542,54.569,87.583,74.151,59.355,68.303,101.318,82.184,84.173,11.959,12.515,67.673,88.635,57.773,63.179,92.365,95.505,67.727,6.331,75.604,77.420,54.647,39.844,78.403,87.995,4.897,50.754,93.563,79.051,71.180,56.837,91.710,66.353,65.682,73.905,111.446,94.837,7.245,8.559,24.944,83.280,56.243,51.741,92.747,53.020,85.499,66.475,10.913,60.470,80.712,41.844,99.923,51.503,74.427,54.941,113.685,32.091,55.956,76.980,50.375,52.962,55.265
Ossana,110.920,73.209,82.034,72.458,82.962,42.708,62.515,89.446,115.936,84.936,92.160,85.014,113.648,67.029,44.193,92.109,76.141,58.097,102.464,45.790,108.331,29.697,43.348,85.631,19.379,88.097,85.793,122.578,46.430,148.337,125.019,90.787,38.241,107.118,76.169,108.718,121.498,93.109,105.325,95.491,42.066,58.408,90.438,21.150,71.129,86.177,119.630,25.672,75.010,30.455,67.007,8.734,42.812,14.845,36.904,44.216,11.924,95.514,88.910,60.337,70.752,90.592,97.663,80.889,86.306,90.903,63.363,40.985,117.192,156.011,95.665,103.809,62.338,99.590,89.262,28.622,75.577,103.978,84.369,15.972,41.791,118.568,5.297,154.887,53.964,51.850,117.886,67.154,100.543,93.522,93.512,88.413,93.954,32.996,109.990,0.000,93.650,102.425,12.576,1.827,48.777,79.897,118.739,69.775,39.277,92.058,51.933,40.924,108.941,138.505,24.698,87.603,40.241,99.861,103.182,103.683,43.331,93.994,60.274,47.062,35.891,163.225,111.016,114.973,76.727,55.904,87.122,38.203,42.195,107.784,77.021,64.416,42.655,113.094,83.947,47.193,52.817,49.861,66.732,82.299,44.489,106.540,107.855,86.071,83.652,102.125,57.816,18.066,99.795,55.609,47.096,105.492,96.691,58.715,70.566,70.775,90.025,111.898,79.863,3.987,87.615,90.649,34.915,96.341,89.389,104.851
Palù del Fersina / Palai en Bernstol,66.049,24.594,36.159,19.586,26.799,70.984,59.554,60.054,71.065,13.262,8.210,39.377,50.031,60.691,77.624,103.822,87.855,65.909,38.847,73.820,63.460,73.775,78.427,21.822,74.979,24.480,40.156,70.418,50.240,84.720,72.859,27.124,83.425,43.501,87.883,45.101,57.881,32.864,41.708,35.108,70.341,55.448,48.071,74.822,20.845,40.302,56.013,69.750,20.592,63.256,54.386,84.960,53.200,79.094,67.526,51.273,82.219,53.146,54.767,53.407,60.543,4.467,42.462,20.561,8.760,45.028,29.119,80.629,53.575,93.883,50.794,40.192,31.533,80.599,24.396,71.327,22.513,40.361,42.002,78.241,81.592,66.408,88.385,92.759,43.431,42.102,55.759,64.193,55.671,64.291,48.641,42.775,30.337,67.849,46.373,93.650,0.000,42.503,104.525,91.427,73.418,14.520,54.952,82.216,82.835,51.169,70.876,57.444,46.779,76.343,84.611,65.477,67.466,36.075,39.395,58.982,71.928,53.105,46.472,75.658,78.798,101.063,47.230,63.027,60.713,37.940,6.529,61.696,71.288,43.997,21.600,76.856,62.344,58.604,16.775,75.003,49.646,48.975,57.198,94.739,78.130,42.754,44.068,22.285,66.573,55.283,35.034,76.040,40.443,68.792,49.768,41.705,55.802,64.005,25.137,83.216,22.749,71.009,38.234,96.978,17.643,49.760,60.273,37.798,45.687,42.689
Panchià,99.182,45.107,69.292,36.306,62.992,64.213,68.329,92.605,104.198,41.578,35.097,72.510,57.382,93.242,110.175,136.373,120.406,98.460,51.705,61.406,96.593,82.550,110.978,58.014,83.754,60.673,73.289,29.668,59.015,59.735,32.108,20.439,115.976,49.042,120.434,52.452,65.232,9.654,50.230,6.962,62.333,64.222,80.622,83.597,37.394,73.435,63.364,78.525,51.936,72.031,86.937,93.735,61.975,87.869,66.509,60.048,90.994,85.697,87.318,62.137,93.094,46.282,78.655,47.452,50.575,78.161,45.668,113.180,62.282,53.133,83.927,76.385,51.010,113.150,60.589,80.102,42.454,76.553,74.553,87.016,114.143,25.657,97.160,52.008,48.454,50.693,15.008,72.968,88.805,97.424,81.774,75.908,60.160,70.418,55.080,102.425,42.503,0.000,113.709,100.612,105.724,50.769,62.246,114.521,115.140,84.596,103.181,66.629,6.009,35.573,93.796,97.782,64.586,55.253,52.399,93.688,60.112,86.532,41.656,55.991,82.987,60.293,51.184,22.257,82.741,47.990,46.926,70.881,61.180,50.888,35.027,109.161,71.529,17.834,26.043,107.308,58.831,58.160,89.503,127.044,110.435,47.818,47.469,58.534,98.878,92.800,51.715,85.225,2.630,101.097,58.953,49.681,89.229,96.310,58.074,115.521,19.760,104.436,70.539,106.163,59.325,83.187,69.458,8.987,80.065,2.001
Peio,122.162,84.451,93.276,83.699,94.204,53.950,73.757,100.688,127.178,96.178,103.401,96.256,124.890,78.271,55.435,103.350,87.383,69.338,113.706,57.032,119.573,40.939,54.590,96.872,30.620,99.339,97.035,133.820,57.671,159.578,136.261,102.028,49.483,118.360,87.411,119.960,132.740,104.350,116.567,106.733,53.307,69.650,101.680,32.392,82.371,97.419,130.872,36.913,86.252,41.697,78.248,19.976,54.054,26.086,48.146,55.458,23.165,106.755,100.151,71.579,81.994,101.833,108.905,92.131,97.547,102.145,74.605,52.227,128.434,167.252,106.907,115.051,73.580,110.832,100.504,39.864,86.819,115.219,95.611,27.213,53.033,129.809,16.539,166.128,65.206,63.092,129.128,78.396,111.784,104.764,104.754,99.654,105.196,44.237,121.232,12.576,104.525,113.709,0.000,13.100,60.051,91.170,130.013,81.049,50.551,103.331,63.206,52.197,120.215,149.779,35.972,98.877,51.515,111.135,114.455,114.957,54.605,105.267,71.547,58.335,47.164,174.499,122.290,126.247,88.001,67.178,98.395,49.476,53.469,119.057,88.294,75.689,53.929,124.367,95.220,58.466,64.091,61.135,78.006,93.572,55.763,117.814,119.128,97.345,94.926,113.398,69.089,29.340,111.069,66.883,58.370,116.765,107.965,69.988,81.840,82.049,101.298,123.172,91.137,15.375,98.889,101.923,46.189,107.615,100.662,116.125
Pellizzano,109.064,71.353,80.178,70.602,81.106,40.852,60.659,87.590,114.080,83.080,90.304,83.158,111.792,65.173,42.337,90.253,74.285,56.240,100.608,43.934,106.475,27.841,41.492,83.775,17.523,86.241,83.937,120.722,44.574,146.481,123.163,88.931,36.385,105.262,74.313,106.862,119.642,91.253,103.469,93.635,40.210,56.552,88.582,19.294,69.273,84.321,117.774,23.816,73.154,28.599,65.151,6.878,40.956,12.988,35.048,42.360,10.068,93.658,87.054,58.481,68.896,88.736,95.807,79.033,84.450,89.047,61.507,39.129,115.336,154.155,93.809,101.953,60.482,97.734,87.406,26.766,73.721,102.122,82.513,14.116,39.935,116.712,3.441,153.031,52.108,49.994,116.030,65.298,98.687,91.666,91.656,86.556,92.098,31.140,108.134,1.827,91.427,100.612,13.100,0.000,46.953,78.073,116.915,67.951,37.453,90.234,50.109,39.100,107.117,136.681,22.874,85.779,38.417,98.037,101.358,101.859,41.507,92.170,58.450,45.238,34.067,161.401,109.192,113.149,74.903,54.080,85.298,36.379,40.371,105.960,75.197,62.592,40.831,111.269,82.123,45.369,50.993,48.037,64.908,80.474,42.665,104.716,106.031,84.247,81.828,100.300,55.992,16.242,97.971,53.785,45.272,103.668,94.867,56.891,68.742,68.951,88.201,110.074,78.039,5.554,85.791,88.825,33.091,94.517,87.565,103.027
Pelugo,65.524,63.327,59.001,69.613,60.906,70.603,40.414,40.717,71.024,65.072,72.295,62.223,93.784,18.299,4.929,43.379,27.412,9.367,82.599,73.685,57.499,57.592,5.731,65.766,47.273,68.233,63.001,133.639,59.214,128.472,136.080,87.942,10.730,87.254,27.440,88.854,101.634,96.084,85.460,98.328,69.960,44.391,38.297,49.045,68.285,63.143,99.766,53.566,54.344,58.350,18.277,40.069,62.174,42.739,64.799,60.247,39.373,41.072,40.180,47.241,22.023,70.727,74.872,61.025,66.441,63.035,60.678,7.933,97.327,135.206,58.323,80.438,54.677,50.861,69.398,56.517,63.901,84.113,32.569,43.866,8.897,129.628,43.512,136.510,60.135,58.021,118.979,35.813,53.526,44.792,62.020,65.621,74.090,60.890,90.125,48.777,73.418,105.724,60.051,46.953,0.000,58.942,97.784,20.998,9.417,70.664,3.156,67.197,109.522,139.086,52.566,38.826,68.109,78.907,82.227,53.222,71.199,61.120,66.699,74.930,63.759,151.457,90.062,125.770,25.968,63.684,66.167,66.071,70.063,86.829,70.856,15.638,70.523,121.347,79.787,1.584,50.044,54.142,17.955,33.521,4.711,85.586,86.900,65.116,34.875,72.767,59.160,45.934,103.187,6.832,60.507,84.537,62.552,9.938,48.312,21.998,86.075,78.027,34.811,52.425,66.661,69.256,62.783,106.002,66.459,105.432
Pergine Valsugana,52.295,13.235,22.406,21.089,12.345,57.230,45.801,46.301,57.312,9.162,16.476,25.623,35.577,46.937,63.871,90.069,74.101,52.156,24.392,60.066,49.707,60.021,64.673,7.367,61.225,10.026,26.402,78.684,36.487,70.265,81.125,38.622,69.672,29.047,74.130,30.646,43.426,41.130,27.253,43.374,56.588,41.694,34.317,61.069,22.349,26.549,41.558,55.996,6.838,49.503,40.632,71.206,39.447,65.341,53.772,37.520,68.466,39.392,41.014,39.654,46.790,11.075,28.008,9.201,6.789,31.274,23.780,66.875,39.120,76.999,37.041,25.737,17.779,66.845,9.942,57.574,11.153,25.906,28.248,64.488,67.839,74.673,74.632,78.303,29.678,28.348,64.025,50.440,41.918,50.537,34.888,29.022,15.883,54.096,31.918,79.897,14.520,50.769,91.170,78.073,58.942,0.000,40.432,68.452,69.071,37.405,57.112,43.680,54.923,84.487,70.847,51.713,53.702,21.555,24.875,45.218,58.164,39.341,32.708,61.894,65.034,94.105,32.710,71.171,46.949,24.176,7.929,47.932,57.524,29.477,18.603,63.092,48.580,66.748,24.919,61.239,35.882,35.211,43.434,80.975,64.366,28.234,29.548,7.764,52.809,40.763,21.270,62.276,48.587,55.028,36.004,27.185,42.038,50.241,11.373,69.452,30.893,57.245,24.470,83.214,8.556,35.996,46.509,45.942,31.923,50.833
Pieve Tesino,81.105,53.911,54.811,61.766,40.420,96.072,84.643,85.143,93.312,49.594,56.908,56.774,4.761,85.779,102.713,128.911,112.943,90.998,16.409,98.908,79.337,98.864,103.515,35.506,100.067,33.458,57.553,90.161,75.329,30.056,92.602,59.248,108.514,13.418,112.972,9.657,3.161,53.430,13.307,54.851,95.430,80.536,73.159,99.911,63.025,58.954,1.503,94.838,45.680,88.345,79.474,110.048,78.289,104.183,92.614,76.362,107.308,78.235,79.856,78.496,85.632,51.505,53.448,48.953,47.219,63.679,62.623,105.717,14.559,36.790,68.054,45.280,56.622,105.687,30.501,96.416,51.830,45.448,67.090,103.330,106.681,86.150,113.474,38.094,68.520,67.190,75.502,89.282,72.932,81.551,65.303,60.172,24.524,92.938,14.054,118.739,54.952,62.246,130.013,116.915,97.784,40.432,0.000,107.308,107.927,62.954,95.968,82.536,66.384,54.344,109.703,90.569,92.558,20.344,20.660,76.058,97.020,66.158,71.564,100.750,103.890,53.767,8.776,82.633,85.805,63.032,48.229,86.788,96.380,11.516,59.140,101.948,87.436,78.209,65.222,100.095,74.738,74.067,82.290,119.831,103.222,14.316,15.588,33.329,91.665,64.628,60.126,101.132,60.049,93.884,74.860,17.942,68.855,89.097,50.229,108.308,58.532,82.812,63.326,122.070,40.476,64.341,85.365,57.404,61.347,62.294
Pieve di Bono-Prezzo,73.073,72.124,67.798,78.411,69.703,89.020,49.476,50.552,78.574,73.869,81.092,71.020,102.581,25.795,25.926,22.720,6.752,16.863,91.396,91.856,65.049,78.589,26.729,74.563,68.271,77.030,71.799,142.436,68.276,137.269,144.877,96.740,31.728,96.051,6.781,97.651,110.431,104.881,94.258,107.125,88.378,53.453,47.094,70.043,77.082,71.941,108.563,74.564,63.141,81.292,27.075,61.067,71.236,63.737,85.562,69.309,60.371,49.869,48.977,56.304,29.518,79.524,83.669,69.822,75.238,71.832,69.475,28.931,106.125,144.003,65.873,89.235,63.474,30.202,78.195,77.515,72.698,92.910,41.366,64.864,29.895,138.425,64.510,145.307,69.197,67.083,127.776,44.875,61.075,52.342,69.569,73.711,82.887,81.888,98.923,69.775,82.216,114.521,81.049,67.951,20.998,68.452,107.308,0.000,30.435,71.700,17.863,76.253,118.288,147.852,73.584,46.546,86.276,87.673,90.993,60.942,90.737,68.840,75.755,94.468,84.777,160.223,98.827,134.536,35.024,72.450,74.933,80.506,90.097,95.595,79.621,6.115,81.153,130.113,88.552,22.603,59.100,63.198,27.011,12.799,25.730,94.352,95.666,73.882,42.355,80.488,67.926,66.952,111.952,14.221,69.563,93.303,70.272,18.994,57.078,2.751,94.841,85.747,43.577,73.443,75.426,70.292,79.082,114.768,72.819,114.198
Pinzolo,74.940,72.744,68.417,79.030,70.322,61.103,49.830,50.133,80.441,74.488,81.712,71.639,103.200,27.716,4.880,52.796,36.828,18.784,92.016,64.185,66.916,48.092,4.035,75.183,37.773,77.649,72.418,143.055,64.825,137.889,145.496,97.359,1.230,96.670,36.857,98.270,111.050,105.501,94.877,107.745,60.460,53.808,47.714,39.545,77.701,72.560,109.182,44.066,63.760,48.850,27.694,30.569,61.207,33.239,55.299,62.611,29.873,50.489,49.597,56.658,31.439,80.144,84.289,70.441,75.858,72.452,70.094,1.672,106.744,144.623,67.740,89.854,64.093,60.277,78.814,47.017,73.318,93.530,41.985,34.366,2.478,139.044,34.012,145.926,69.551,67.437,128.396,45.229,62.943,54.209,71.437,75.038,83.506,51.390,99.542,39.277,82.835,115.140,50.551,37.453,9.417,69.071,107.927,30.435,0.000,80.164,12.655,59.375,119.022,148.586,43.149,48.326,58.693,88.407,91.727,62.722,61.783,70.620,76.199,65.513,54.342,160.957,99.561,135.270,35.468,73.184,75.667,56.654,60.647,96.329,80.356,25.138,61.106,130.847,89.286,7.915,59.544,63.642,27.455,43.021,5.212,95.086,96.400,74.616,44.375,82.267,68.660,36.518,112.687,16.332,65.547,94.037,72.052,19.438,57.812,31.498,95.575,87.527,44.311,43.008,76.161,78.755,53.366,115.502,75.958,114.932
Pomarolo,20.056,41.078,9.591,48.486,22.715,69.391,57.961,25.692,27.643,42.822,50.046,7.081,58.227,46.298,75.593,68.946,65.028,54.617,47.043,72.227,16.923,72.182,76.395,27.516,73.386,29.796,5.308,112.511,48.647,92.915,114.952,66.815,81.394,51.697,71.309,53.297,66.077,74.956,49.904,77.200,68.749,53.855,40.265,73.230,47.157,12.893,64.209,68.157,32.094,61.664,52.354,83.367,51.608,77.502,65.933,49.680,80.627,35.186,29.994,51.815,41.983,48.478,18.385,38.775,44.192,17.619,39.550,78.597,61.771,99.649,5.639,31.010,33.760,41.502,33.758,69.735,41.652,41.435,39.970,76.648,79.561,108.500,86.793,100.953,41.282,40.509,97.852,62.601,10.517,19.136,2.218,2.726,38.533,66.257,54.569,92.058,51.169,84.596,103.331,90.234,70.664,37.405,62.954,71.700,80.164,0.000,60.880,57.540,82.824,112.388,84.707,25.245,67.562,43.935,47.256,19.381,72.024,5.080,48.118,75.754,78.894,116.486,55.090,99.073,55.556,41.011,38.887,61.792,71.384,51.858,43.576,65.970,62.440,94.649,52.506,65.418,49.742,49.071,52.041,58.677,68.545,50.614,51.929,33.337,31.204,16.727,37.476,76.136,86.783,57.906,49.864,49.566,7.777,58.848,21.944,74.135,58.795,22.984,33.077,97.074,39.381,1.712,60.369,83.329,4.836,78.734
Porte di Rendena,62.570,60.785,56.458,67.071,58.363,77.415,37.871,37.763,68.070,62.530,69.753,59.680,91.242,15.345,8.084,40.224,24.256,6.413,80.057,76.841,54.545,60.747,8.886,63.224,50.429,65.690,60.459,131.096,56.672,125.930,133.537,85.400,13.885,84.711,24.284,86.311,99.091,93.542,82.918,95.786,76.773,41.849,35.755,52.200,65.742,60.601,97.223,56.722,51.801,61.506,15.735,43.225,59.632,45.895,67.954,57.705,42.528,38.530,37.638,44.699,19.069,68.185,72.330,58.482,63.899,60.493,58.136,11.088,94.785,132.664,55.370,77.896,52.135,47.705,66.855,59.672,61.359,81.571,30.027,47.022,12.052,127.085,46.668,133.968,57.593,55.478,116.437,33.271,50.572,41.838,59.066,63.079,71.548,64.046,87.583,51.933,70.876,103.181,63.206,50.109,3.156,57.112,95.968,17.863,12.655,60.880,0.000,64.596,106.921,136.485,55.722,35.981,74.618,76.306,79.626,50.376,79.080,58.275,64.098,82.810,66.914,148.856,87.460,123.169,23.367,61.083,63.566,68.848,73.219,84.228,68.255,12.483,69.496,118.746,77.185,4.740,47.443,51.541,15.354,30.366,7.867,82.985,84.299,62.515,32.029,69.922,56.559,49.090,100.585,3.677,57.906,81.936,59.706,7.336,45.711,18.843,83.474,75.182,32.210,55.580,64.059,66.654,65.938,103.401,63.857,102.831
Predaia,75.081,37.370,46.195,36.619,47.123,18.257,26.676,66.583,80.097,49.097,56.321,49.175,77.809,58.038,64.255,98.614,82.646,61.827,66.625,21.093,72.492,21.048,63.410,49.792,22.252,52.258,49.954,96.707,12.428,112.498,99.148,54.948,58.303,71.279,82.675,72.879,85.659,57.270,69.486,59.652,17.615,22.569,54.599,22.096,35.290,50.338,83.791,17.023,39.171,10.530,51.733,32.233,12.395,26.368,14.799,10.468,29.493,59.675,61.296,24.498,57.891,54.753,61.824,45.050,50.466,55.064,27.524,61.047,81.353,120.172,59.826,67.970,26.499,87.127,53.423,18.601,39.738,68.138,48.530,25.514,61.853,92.696,35.659,119.048,18.125,16.011,82.047,31.315,64.704,73.323,57.673,52.573,58.115,15.123,74.151,40.924,57.444,66.629,52.197,39.100,67.197,43.680,82.536,76.253,59.375,57.540,64.596,0.000,73.193,102.757,32.138,71.357,14.993,64.113,67.433,67.934,19.455,58.245,24.525,23.185,26.324,127.477,75.267,89.441,40.979,20.155,51.373,9.223,18.814,72.035,41.272,70.578,3.973,85.018,48.198,67.120,17.068,14.112,48.992,88.461,64.416,70.792,72.106,50.322,68.692,66.376,22.067,23.567,64.046,62.514,10.620,69.743,60.942,57.009,34.817,76.938,54.276,76.149,44.115,44.505,51.867,54.901,11.024,60.592,53.640,69.102
Predazzo,103.458,49.383,73.568,40.582,67.267,70.729,74.845,96.881,108.474,45.854,39.372,76.785,61.658,97.517,114.451,140.649,124.681,102.736,55.980,67.922,100.869,89.066,115.253,62.290,90.270,64.948,77.564,24.150,65.531,54.120,26.591,24.715,120.252,53.318,124.710,56.727,69.507,15.663,54.505,12.972,68.849,70.738,84.897,90.113,41.669,77.711,67.639,85.041,56.212,78.547,91.212,100.251,68.491,94.385,73.025,66.564,97.510,89.972,91.594,68.653,97.370,50.557,82.930,51.727,54.851,82.437,49.943,117.455,66.557,47.518,88.203,80.660,55.285,117.425,64.864,86.618,46.730,80.829,78.828,93.532,118.419,20.139,103.676,46.394,54.970,57.210,9.490,79.484,93.080,101.699,86.050,80.184,64.436,76.934,59.355,108.941,46.779,6.009,120.215,107.117,109.522,54.923,66.384,118.288,119.022,82.824,106.921,73.193,0.000,30.037,100.268,102.091,71.059,59.563,56.708,97.998,66.585,90.841,48.129,62.463,89.460,54.757,55.494,16.717,89.214,54.463,51.235,77.353,67.653,55.198,39.336,113.471,78.001,12.293,30.352,111.617,65.303,64.632,93.813,131.354,114.744,52.127,51.778,62.843,103.187,97.110,56.024,91.697,8.692,105.406,65.425,53.991,93.539,100.619,62.384,119.830,24.069,108.746,74.848,112.635,63.634,87.497,75.930,15.049,84.374,4.388
Primiero San Martino di Castrozza,133.022,78.947,103.132,70.146,96.832,100.293,104.409,126.445,138.038,75.418,68.936,106.350,59.010,127.081,144.015,170.213,154.245,132.300,70.659,97.486,130.433,118.630,144.817,91.854,119.834,87.707,107.128,54.171,95.095,24.288,56.612,54.279,149.816,67.667,154.274,63.906,56.529,45.227,67.556,42.536,98.413,100.303,114.461,119.677,71.233,107.275,55.815,114.605,85.776,108.111,120.776,129.815,98.055,123.949,102.589,96.128,127.074,119.537,121.158,98.218,126.934,80.121,107.697,81.291,84.415,112.001,79.508,147.019,68.145,17.685,117.767,99.529,84.849,146.989,84.751,116.183,76.294,99.697,108.392,123.096,147.983,50.160,133.240,16.561,84.534,86.774,39.512,109.048,122.644,131.263,115.614,109.748,78.773,106.498,68.303,138.505,76.343,35.573,149.779,136.681,139.086,84.487,54.344,147.852,148.586,112.388,136.485,102.757,30.037,0.000,129.662,131.485,100.453,74.578,74.894,127.392,95.979,120.235,77.523,91.857,118.854,24.729,63.010,46.542,118.608,83.857,80.629,106.747,97.047,65.750,68.730,142.865,107.395,42.119,59.746,141.011,94.697,94.026,123.207,160.748,144.138,68.550,69.823,87.564,132.581,118.862,85.418,121.091,38.086,134.800,94.819,72.177,122.933,130.013,91.778,149.224,53.463,138.140,104.242,142.029,93.028,116.891,105.324,44.443,113.768,33.782
Rabbi,102.248,64.537,73.362,63.786,74.290,34.036,53.843,93.750,107.264,76.264,83.488,76.342,104.976,70.865,48.030,95.945,79.978,61.933,93.792,37.118,99.659,21.025,47.185,76.959,10.707,79.425,77.121,113.906,37.758,139.665,116.347,82.115,42.078,98.446,80.006,100.046,112.826,84.437,96.653,86.819,33.394,49.736,81.766,12.478,62.457,77.505,110.958,17.000,66.338,21.783,70.843,16.008,34.140,9.853,28.232,35.544,13.267,86.842,88.463,51.665,74.589,81.920,88.991,72.217,77.634,82.231,54.691,44.822,108.520,147.339,86.993,95.137,53.666,103.427,80.590,19.950,66.905,95.305,75.697,9.078,45.628,109.896,19.433,146.215,45.292,43.178,109.214,58.482,91.871,100.490,84.840,79.740,85.282,24.324,101.318,24.698,84.611,93.796,35.972,22.874,52.566,70.847,109.703,73.584,43.149,84.707,55.722,32.138,100.268,129.662,0.000,91.113,31.582,91.202,94.522,95.023,34.672,85.334,51.614,38.402,27.231,154.566,102.356,106.313,68.068,47.244,78.462,29.543,33.536,99.124,68.361,67.925,33.995,104.434,75.287,50.702,44.157,41.201,70.242,85.808,47.999,97.881,99.195,77.411,87.162,93.465,49.156,8.528,91.135,59.119,38.436,96.832,88.032,62.224,61.906,74.285,81.365,103.239,71.204,28.087,78.956,81.990,26.255,87.682,80.729,96.191
Riva del Garda,26.935,55.385,34.436,61.672,47.612,84.440,46.181,4.755,32.435,57.130,64.354,31.978,85.842,21.144,43.755,43.792,39.874,29.463,74.658,87.276,18.910,87.231,44.557,52.413,88.435,54.692,30.154,125.697,63.696,120.530,128.138,80.001,49.556,79.312,46.155,80.912,93.692,88.142,77.519,90.386,83.797,50.159,20.632,88.278,60.343,33.746,91.824,83.206,46.402,76.712,22.794,78.896,66.656,81.565,80.981,64.729,78.199,15.553,10.361,53.009,16.829,62.785,43.050,53.083,58.499,36.790,52.736,46.759,89.386,127.264,19.734,55.676,46.735,16.348,61.456,84.783,55.960,66.100,24.231,82.693,47.723,121.686,82.338,128.568,56.887,55.558,111.038,41.581,14.937,6.203,23.431,27.572,66.148,81.305,82.184,87.603,65.477,97.782,98.877,85.779,38.826,51.713,90.569,46.546,48.326,25.245,35.981,71.357,102.091,131.485,91.113,0.000,82.254,71.914,75.234,14.352,86.715,22.250,63.798,90.446,93.585,144.464,83.068,118.777,33.136,56.691,59.174,76.484,86.075,79.836,63.863,40.887,77.131,114.354,72.793,40.335,57.212,63.762,26.279,33.594,43.462,78.593,79.907,58.123,6.120,33.897,52.167,90.827,96.194,32.822,64.555,77.544,23.682,31.609,41.319,49.051,79.082,39.157,27.818,91.175,59.668,23.702,75.060,99.009,26.228,98.439
Romeno,85.103,47.392,56.218,46.641,57.146,2.846,36.698,76.605,90.120,59.120,66.343,59.198,87.832,68.061,63.573,108.637,92.669,71.849,76.647,5.682,82.515,19.275,62.728,59.814,21.570,62.281,59.976,83.927,22.451,122.520,86.368,60.896,57.621,81.302,92.697,82.901,95.681,55.227,79.508,57.610,2.204,32.592,64.622,21.413,45.312,60.361,93.813,15.206,49.193,13.579,61.756,31.551,21.989,25.685,3.364,20.490,28.810,69.697,71.318,34.521,67.913,64.775,71.847,55.073,60.489,65.086,37.546,60.365,91.375,118.129,69.849,77.992,36.522,97.150,63.446,14.121,49.761,78.161,58.553,24.832,61.171,79.916,34.976,117.005,28.148,26.034,80.005,41.337,74.726,83.345,67.696,62.596,68.138,7.272,84.173,40.241,67.466,64.586,51.515,38.417,68.109,53.702,92.558,86.276,58.693,67.562,74.618,14.993,71.059,100.453,31.582,82.254,0.000,74.349,77.669,78.170,4.462,68.481,34.761,8.192,21.206,125.317,85.503,76.103,51.214,30.391,61.609,6.100,3.821,82.271,51.508,80.814,15.696,74.224,58.434,66.578,27.304,24.348,59.228,98.697,63.874,81.028,82.342,60.558,78.928,76.612,32.303,23.025,61.887,72.750,21.583,79.979,71.178,67.245,45.053,87.174,64.614,86.385,54.350,43.963,62.102,65.136,14.484,58.433,63.876,66.943
Roncegno Terme,62.228,35.034,35.933,42.888,21.543,77.195,65.765,66.265,74.434,30.717,38.031,37.896,15.617,66.902,83.835,110.034,94.066,72.121,3.970,80.031,60.460,79.986,84.638,16.629,81.190,14.580,38.675,83.168,56.451,50.305,85.609,52.255,89.637,8.624,94.094,10.687,23.467,46.437,7.294,47.858,76.553,61.659,54.282,81.033,44.148,40.076,21.599,75.961,26.803,69.467,60.597,91.171,59.411,85.305,73.737,57.484,88.431,59.357,60.979,59.618,66.754,32.628,34.570,30.076,28.342,44.802,43.745,86.840,19.161,57.039,49.177,26.402,37.744,86.810,11.624,77.539,32.952,26.571,48.213,84.452,87.804,79.157,94.596,58.343,49.642,48.313,68.509,70.405,54.054,62.673,46.426,41.295,5.441,74.061,11.959,99.861,36.075,55.253,111.135,98.037,78.907,21.555,20.344,87.673,88.407,43.935,76.306,64.113,59.563,74.578,91.202,71.914,74.349,0.000,3.119,57.099,78.060,47.198,52.604,81.791,84.930,74.434,13.039,75.740,66.845,44.072,29.270,67.829,77.420,8.942,40.180,82.988,68.476,71.316,46.262,81.135,55.778,55.107,63.330,100.871,84.262,7.699,7.933,14.369,72.705,45.668,41.166,82.172,53.156,74.924,55.900,5.430,49.895,70.137,31.269,89.348,52.237,63.853,44.366,103.110,21.516,45.381,66.405,50.511,42.387,55.401
Ronchi Valsugana,65.548,38.354,39.254,46.208,24.863,80.515,69.086,69.586,77.755,34.037,41.351,41.217,15.933,70.222,87.156,113.354,97.386,75.441,4.821,83.351,63.780,83.306,87.958,19.949,84.510,17.901,41.995,80.314,59.772,50.622,82.755,49.401,92.957,7.593,97.415,11.003,23.783,43.583,7.647,45.003,79.873,64.979,57.602,84.354,47.468,43.397,21.915,79.281,30.123,72.788,63.917,94.491,62.732,88.626,77.057,60.805,91.751,62.677,64.299,62.939,70.075,35.948,37.890,33.396,31.662,48.122,47.065,90.160,19.717,57.356,52.497,29.723,41.064,90.130,14.944,80.859,36.273,29.891,51.533,87.773,91.124,76.303,97.917,58.659,52.963,51.633,65.654,73.725,57.374,65.994,49.746,44.615,8.761,77.381,12.515,103.182,39.395,52.399,114.455,101.358,82.227,24.875,20.660,90.993,91.727,47.256,79.626,67.433,56.708,74.894,94.522,75.234,77.669,3.119,0.000,60.475,81.436,50.574,55.981,85.167,88.306,74.304,12.908,72.757,70.222,47.448,32.646,71.205,80.796,9.273,43.556,86.365,71.852,68.333,49.639,84.511,59.155,58.484,66.707,104.248,87.638,6.203,4.950,17.746,76.082,49.044,44.543,85.549,50.173,78.300,59.276,2.447,53.272,73.513,34.645,92.724,48.655,67.229,47.742,106.487,24.892,48.757,69.782,47.528,45.763,52.418
Ronzo-Chienis,25.308,51.292,21.428,57.578,35.820,81.017,62.533,16.669,30.809,50.636,57.859,26.636,71.332,35.540,58.150,58.188,54.269,43.858,60.147,83.852,17.283,83.808,58.953,40.621,85.012,42.901,24.863,121.603,60.273,106.020,124.044,75.907,63.951,64.802,60.550,66.401,79.181,84.049,63.008,86.293,80.374,65.480,31.243,84.855,56.249,19.271,77.313,79.783,40.062,73.289,37.189,94.993,63.233,89.127,77.558,61.306,92.252,26.164,20.971,63.440,31.225,56.291,37.940,46.588,52.005,22.314,48.643,61.155,74.875,112.754,15.630,50.565,42.642,30.743,46.863,81.360,49.465,58.811,34.842,88.274,62.118,117.592,98.418,114.058,52.907,52.135,106.944,57.933,13.310,8.581,17.171,22.281,51.638,77.882,67.673,103.683,58.982,93.688,114.957,101.859,53.222,45.218,76.058,60.942,62.722,19.381,50.376,67.934,97.998,127.392,95.023,14.352,78.170,57.099,60.475,0.000,82.117,19.666,58.211,85.848,88.987,129.922,68.526,111.254,48.166,51.104,51.069,71.886,81.477,65.294,55.757,55.212,72.533,106.831,64.688,54.660,59.836,59.164,44.651,47.919,57.787,64.050,65.365,46.773,20.446,31.313,47.569,86.229,88.670,47.147,59.957,63.002,22.262,45.934,34.121,63.377,70.976,36.916,37.574,107.167,51.562,18.771,70.462,93.422,22.132,90.916
Ronzone,89.565,51.854,60.679,51.103,61.607,4.157,41.160,81.067,94.581,63.581,70.805,63.659,92.293,72.522,66.663,113.098,97.130,76.311,81.109,1.772,86.976,22.365,65.818,64.276,24.660,66.742,64.438,79.453,26.912,120.258,81.894,56.422,60.711,85.763,97.159,87.363,100.143,50.753,83.970,53.136,2.277,37.053,69.083,24.503,49.774,64.822,98.275,18.296,53.655,18.040,66.217,34.641,26.451,28.775,6.454,24.952,31.900,74.159,75.780,38.982,72.375,69.237,76.308,59.534,64.950,69.548,42.008,63.455,95.837,113.655,74.310,82.454,40.983,101.611,67.907,17.211,54.222,82.622,63.014,27.922,64.261,75.442,38.066,112.531,32.609,30.495,75.531,45.799,79.188,87.807,72.157,67.057,72.599,10.362,88.635,43.331,71.928,60.112,54.605,41.507,71.199,58.164,97.020,90.737,61.783,72.024,79.080,19.455,66.585,95.979,34.672,86.715,4.462,78.060,81.436,82.117,0.000,72.955,39.235,3.824,23.427,120.949,89.977,71.735,55.688,34.865,66.083,10.574,1.068,86.745,55.982,85.288,20.169,69.856,62.908,69.435,31.778,28.822,63.702,103.171,66.732,85.502,86.816,65.032,83.402,81.086,36.777,25.882,57.519,77.223,26.057,84.453,75.652,71.719,49.527,91.648,60.246,90.859,58.824,46.820,66.576,69.610,18.957,54.065,68.350,62.575
Rovereto,15.873,43.014,14.272,50.422,25.919,71.327,59.898,22.831,23.456,44.758,51.982,10.285,61.431,43.438,66.049,66.086,62.168,51.757,50.247,74.163,14.063,74.118,66.851,30.720,75.322,33.000,8.629,114.447,50.584,96.119,116.888,68.751,71.850,54.901,68.449,56.501,69.281,76.893,53.108,79.137,70.685,55.791,37.405,75.166,49.093,17.574,67.413,70.093,34.030,63.600,45.088,85.303,53.544,79.438,67.869,51.616,82.563,32.326,27.133,53.751,39.123,50.414,21.358,40.711,46.128,22.300,41.486,69.053,64.975,102.853,4.034,33.983,35.696,38.642,36.962,71.671,43.588,44.408,41.906,78.585,70.017,110.436,88.729,104.157,43.218,42.445,99.788,64.537,7.657,16.276,5.213,7.407,41.737,68.193,57.773,93.994,53.105,86.532,105.267,92.170,61.120,39.341,66.158,68.840,70.620,5.080,58.275,58.245,90.841,120.235,85.334,22.250,68.481,47.198,50.574,19.666,72.955,0.000,49.731,77.367,80.506,119.688,58.292,103.777,53.947,42.623,43.592,63.405,72.996,55.060,48.280,63.001,64.052,99.354,57.211,62.449,51.355,50.684,50.432,55.708,65.576,53.817,55.131,36.539,28.234,11.647,39.089,77.749,88.395,54.936,51.476,52.768,2.800,53.723,26.161,71.165,63.500,18.007,37.294,98.687,44.085,3.557,61.982,84.941,4.762,83.439
Roverè della Luna,65.659,26.792,36.773,23.907,36.420,37.607,26.177,58.150,70.675,38.126,37.504,40.999,66.838,58.787,71.627,98.116,82.148,64.005,55.653,40.443,63.070,40.398,72.430,38.820,41.602,41.286,41.778,71.734,16.863,101.801,74.175,28.437,77.429,60.307,82.177,61.907,74.687,32.297,58.514,34.680,36.965,22.071,46.166,41.446,22.578,40.916,72.819,36.373,28.199,29.880,52.481,51.583,19.824,45.718,34.149,17.896,48.843,51.242,52.863,19.986,58.639,43.781,53.648,30.698,39.495,45.642,14.812,74.632,70.381,95.199,50.404,56.998,15.922,78.695,42.451,37.951,29.161,57.167,40.097,44.864,75.596,67.723,55.009,94.075,6.303,8.986,57.075,30.817,55.282,63.901,48.251,43.888,47.144,34.473,63.179,60.274,46.472,41.656,71.547,58.450,66.699,32.708,71.564,75.755,76.199,48.118,64.098,24.525,48.129,77.523,51.614,63.798,34.761,52.604,55.981,58.211,39.235,49.731,0.000,37.816,45.731,102.417,64.442,64.381,40.490,8.726,40.547,28.630,38.221,61.210,28.528,70.089,29.277,59.958,24.370,67.971,16.579,15.908,48.503,87.972,71.098,59.966,61.281,39.497,63.864,58.480,12.688,42.973,38.987,62.025,16.701,58.918,51.797,56.520,24.510,76.449,30.448,67.004,35.525,63.911,41.041,45.755,27.206,35.533,45.744,44.043
Ruffrè-Mendola,93.295,55.584,64.410,54.833,65.338,7.888,44.890,84.797,98.312,67.312,72.231,67.390,96.024,76.253,70.393,116.829,100.861,80.041,84.839,5.081,90.707,26.095,69.548,68.006,28.390,70.473,68.168,75.332,30.643,116.136,77.773,52.300,64.441,89.494,100.889,91.094,103.873,46.632,87.700,49.015,6.007,40.784,72.814,28.234,53.504,68.553,102.005,22.027,57.385,21.771,69.948,38.371,30.181,32.506,10.184,28.682,35.631,77.889,79.511,42.713,76.105,72.967,80.039,63.265,68.681,73.278,45.738,67.185,99.567,109.534,78.041,86.184,44.714,105.342,71.638,20.942,57.953,86.353,66.745,31.653,67.991,71.321,41.797,108.410,36.340,34.226,71.410,49.529,82.918,91.537,75.888,70.788,76.330,14.092,92.365,47.062,75.658,55.991,58.335,45.238,74.930,61.894,100.750,94.468,65.513,75.754,82.810,23.185,62.463,91.857,38.402,90.446,8.192,81.791,85.167,85.848,3.824,77.367,37.816,0.000,26.716,116.826,93.819,67.612,59.530,38.706,69.924,14.416,4.909,90.586,59.823,89.130,24.011,65.732,62.405,73.277,35.620,32.664,67.543,107.013,70.574,89.343,84.655,68.874,87.243,84.927,40.618,29.724,53.396,81.065,29.899,88.294,79.494,75.561,53.369,95.489,56.123,94.701,62.666,50.662,70.418,73.452,22.799,49.942,72.191,58.452
Rumo,96.435,58.723,67.549,57.972,68.477,26.412,48.029,87.937,101.451,70.451,77.674,70.529,99.163,79.392,59.222,107.138,91.170,73.126,87.979,21.491,93.846,11.797,58.377,71.145,17.219,73.612,71.308,102.328,31.944,133.851,104.769,76.301,53.270,92.633,91.199,94.233,107.013,73.628,90.840,76.011,24.532,43.923,75.953,17.063,56.644,71.692,105.145,10.380,60.525,15.970,73.087,27.200,28.327,21.335,17.843,29.731,24.460,81.028,82.650,45.852,79.244,76.106,83.178,66.404,71.820,76.418,48.878,56.014,102.707,136.530,81.180,89.324,47.853,108.481,74.777,8.025,61.092,89.492,69.884,20.482,56.820,98.317,30.626,135.406,39.479,37.365,98.406,52.669,86.057,94.676,79.027,73.927,79.469,13.935,95.505,35.891,78.798,82.987,47.164,34.067,63.759,65.034,103.890,84.777,54.342,78.894,66.914,26.324,89.460,118.854,27.231,93.585,21.206,84.930,88.306,88.987,23.427,80.506,45.731,26.716,0.000,143.924,96.569,94.709,62.280,41.457,72.674,19.747,22.914,93.337,62.573,79.454,28.208,92.830,69.500,62.231,38.370,35.414,70.293,97.337,59.528,92.093,93.407,71.624,89.993,87.677,43.369,18.678,80.493,70.648,32.649,91.045,82.244,73.753,56.119,85.814,75.578,97.451,65.416,39.616,73.168,76.202,20.468,77.040,74.942,85.549
Sagron Mis,134.778,103.667,108.484,94.866,94.093,125.013,129.129,138.816,146.985,100.138,93.656,110.447,58.434,139.452,156.386,182.584,166.616,144.671,70.082,122.206,133.010,143.350,157.188,89.179,144.554,87.131,111.226,78.891,119.815,23.711,81.332,78.999,162.187,67.091,166.645,63.330,55.953,69.947,66.980,67.256,123.133,125.023,126.832,144.397,95.953,112.627,55.238,139.325,99.353,132.831,133.147,154.535,122.775,148.669,127.309,120.848,151.794,131.908,133.529,122.938,139.305,104.841,107.121,106.011,100.892,117.353,104.227,159.390,67.569,17.109,121.727,98.953,109.569,159.360,84.175,140.903,101.014,99.121,120.763,147.816,160.354,74.880,157.960,15.985,109.254,111.494,64.232,133.768,126.605,135.224,118.976,113.845,78.197,131.218,67.727,163.225,101.063,60.293,174.499,161.401,151.457,94.105,53.767,160.223,160.957,116.486,148.856,127.477,54.757,24.729,154.566,144.464,125.317,74.434,74.304,129.922,120.949,119.688,102.417,116.826,143.924,0.000,62.434,71.262,139.463,108.577,105.349,131.467,121.767,65.174,93.450,155.606,132.115,66.839,84.466,153.753,119.417,118.746,135.948,173.489,156.880,67.974,69.246,86.987,145.323,118.286,110.138,145.811,62.806,147.542,119.539,71.601,122.513,142.755,103.887,161.966,78.183,136.471,116.984,166.749,94.134,117.999,130.044,69.163,115.005,58.501
Samone,73.382,46.188,47.088,54.043,32.697,88.350,76.920,77.420,85.589,41.872,49.185,49.051,4.049,78.056,94.990,121.188,105.220,83.275,8.686,91.185,71.615,91.141,95.792,27.783,92.345,25.735,49.830,79.099,67.606,38.737,81.540,48.186,100.791,5.695,105.249,1.934,11.899,42.368,5.584,43.789,87.707,72.813,65.436,92.188,55.302,51.231,10.031,87.116,37.957,80.622,71.751,102.326,70.566,96.460,84.891,68.639,99.585,70.512,72.133,70.773,77.909,43.782,45.725,41.230,39.496,55.957,54.900,97.994,13.645,45.471,60.331,37.557,48.899,97.965,22.779,88.693,44.107,37.725,59.367,95.607,98.958,75.089,105.751,46.775,60.797,59.468,64.440,81.559,65.209,73.828,57.580,52.449,16.801,85.215,6.331,111.016,47.230,51.184,122.290,109.192,90.062,32.710,8.776,98.827,99.561,55.090,87.460,75.267,55.494,63.010,102.356,83.068,85.503,13.039,12.908,68.526,89.977,58.292,64.442,93.819,96.569,62.434,0.000,74.910,78.082,55.309,40.507,79.066,88.657,3.793,51.417,94.225,79.713,70.487,57.499,92.372,67.015,66.344,74.567,112.108,95.499,6.593,7.865,25.606,83.942,56.905,52.403,93.409,52.326,86.161,67.137,10.220,61.132,81.374,42.506,100.585,50.809,75.090,55.603,114.347,32.753,56.618,77.642,49.681,53.624,54.572
San Giovanni di Fassa / Sèn Jan,119.706,65.631,89.816,56.830,83.516,75.799,91.093,113.129,124.722,62.102,55.621,93.034,77.906,113.765,130.699,156.897,140.929,118.984,72.228,72.992,117.117,94.006,131.501,78.538,96.301,81.197,93.813,7.390,81.779,70.821,9.831,40.963,136.500,69.566,140.958,72.976,85.756,31.911,70.753,29.220,73.918,86.987,101.145,96.145,57.918,93.959,83.888,89.938,72.460,89.682,107.460,106.282,84.739,100.417,78.095,82.812,103.542,106.221,107.842,84.902,113.618,66.806,99.179,67.976,71.099,98.685,66.192,133.703,82.806,64.219,104.451,96.908,71.533,133.673,81.113,88.853,62.978,97.077,95.076,99.564,134.667,3.379,109.708,63.095,71.219,73.458,8.578,95.733,109.328,117.948,102.298,96.432,80.684,82.003,75.604,114.973,63.027,22.257,126.247,113.149,125.770,71.171,82.633,134.536,135.270,99.073,123.169,89.441,16.717,46.542,106.313,118.777,76.103,75.740,72.757,111.254,71.735,103.777,64.381,67.612,94.709,71.262,74.910,0.000,105.483,70.732,67.504,82.691,73.184,71.467,55.605,129.740,92.286,4.474,46.621,127.886,81.572,80.901,110.082,147.623,131.013,68.396,68.047,79.112,119.457,113.379,72.293,97.999,24.961,121.675,81.694,70.260,109.808,116.888,78.653,136.099,40.338,125.015,91.117,118.937,79.904,103.766,92.199,31.318,100.643,20.657
San Lorenzo Dorsino,58.606,50.622,46.295,52.731,48.200,54.061,14.517,32.762,64.107,52.366,59.590,49.517,81.078,16.809,30.897,57.386,41.418,20.598,69.894,56.897,50.581,56.852,31.699,53.061,58.056,55.527,50.296,112.819,33.317,115.767,115.260,71.060,36.698,74.548,41.446,76.148,88.928,73.382,72.755,75.765,53.418,18.494,25.592,57.899,51.402,50.438,87.060,52.827,41.638,46.333,10.504,68.037,36.277,62.171,50.603,34.350,65.296,28.367,27.475,21.344,16.662,58.022,62.166,48.319,53.736,50.330,43.636,33.901,84.622,122.501,51.406,67.732,41.971,45.913,56.692,54.405,51.196,71.408,19.863,61.318,34.865,108.808,71.462,123.804,34.238,32.124,98.160,9.916,46.608,37.875,58.294,52.916,61.384,50.926,77.420,76.727,60.713,82.741,88.001,74.903,25.968,46.949,85.805,35.024,35.468,55.556,23.367,40.979,89.214,118.608,68.068,33.136,51.214,66.845,70.222,48.166,55.688,53.947,40.490,59.530,62.280,139.463,78.082,105.483,0.000,36.361,53.453,45.481,55.073,74.115,58.142,29.600,46.129,101.223,67.072,27.481,24.076,28.173,8.013,47.483,30.608,72.872,74.186,52.402,27.713,66.480,38.273,59.825,80.252,21.535,34.538,71.823,55.610,16.031,35.598,35.959,73.361,71.086,22.097,80.763,53.947,56.541,44.058,76.798,53.744,85.308
San Michele all'Adige,58.552,18.260,29.666,16.562,27.887,33.237,21.808,51.043,63.568,29.593,30.159,33.892,58.305,51.679,68.613,94.811,78.843,56.898,47.121,36.073,55.963,36.029,69.415,30.287,37.232,32.754,34.671,78.068,12.494,92.993,80.509,34.891,74.414,51.775,78.872,53.375,66.155,38.631,49.982,41.014,32.595,17.701,39.059,37.076,15.233,33.809,64.287,32.003,19.667,25.510,45.374,47.213,15.454,41.348,29.779,13.527,44.473,44.135,45.756,15.616,51.532,35.248,46.541,22.165,30.962,38.535,7.467,71.617,61.849,101.533,43.297,48.466,7.389,71.587,33.919,33.581,20.628,48.634,32.990,40.495,72.581,74.057,50.639,100.409,3.157,4.065,63.409,26.447,48.175,56.794,41.144,36.781,38.611,30.103,54.647,55.904,37.940,47.990,67.178,54.080,63.684,24.176,63.032,72.450,73.184,41.011,61.083,20.155,54.463,83.857,47.244,56.691,30.391,44.072,47.448,51.104,34.865,42.623,8.726,38.706,41.457,108.577,55.309,70.732,36.361,0.000,31.961,24.309,33.900,52.623,21.117,66.942,24.957,66.250,28.043,65.089,12.259,11.588,44.183,84.825,68.216,51.379,52.694,30.910,56.659,51.275,4.101,38.653,45.278,58.878,12.380,50.331,44.592,54.091,15.923,73.302,34.121,59.799,28.320,59.591,32.454,38.550,22.886,41.824,38.539,50.334
Sant'Orsola Terme,59.520,20.290,29.631,28.145,20.271,64.455,53.026,53.526,64.536,12.388,12.632,32.848,43.503,54.162,71.096,97.294,81.326,59.381,32.318,67.291,56.932,67.246,71.898,15.293,68.450,17.952,33.627,74.841,43.712,78.191,77.282,31.546,76.897,36.973,81.355,38.573,51.353,37.286,35.179,39.530,63.813,48.919,41.542,68.294,29.404,33.774,49.484,63.221,14.063,56.728,47.857,78.431,46.672,72.566,60.997,44.744,75.691,46.617,48.239,46.879,54.014,5.398,35.934,16.256,6.008,38.499,31.005,74.100,47.046,84.925,44.265,33.663,25.004,74.070,17.868,64.799,18.209,33.832,35.473,71.712,75.064,70.830,81.857,86.229,36.902,35.573,60.181,57.665,49.143,57.762,42.112,36.247,23.809,61.321,39.844,87.122,6.529,46.926,98.395,85.298,66.167,7.929,48.229,74.933,75.667,38.887,63.566,51.373,51.235,80.629,78.462,59.174,61.609,29.270,32.646,51.069,66.083,43.592,40.547,69.924,72.674,105.349,40.507,67.504,53.453,31.961,0.000,55.168,64.759,37.469,25.662,70.328,55.815,63.026,21.197,68.474,43.118,42.446,50.670,88.211,71.601,36.225,37.540,15.756,60.044,48.755,28.505,69.511,44.865,62.263,43.239,35.177,49.274,57.476,18.608,76.687,27.171,64.481,31.705,90.450,12.094,43.232,53.744,42.220,39.158,47.111
Sanzeno,79.333,41.622,50.448,40.871,51.376,8.947,30.928,70.835,84.350,53.350,60.573,53.427,82.062,62.291,61.534,102.867,86.899,66.079,70.877,11.783,76.745,17.815,60.689,54.044,19.531,56.510,54.206,90.027,16.681,116.750,92.468,59.200,55.582,75.532,86.927,77.131,89.911,61.522,73.738,63.905,8.304,26.822,58.852,19.375,39.542,54.591,88.043,14.302,43.423,7.809,55.985,29.512,16.219,23.647,5.489,14.720,26.772,63.927,65.548,28.751,62.143,59.005,66.077,49.302,54.719,59.316,31.776,58.326,85.605,124.424,64.079,72.222,30.752,91.380,57.676,12.662,43.991,72.391,52.783,22.794,59.132,86.017,32.938,123.300,22.378,20.264,86.300,35.567,68.956,77.575,61.926,56.826,62.368,5.812,78.403,38.203,61.696,70.881,49.476,36.379,66.071,47.932,86.788,80.506,56.654,61.792,68.848,9.223,77.353,106.747,29.543,76.484,6.100,67.829,71.205,71.886,10.574,63.405,28.630,14.416,19.747,131.467,79.066,82.691,45.481,24.309,55.168,0.000,9.922,76.171,45.407,74.714,9.595,80.324,52.334,64.479,21.204,18.248,53.128,92.597,61.775,74.927,76.241,54.458,72.827,70.511,26.203,20.925,68.182,66.649,15.483,73.879,65.078,61.145,38.953,81.073,58.412,80.285,48.250,41.864,56.002,59.036,8.383,64.728,57.776,73.238
Sarnonico,88.925,51.214,60.039,50.462,60.967,3.517,40.520,80.427,93.941,62.941,70.164,63.019,91.653,71.882,65.527,112.458,96.490,75.670,80.469,2.018,86.336,21.229,64.682,63.635,23.524,66.102,63.798,80.521,26.272,121.325,82.962,57.490,59.575,85.123,96.519,86.723,99.503,51.821,83.330,54.204,1.637,36.413,68.443,23.367,49.134,64.182,97.635,17.160,53.015,17.400,65.577,33.505,25.811,27.639,5.318,24.312,30.764,73.518,75.140,38.342,71.734,68.596,75.668,58.894,64.310,68.908,41.368,62.319,95.197,114.723,73.670,81.814,40.343,100.971,67.267,16.075,53.582,81.982,62.374,26.786,63.125,76.510,36.930,113.599,31.969,29.855,76.599,45.159,78.547,87.166,71.517,66.417,71.959,9.226,87.995,42.195,71.288,61.180,53.469,40.371,70.063,57.524,96.380,90.097,60.647,71.384,73.219,18.814,67.653,97.047,33.536,86.075,3.821,77.420,80.796,81.477,1.068,72.996,38.221,4.909,22.914,121.767,88.657,73.184,55.073,33.900,64.759,9.922,0.000,85.940,55.176,84.483,19.364,70.862,62.103,68.372,30.973,28.017,62.896,102.366,65.669,84.696,86.010,64.227,82.596,80.280,35.972,24.819,58.525,76.418,25.252,83.648,74.847,70.914,48.722,90.842,61.252,90.054,58.019,45.757,65.771,68.805,18.152,55.071,67.545,63.581
Scurelle,70.150,42.956,43.856,50.810,29.465,85.117,73.688,74.188,82.357,38.639,45.953,45.819,6.789,74.824,91.758,117.956,101.988,80.043,5.113,87.953,68.382,87.909,92.560,24.551,89.112,22.503,46.598,78.803,64.374,41.478,81.244,47.890,97.559,2.060,102.017,1.859,14.639,42.072,2.011,43.493,84.475,69.581,62.204,88.956,52.070,47.999,12.771,83.883,34.725,77.390,68.519,99.093,67.334,93.228,81.659,65.407,96.353,67.280,68.901,67.541,74.677,40.550,42.493,37.998,36.264,52.724,51.668,94.762,12.212,48.212,57.099,34.325,45.667,94.732,19.546,85.461,40.875,34.493,56.135,92.375,95.726,74.793,102.519,49.515,57.565,56.235,64.144,78.327,61.977,70.596,54.348,49.217,13.569,81.983,4.897,107.784,43.997,50.888,119.057,105.960,86.829,29.477,11.516,95.595,96.329,51.858,84.228,72.035,55.198,65.750,99.124,79.836,82.271,8.942,9.273,65.294,86.745,55.060,61.210,90.586,93.337,65.174,3.793,71.467,74.115,52.623,37.469,76.171,85.940,0.000,47.822,90.631,76.118,66.852,53.905,88.777,63.421,62.749,70.973,108.514,91.904,2.958,4.230,22.012,80.347,53.310,48.808,89.814,48.691,82.566,63.542,6.585,57.538,77.779,38.911,96.990,47.174,71.495,52.008,110.753,29.158,53.023,74.047,46.046,50.029,50.937
Segonzano,64.209,10.134,34.319,4.607,31.373,54.354,42.925,58.214,69.225,10.971,14.194,37.537,54.413,58.851,75.784,101.983,86.015,64.069,43.228,57.190,61.620,57.145,76.587,26.395,58.349,28.862,38.316,62.942,33.611,93.009,65.383,19.447,81.585,47.883,86.043,49.483,62.263,25.387,46.089,27.631,53.712,38.818,46.231,58.193,5.867,38.462,60.395,53.120,16.963,46.627,52.546,68.330,36.571,62.465,50.896,34.643,65.590,51.306,52.928,36.733,58.703,25.379,47.035,12.479,25.393,43.188,14.141,78.789,57.956,86.407,48.954,44.573,19.482,78.759,30.027,54.698,7.481,44.742,40.162,61.611,79.753,58.931,71.756,85.283,23.628,25.182,48.282,47.564,53.832,62.451,46.801,40.935,34.719,51.220,50.754,77.021,21.600,35.027,88.294,75.197,70.856,18.603,59.140,79.621,80.356,43.576,68.255,41.272,39.336,68.730,68.361,63.863,51.508,40.180,43.556,55.757,55.982,48.280,28.528,59.823,62.573,93.450,51.417,55.605,58.142,21.117,25.662,45.407,55.176,47.822,0.000,74.807,46.101,51.114,8.971,72.954,33.404,32.732,55.149,92.690,76.081,47.100,48.414,26.630,64.524,56.373,20.187,59.797,32.954,66.743,33.525,46.051,53.754,61.956,23.088,81.167,15.260,68.961,36.185,80.736,27.178,47.712,44.030,30.309,43.638,35.199
Sella Giudicarie,67.660,66.765,62.438,73.051,64.343,83.660,44.116,42.853,73.160,68.509,75.733,65.660,97.221,20.436,20.567,28.476,12.508,11.503,86.037,86.496,59.635,73.230,21.369,69.204,62.912,71.670,66.439,137.076,62.917,131.910,139.517,91.380,26.368,90.691,12.536,92.291,105.071,99.522,88.898,101.766,83.018,48.094,41.735,64.683,71.722,66.581,103.203,69.205,57.781,75.933,21.715,55.708,65.877,58.378,80.202,63.950,55.011,44.510,43.618,50.944,24.159,74.165,78.310,64.462,69.879,66.473,64.115,23.571,100.765,138.644,60.460,83.875,58.114,35.957,72.835,72.155,67.339,87.551,36.006,59.505,24.535,133.065,59.151,139.948,63.837,61.723,122.417,39.516,55.662,46.929,64.156,69.059,77.527,76.529,93.563,64.416,76.856,109.161,75.689,62.592,15.638,63.092,101.948,6.115,25.138,65.970,12.483,70.578,113.471,142.865,67.925,40.887,80.814,82.988,86.365,55.212,85.288,63.001,70.089,89.130,79.454,155.606,94.225,129.740,29.600,66.942,70.328,74.714,84.483,90.631,74.807,0.000,75.258,124.217,82.657,16.707,53.204,57.302,21.115,18.660,19.834,88.456,89.770,67.986,36.459,74.352,62.030,61.057,106.057,8.325,63.667,87.407,64.136,13.098,51.182,7.137,88.945,79.611,37.681,67.547,69.531,72.126,73.187,108.872,69.329,108.302
Sfruz,79.981,42.270,51.095,41.519,52.023,18.542,31.576,71.483,84.997,53.997,61.221,54.075,82.709,62.938,65.986,103.514,87.546,66.727,71.525,21.378,77.392,22.780,65.142,54.692,23.984,57.158,54.854,99.622,17.328,117.398,102.063,59.848,60.035,76.179,87.575,77.779,90.559,62.170,74.386,64.552,17.899,27.469,59.499,23.827,40.190,55.238,88.691,18.755,44.071,12.261,56.633,33.965,17.295,28.099,15.084,15.368,31.224,64.575,66.196,29.398,62.791,59.653,66.724,49.950,55.367,59.964,32.424,62.779,86.253,125.072,64.726,72.870,31.399,92.027,58.323,20.332,44.638,73.038,53.430,27.246,63.584,95.612,37.390,123.948,23.025,20.911,86.947,36.215,69.604,78.223,62.573,57.473,63.015,15.408,79.051,42.655,62.344,71.529,53.929,40.831,70.523,48.580,87.436,81.153,61.106,62.440,69.496,3.973,78.001,107.395,33.995,77.131,15.696,68.476,71.852,72.533,20.169,64.052,29.277,24.011,28.208,132.115,79.713,92.286,46.129,24.957,55.815,9.595,19.364,76.118,46.101,75.258,0.000,89.854,53.035,68.973,21.905,18.949,53.829,93.298,66.269,75.628,76.942,55.159,73.529,71.212,26.904,25.419,68.883,67.350,16.185,74.580,65.779,61.846,39.654,81.774,59.113,80.986,48.951,46.358,56.703,59.737,12.877,65.429,58.477,73.939
Soraga di Fassa / Soraga,115.283,61.208,85.393,52.407,79.092,73.920,86.670,108.706,120.299,57.679,51.197,88.610,73.483,109.342,126.276,152.474,136.506,114.561,67.805,71.113,112.694,92.127,127.078,74.115,94.422,76.773,89.389,11.810,77.356,66.398,14.251,36.540,132.077,65.143,136.535,68.552,81.332,27.488,66.330,24.797,72.039,82.563,96.722,94.265,53.494,89.536,79.464,88.058,68.037,90.372,103.037,104.403,80.316,98.537,76.216,78.389,101.663,101.797,103.419,80.478,109.195,62.382,94.755,63.552,66.676,94.262,61.768,129.280,78.382,59.795,100.028,92.485,67.110,129.250,76.689,86.973,58.555,92.654,90.653,97.684,130.244,7.800,107.829,58.671,66.795,69.035,4.155,91.309,104.905,113.524,97.875,92.009,76.261,80.124,71.180,113.094,58.604,17.834,124.367,111.269,121.347,66.748,78.209,130.113,130.847,94.649,118.746,85.018,12.293,42.119,104.434,114.354,74.224,71.316,68.333,106.831,69.856,99.354,59.958,65.732,92.830,66.839,70.487,4.474,101.223,66.250,63.026,80.324,70.862,66.852,51.114,124.217,89.854,0.000,42.147,123.413,77.098,76.427,105.608,143.149,126.539,63.922,63.573,74.638,114.983,108.905,67.819,96.096,20.487,117.201,77.220,65.786,105.334,112.414,74.179,131.625,35.864,120.541,86.643,117.034,75.430,99.292,87.725,26.844,96.169,16.183
Sover,73.140,19.065,43.250,11.705,37.264,61.280,49.851,67.145,78.156,15.850,9.368,46.468,60.496,67.781,84.715,110.913,94.945,73.000,49.311,64.116,70.551,64.071,85.517,32.286,65.275,34.944,47.246,53.958,40.537,84.025,56.399,10.463,90.516,51.748,94.974,55.565,68.345,16.403,52.172,18.647,60.638,45.744,55.161,65.119,12.793,47.393,66.477,60.046,25.894,53.553,61.476,75.256,43.497,69.391,57.822,41.570,72.516,60.237,61.858,43.659,67.634,20.553,52.926,21.409,24.847,52.119,21.067,87.719,64.039,77.423,57.885,50.656,26.408,87.689,34.861,61.624,16.412,50.825,49.092,68.538,88.683,49.947,78.682,76.299,30.554,32.108,39.298,54.490,62.762,71.381,55.732,49.866,40.802,58.146,56.837,83.947,16.775,26.043,95.220,82.123,79.787,24.919,65.222,88.552,89.286,52.506,77.185,48.198,30.352,59.746,75.287,72.793,58.434,46.262,49.639,64.688,62.908,57.211,24.370,62.405,69.500,84.466,57.499,46.621,67.072,28.043,21.197,52.334,62.103,53.905,8.971,82.657,53.035,42.147,0.000,81.898,40.338,39.666,64.093,101.634,85.025,50.423,50.074,32.805,73.468,65.317,27.121,66.731,23.982,75.686,40.459,52.286,62.697,70.899,32.032,90.111,6.288,77.904,45.129,87.670,33.596,56.655,50.964,21.338,52.581,26.228
Spiazzo,67.108,64.912,60.585,71.198,62.490,69.018,41.998,42.301,72.609,66.656,73.880,63.807,95.368,19.884,3.344,44.964,28.996,10.952,84.184,72.100,59.084,56.007,4.146,67.351,45.689,69.817,64.586,135.223,60.799,130.057,137.664,89.527,9.145,88.838,29.024,90.438,103.218,97.669,87.045,99.913,68.376,45.976,39.882,47.460,69.869,64.728,101.350,51.982,55.928,56.766,19.862,38.485,63.759,41.155,63.214,61.832,37.788,42.657,41.765,48.826,23.607,72.312,76.456,62.609,68.026,64.620,62.262,6.348,98.912,136.791,59.908,82.022,56.261,52.445,70.982,54.932,65.486,85.697,34.153,42.282,7.312,131.212,41.928,138.094,61.719,59.605,120.564,37.397,55.111,46.377,63.604,67.205,75.674,59.306,91.710,47.193,75.003,107.308,58.466,45.369,1.584,61.239,100.095,22.603,7.915,65.418,4.740,67.120,111.617,141.011,50.702,40.335,66.578,81.135,84.511,54.660,69.435,62.449,67.971,73.277,62.231,153.753,92.372,127.886,27.481,65.089,68.474,64.479,68.372,88.777,72.954,16.707,68.973,123.413,81.898,0.000,51.629,55.726,19.539,35.106,3.127,87.170,88.485,66.701,36.460,74.352,60.745,44.350,104.771,8.417,62.091,86.122,64.136,11.522,49.896,23.583,87.659,79.612,36.396,50.840,68.245,70.840,61.198,107.587,68.043,107.017
Spormaggiore,67.283,29.572,38.398,28.821,39.326,30.150,9.523,56.837,72.299,41.299,48.523,41.377,70.011,40.885,54.973,81.461,65.493,44.674,58.827,32.986,64.695,32.942,55.775,41.994,34.146,44.460,42.156,88.909,9.407,104.700,91.350,47.150,60.774,63.481,65.522,65.081,77.861,49.472,61.688,51.855,29.508,5.416,46.801,33.989,27.492,42.540,75.993,28.917,31.373,22.423,34.580,44.127,12.367,38.261,26.692,10.440,41.386,51.877,51.550,7.680,40.737,46.955,54.027,37.252,42.669,47.266,19.726,57.977,73.555,112.374,52.028,60.172,18.701,69.988,45.625,30.494,31.941,60.341,40.732,37.408,58.941,84.898,47.552,111.250,10.328,8.213,74.250,14.162,56.906,65.525,49.875,44.776,50.318,27.016,66.353,52.817,49.646,58.831,64.091,50.993,50.044,35.882,74.738,59.100,59.544,49.742,47.443,17.068,65.303,94.697,44.157,57.212,27.304,55.778,59.155,59.836,31.778,51.355,16.579,35.620,38.370,119.417,67.015,81.572,24.076,12.259,43.118,21.204,30.973,63.421,33.404,53.204,21.905,77.098,40.338,51.629,0.000,4.278,31.924,71.393,54.519,62.922,64.236,42.452,51.624,58.506,14.197,35.749,56.176,45.445,10.463,61.873,53.072,39.941,26.947,59.870,46.406,68.279,36.244,56.687,43.996,47.030,19.982,52.722,45.770,61.232
Sporminore,66.612,28.901,37.726,28.150,38.654,27.194,13.620,58.114,71.628,40.628,47.852,40.706,69.340,44.983,59.070,85.559,69.591,48.771,58.156,30.030,64.023,29.986,59.873,41.323,31.190,43.789,41.485,88.238,4.724,104.029,90.679,46.479,64.871,62.810,69.620,64.410,77.190,48.801,61.017,51.183,26.552,9.514,46.130,31.033,26.821,41.869,75.322,25.961,30.702,19.467,38.678,41.171,8.361,35.305,23.736,7.484,38.430,51.206,52.827,11.777,44.835,46.284,53.355,36.581,41.998,46.595,19.055,62.075,72.884,111.703,51.357,59.501,18.030,74.086,44.954,27.538,31.269,59.670,40.061,34.452,63.039,84.227,44.596,110.579,9.656,7.542,73.578,18.260,56.235,64.854,49.204,44.104,49.646,24.060,65.682,49.861,48.975,58.160,61.135,48.037,54.142,35.211,74.067,63.198,63.642,49.071,51.541,14.112,64.632,94.026,41.201,63.762,24.348,55.107,58.484,59.164,28.822,50.684,15.908,32.664,35.414,118.746,66.344,80.901,28.173,11.588,42.446,18.248,28.017,62.749,32.732,57.302,18.949,76.427,39.666,55.726,4.278,0.000,36.021,75.491,58.616,62.250,63.565,41.781,55.721,57.835,13.526,32.636,55.505,49.543,8.648,61.202,52.401,44.039,26.276,63.967,45.735,67.608,35.573,53.574,43.325,46.359,16.189,52.051,45.099,60.561
Stenico,55.091,47.107,42.780,53.393,44.685,62.074,22.530,29.247,60.592,48.851,56.075,46.002,77.563,9.953,22.884,49.372,33.404,12.585,66.379,64.910,47.067,64.865,23.686,49.546,66.069,52.012,46.781,117.418,41.331,112.252,119.859,71.722,28.685,71.033,33.433,72.633,85.413,79.864,69.240,82.108,61.432,26.508,22.077,65.913,52.064,46.923,83.545,60.840,38.123,54.347,3.585,58.024,44.291,60.694,58.616,42.364,57.328,24.852,23.960,29.358,9.805,54.507,58.652,44.804,50.221,46.815,44.458,25.888,81.107,118.986,47.891,64.218,38.457,39.056,53.177,62.418,47.681,67.893,16.349,61.821,26.852,113.407,61.467,120.290,42.251,40.137,102.759,17.929,43.094,34.360,54.779,49.401,57.870,58.940,73.905,66.732,57.198,89.503,78.006,64.908,17.955,43.434,82.290,27.011,27.455,52.041,15.354,48.992,93.813,123.207,70.242,26.279,59.228,63.330,66.707,44.651,63.702,50.432,48.503,67.543,70.293,135.948,74.567,110.082,8.013,44.183,50.670,53.128,62.896,70.973,55.149,21.115,53.829,105.608,64.093,19.539,31.924,36.021,0.000,39.469,22.595,69.357,70.671,48.888,22.417,62.965,42.932,63.818,86.958,13.522,42.552,68.308,52.095,8.017,32.083,27.946,69.846,67.571,18.583,70.308,50.432,53.027,52.071,89.773,50.230,89.203
Storo,60.367,84.648,67.869,90.934,82.226,101.543,61.999,37.846,65.868,86.392,93.616,65.410,115.104,38.318,38.450,10.255,6.126,29.386,103.920,104.379,52.342,91.113,39.252,87.087,80.795,89.553,63.587,154.959,80.800,149.793,157.400,109.263,44.251,108.574,12.407,110.174,122.954,117.405,106.781,119.649,100.901,65.977,53.723,82.566,89.605,67.179,121.086,87.088,75.664,93.816,39.598,73.591,83.760,76.261,98.085,81.833,72.894,48.644,43.452,68.827,42.042,92.048,76.483,82.345,87.762,70.222,81.998,41.454,118.648,156.527,53.167,89.108,75.997,17.496,90.718,90.038,85.222,99.533,53.889,77.388,42.418,150.948,77.034,157.831,81.720,79.606,140.300,57.398,48.369,39.636,56.863,61.005,95.410,94.412,111.446,82.299,94.739,127.044,93.572,80.474,33.521,80.975,119.831,12.799,43.021,58.677,30.366,88.461,131.354,160.748,85.808,33.594,98.697,100.871,104.248,47.919,103.171,55.708,87.972,107.013,97.337,173.489,112.108,147.623,47.483,84.825,88.211,92.597,102.366,108.514,92.690,18.660,93.298,143.149,101.634,35.106,71.393,75.491,39.469,0.000,38.078,106.700,108.014,86.230,36.797,67.690,80.274,79.301,124.300,26.569,81.911,105.651,57.474,31.342,69.426,15.458,107.189,72.950,55.925,85.791,87.774,57.494,91.430,127.116,60.021,126.546
Strembo,70.235,68.038,63.712,74.325,65.617,66.315,45.125,45.428,75.736,69.783,77.007,66.934,98.495,23.011,1.357,48.091,32.123,14.078,87.311,69.397,62.210,53.304,1.183,70.477,42.985,72.944,67.713,138.350,63.925,133.183,140.791,92.654,6.442,91.965,32.151,93.565,106.345,100.795,90.172,103.039,65.672,49.103,43.009,44.757,72.996,67.855,104.477,49.279,59.055,54.062,22.989,35.781,66.885,38.451,60.511,64.958,35.085,45.784,44.892,51.953,26.734,75.438,79.583,65.736,71.152,67.747,65.389,3.645,102.039,139.917,63.035,85.149,59.388,55.572,74.109,52.229,68.613,88.824,37.280,39.578,4.609,134.339,39.224,141.221,64.846,62.732,123.691,40.524,58.237,49.504,66.731,70.332,78.801,56.602,94.837,44.489,78.130,110.435,55.763,42.665,4.711,64.366,103.222,25.730,5.212,68.545,7.867,64.416,114.744,144.138,47.999,43.462,63.874,84.262,87.638,57.787,66.732,65.576,71.098,70.574,59.528,156.880,95.499,131.013,30.608,68.216,71.601,61.775,65.669,91.904,76.081,19.834,66.269,126.539,85.025,3.127,54.519,58.616,22.595,38.078,0.000,90.280,91.595,69.811,39.570,77.462,63.855,41.723,107.881,11.527,65.201,89.232,67.246,14.632,53.007,26.693,90.769,82.722,39.506,48.214,71.355,73.950,58.572,110.697,71.153,110.127
Telve,68.907,41.713,42.612,49.567,28.222,83.874,72.444,72.944,81.113,37.396,44.710,44.575,9.589,73.581,90.514,116.713,100.745,78.800,3.870,86.710,67.139,86.665,91.317,23.308,87.869,21.259,45.354,75.733,63.130,44.277,78.174,44.820,96.316,1.249,100.773,4.659,17.439,39.001,2.395,40.422,83.232,68.338,60.961,87.712,50.827,46.755,15.571,82.640,33.482,76.146,67.276,97.850,66.090,91.984,80.416,64.163,95.110,66.036,67.658,66.297,73.433,39.307,41.249,36.755,35.021,51.481,50.424,93.519,14.447,51.011,55.856,33.081,44.423,93.489,18.303,84.218,39.631,33.250,54.892,91.131,94.483,71.722,101.275,52.315,56.321,54.992,61.073,77.084,60.733,69.352,53.105,47.974,12.325,80.740,7.245,106.540,42.754,47.818,117.814,104.716,85.586,28.234,14.316,94.352,95.086,50.614,82.985,70.792,52.127,68.550,97.881,78.593,81.028,7.699,6.203,64.050,85.502,53.817,59.966,89.343,92.093,67.974,6.593,68.396,72.872,51.379,36.225,74.927,84.696,2.958,47.100,88.456,75.628,63.922,50.423,87.170,62.922,62.250,69.357,106.700,90.280,0.000,1.314,21.086,79.422,52.385,47.883,88.889,45.775,81.641,62.617,3.668,56.612,76.854,37.986,96.065,44.258,70.570,51.083,109.827,28.233,52.098,73.122,43.130,49.104,48.020
Telve di Sopra,70.221,43.027,43.927,50.881,29.536,85.188,73.759,74.259,82.428,38.710,46.024,45.890,10.861,74.895,91.829,118.027,102.059,80.114,5.184,88.024,68.453,87.979,92.631,24.622,89.183,22.574,46.668,75.384,64.445,45.550,77.825,44.471,97.630,2.522,102.088,5.931,18.711,38.652,3.709,40.073,84.546,69.652,62.275,89.027,52.141,48.070,16.843,83.954,34.796,77.461,68.590,99.164,67.405,93.299,81.730,65.477,96.424,67.350,68.972,67.612,74.748,40.621,42.563,38.069,36.335,52.795,51.738,94.833,15.761,52.284,57.170,34.395,45.737,94.803,19.617,85.532,40.946,34.564,56.206,92.445,95.797,71.373,102.590,53.588,57.635,56.306,60.724,78.398,62.047,70.666,54.419,49.288,13.640,82.054,8.559,107.855,44.068,47.469,119.128,106.031,86.900,29.548,15.588,95.666,96.400,51.929,84.299,72.106,51.778,69.823,99.195,79.907,82.342,7.933,4.950,65.365,86.816,55.131,61.281,84.655,93.407,69.246,7.865,68.047,74.186,52.694,37.540,76.241,86.010,4.230,48.414,89.770,76.942,63.573,50.074,88.485,64.236,63.565,70.671,108.014,91.595,1.314,0.000,22.344,80.680,53.642,49.141,90.147,45.371,82.898,63.875,2.361,57.870,78.111,39.244,97.323,43.854,71.827,52.341,111.085,29.490,53.356,74.380,42.726,50.361,47.616
Tenna,51.629,21.243,25.335,29.098,10.944,63.404,51.975,52.475,63.486,16.927,24.240,27.298,28.602,53.111,70.045,96.243,80.275,58.330,17.418,66.240,55.881,66.196,70.847,6.030,67.400,4.321,28.076,86.449,42.661,63.291,88.890,46.630,75.846,22.072,80.304,23.672,36.452,48.894,20.279,51.138,62.762,47.868,40.491,67.243,30.357,29.478,34.584,62.171,13.012,55.677,46.806,77.380,45.621,71.515,59.946,43.694,74.640,45.567,47.188,45.828,52.964,18.837,24.311,16.285,14.551,34.203,29.955,73.049,32.146,70.025,38.578,19.467,23.954,73.019,3.850,63.748,19.162,19.635,34.422,70.662,74.013,82.438,80.806,71.329,35.852,34.522,71.789,56.614,43.455,52.074,35.827,30.696,8.909,60.270,24.944,86.071,22.285,58.534,97.345,84.247,65.116,7.764,33.329,73.882,74.616,33.337,62.515,50.322,62.843,87.564,77.411,58.123,60.558,14.369,17.746,46.773,65.032,36.539,39.497,68.874,71.624,86.987,25.606,79.112,52.402,30.910,15.756,54.458,64.227,22.012,26.630,67.986,55.159,74.638,32.805,66.701,42.452,41.781,48.888,86.230,69.811,21.086,22.344,0.000,59.036,35.393,27.497,68.503,56.261,61.254,42.231,20.116,39.183,56.468,17.600,75.679,38.568,53.140,30.697,89.441,10.552,34.669,52.736,53.617,31.674,58.507
Tenno,32.893,56.482,40.395,62.768,54.060,81.774,42.230,5.851,38.394,58.226,65.450,37.937,86.938,17.193,39.804,46.840,42.922,25.512,75.754,84.610,24.869,84.565,40.606,58.921,85.769,61.387,36.113,126.793,61.031,121.627,129.234,81.097,45.605,80.408,49.203,82.008,94.788,89.239,78.615,91.483,81.132,46.208,21.728,85.613,61.439,39.705,92.920,80.540,47.498,74.047,18.843,74.944,63.991,77.614,78.316,62.063,74.248,16.650,11.457,49.058,12.878,63.882,49.009,54.179,59.596,42.749,53.832,42.808,90.482,128.361,25.693,61.635,47.831,19.396,62.552,82.118,57.056,72.059,25.328,78.741,43.772,122.782,78.387,129.664,57.983,56.654,112.134,37.629,20.896,12.162,29.390,33.531,67.244,78.640,83.280,83.652,66.573,98.878,94.926,81.828,34.875,52.809,91.665,42.355,44.375,31.204,32.029,68.692,103.187,132.581,87.162,6.120,78.928,72.705,76.082,20.446,83.402,28.234,63.864,87.243,89.993,145.323,83.942,119.457,27.713,56.659,60.044,72.827,82.596,80.347,64.524,36.459,73.529,114.983,73.468,36.460,51.624,55.721,22.417,36.797,39.570,79.422,80.680,59.036,0.000,40.449,52.280,80.813,96.306,28.950,63.802,77.657,30.233,27.736,41.432,43.374,79.195,45.709,27.931,87.303,59.780,30.253,73.322,99.122,32.780,98.552
Terragnolo,27.030,50.404,24.700,56.690,31.245,79.458,68.028,34.479,35.103,50.075,57.299,18.210,59.901,55.085,77.696,77.734,73.815,63.404,48.717,82.294,25.710,82.249,78.498,32.023,83.453,31.760,16.554,120.715,58.714,94.589,123.156,75.019,83.497,53.371,80.096,54.971,67.751,83.161,51.578,85.405,78.816,63.922,49.052,83.296,55.361,28.003,65.883,78.224,39.421,71.730,60.884,93.434,61.674,87.568,76.000,59.747,90.694,43.973,38.781,61.881,50.771,51.836,11.735,46.028,47.550,32.728,47.754,80.700,63.445,101.323,15.681,24.360,41.754,50.289,35.432,79.802,48.905,34.784,48.500,86.715,81.664,116.704,96.860,102.627,52.598,50.576,106.056,72.668,19.304,27.923,16.860,18.361,40.207,76.324,56.243,102.125,55.283,92.800,113.398,100.300,72.767,40.763,64.628,80.488,82.267,16.727,69.922,66.376,97.110,118.862,93.465,33.897,76.612,45.668,49.044,31.313,81.086,11.647,58.480,84.927,87.677,118.286,56.905,113.379,66.480,51.275,48.755,70.511,80.280,53.310,56.373,74.352,71.212,108.905,65.317,74.352,58.506,57.835,62.965,67.690,77.462,52.385,53.642,35.393,40.449,0.000,46.321,84.981,87.660,66.569,58.709,51.510,14.402,65.355,33.115,82.798,69.966,25.389,44.248,105.919,45.567,15.190,69.214,85.015,13.218,89.906
Terre d'Adige,55.017,15.354,26.132,15.605,24.982,35.149,23.720,46.519,60.033,26.687,33.911,29.111,55.399,47.155,64.089,90.287,74.319,52.374,44.215,37.985,52.428,37.941,64.891,27.382,39.144,29.848,29.890,79.630,14.406,90.088,82.071,33.933,69.890,48.869,74.348,50.469,63.249,42.593,47.076,44.319,34.507,19.613,34.535,38.988,14.276,30.274,61.381,33.915,16.761,27.422,40.850,49.125,17.366,43.260,31.691,15.439,46.385,39.611,41.232,17.528,47.008,32.343,41.761,19.260,28.057,35.000,6.510,67.093,58.943,96.822,39.762,45.560,4.483,67.063,31.013,35.493,17.723,45.729,28.466,42.407,68.057,75.619,52.551,98.125,7.267,5.977,64.970,28.359,44.640,53.259,37.609,32.510,35.705,32.015,51.741,57.816,35.034,51.715,69.089,55.992,59.160,21.270,60.126,67.926,68.660,37.476,56.559,22.067,56.024,85.418,49.156,52.167,32.303,41.166,44.543,47.569,36.777,39.089,12.688,40.618,43.369,110.138,52.403,72.293,38.273,4.101,28.505,26.203,35.972,48.808,20.187,62.030,26.904,67.819,27.121,60.745,14.197,13.526,42.932,80.274,63.855,47.883,49.141,27.497,52.280,46.321,0.000,40.612,49.639,54.100,14.340,47.425,40.635,49.313,13.017,68.524,33.176,55.842,23.542,61.550,29.548,34.593,24.845,45.851,34.582,51.885
Terzolas,93.677,55.966,64.791,55.215,65.719,25.465,45.272,85.179,98.693,67.693,74.917,67.771,96.405,64.234,41.398,89.314,73.346,55.301,85.221,28.547,91.088,12.454,40.553,68.388,1.987,70.854,68.550,105.335,29.187,131.094,107.776,73.544,35.446,89.875,73.374,91.475,104.255,75.866,88.082,78.248,24.823,41.165,73.195,3.907,53.886,68.934,102.387,8.429,57.767,13.212,64.212,9.376,25.569,2.848,19.661,26.973,6.636,78.271,79.892,43.094,67.957,73.349,80.420,63.646,69.063,73.660,46.120,38.190,99.949,138.768,78.422,86.566,45.095,96.795,72.019,11.379,58.334,86.735,67.126,2.073,38.996,101.325,12.801,137.644,36.721,34.607,100.643,49.911,83.300,91.919,76.269,71.169,76.711,15.753,92.747,18.066,76.040,85.225,29.340,16.242,45.934,62.276,101.132,66.952,36.518,76.136,49.090,23.567,91.697,121.091,8.528,90.827,23.025,82.172,85.549,86.229,25.882,77.749,42.973,29.724,18.678,145.811,93.409,97.999,59.825,38.653,69.511,20.925,24.819,89.814,59.797,61.057,25.419,96.096,66.731,44.350,35.749,32.636,63.818,79.301,41.723,88.889,90.147,68.503,80.813,84.981,40.612,0.000,82.556,52.465,29.857,88.252,79.452,55.571,53.327,67.631,72.785,94.659,62.624,21.434,70.376,73.410,17.676,79.102,72.149,87.612
Tesero,104.324,43.047,67.232,34.246,60.932,61.583,65.699,90.545,109.340,39.518,33.037,70.450,55.322,91.182,108.115,134.313,118.346,96.400,49.644,58.776,101.735,79.920,108.918,55.954,81.124,58.613,71.229,32.298,56.385,62.365,34.739,18.379,113.916,46.982,118.374,50.392,63.172,7.023,48.170,4.332,59.703,61.592,78.562,80.967,35.334,71.375,61.304,75.895,49.876,69.401,84.876,91.105,59.345,85.239,63.879,57.418,88.364,83.637,85.258,59.507,91.034,44.222,76.595,45.392,48.515,76.101,43.608,111.120,60.222,55.763,89.069,74.325,48.949,111.090,58.529,77.472,40.394,74.493,72.492,84.386,112.083,28.287,94.530,54.639,45.824,48.063,17.638,70.338,93.946,102.565,86.916,73.848,58.100,67.788,53.020,99.795,40.443,2.630,111.069,97.971,103.187,48.587,60.049,111.952,112.687,86.783,100.585,64.046,8.692,38.086,91.135,96.194,61.887,53.156,50.173,88.670,57.519,88.395,38.987,53.396,80.493,62.806,52.326,24.961,80.252,45.278,44.865,68.182,58.525,48.691,32.954,106.057,68.883,20.487,23.982,104.771,56.176,55.505,86.958,124.300,107.881,45.775,45.371,56.261,96.306,87.660,49.639,82.556,0.000,98.047,56.322,46.632,86.180,93.260,55.025,112.472,16.711,101.387,67.490,103.533,56.276,80.138,66.828,6.357,77.015,4.631
Tione di Trento,59.595,58.700,54.374,64.987,56.279,75.596,36.052,34.788,65.096,60.445,67.668,57.596,89.157,12.371,11.761,36.582,20.614,3.439,77.972,78.432,51.571,64.424,12.563,61.139,54.105,63.606,58.375,129.012,54.852,123.845,131.453,83.315,17.562,82.627,20.643,84.227,97.007,91.457,80.833,93.701,74.953,40.029,33.670,55.877,63.658,58.517,95.139,60.399,49.717,67.868,13.650,46.901,57.812,49.571,72.138,55.885,46.205,36.445,35.553,42.879,16.094,66.100,70.245,56.398,61.814,58.408,56.051,14.765,92.700,130.579,52.395,75.811,50.050,44.064,64.771,63.349,59.274,79.486,27.942,50.699,15.729,125.001,50.344,131.883,55.773,53.659,114.352,31.451,47.598,38.864,56.092,60.994,69.463,67.722,85.499,55.609,68.792,101.097,66.883,53.785,6.832,55.028,93.884,14.221,16.332,57.906,3.677,62.514,105.406,134.800,59.119,32.822,72.750,74.924,78.300,47.147,77.223,54.936,62.025,81.065,70.648,147.542,86.161,121.675,21.535,58.878,62.263,66.649,76.418,82.566,66.743,8.325,67.350,117.201,75.686,8.417,45.445,49.543,13.522,26.569,11.527,81.641,82.898,61.254,28.950,66.569,54.100,52.465,98.047,0.000,55.987,79.727,56.456,5.418,43.502,15.008,81.265,71.932,30.002,59.267,61.851,64.446,65.507,101.192,61.649,100.622
Ton,67.405,29.694,38.519,28.943,39.447,24.429,19.985,58.907,72.421,41.421,48.645,41.499,70.133,51.348,65.435,91.924,75.956,55.136,58.949,27.265,64.816,27.221,66.238,42.115,28.425,44.582,42.278,89.031,7.037,104.822,91.472,47.272,64.475,63.603,75.985,65.203,77.983,49.593,61.810,51.976,23.787,15.879,46.923,28.268,27.614,42.662,76.115,23.196,31.495,16.702,45.043,38.405,7.034,32.540,20.971,5.106,35.665,51.998,53.620,16.822,51.200,47.077,54.148,37.374,42.790,47.388,19.848,68.440,73.677,112.496,52.150,60.294,18.823,79.451,45.747,24.773,32.062,60.462,40.854,31.687,69.404,85.020,41.831,111.371,10.449,8.335,74.371,24.625,57.027,65.647,49.997,44.897,50.439,21.295,66.475,47.096,49.768,58.953,58.370,45.272,60.507,36.004,74.860,69.563,65.547,49.864,57.906,10.620,65.425,94.819,38.436,64.555,21.583,55.900,59.276,59.957,26.057,51.476,16.701,29.899,32.649,119.539,67.137,81.694,34.538,12.380,43.239,15.483,25.252,63.542,33.525,63.667,16.185,77.220,40.459,62.091,10.463,8.648,42.552,81.911,65.201,62.617,63.875,42.231,63.802,58.709,14.340,29.857,56.322,55.987,0.000,62.013,53.212,50.422,27.087,70.350,46.546,68.419,36.384,50.905,44.136,47.170,14.400,52.862,45.910,61.372
Torcegno,67.858,40.664,41.564,48.518,27.173,82.825,71.396,71.896,80.065,36.347,43.661,43.527,13.216,72.532,89.466,115.664,99.696,77.751,4.604,85.661,66.090,85.617,90.268,22.259,86.820,20.211,44.306,77.596,62.082,47.904,80.037,46.683,95.267,4.876,99.725,8.285,21.065,40.865,6.063,42.286,82.183,67.289,59.912,86.664,49.778,45.707,19.197,81.591,32.433,75.098,66.227,96.801,65.042,90.936,79.367,63.115,94.061,64.988,66.609,65.249,72.385,38.258,40.201,35.706,33.972,50.432,49.376,92.470,18.115,54.638,54.807,32.033,43.375,92.440,17.254,83.169,38.583,32.201,53.843,90.083,93.434,73.585,100.227,55.942,55.273,53.943,62.937,76.035,59.685,68.304,52.056,46.925,11.071,79.691,10.913,105.492,41.705,49.681,116.765,103.668,84.537,27.185,17.942,93.303,94.037,49.566,81.936,69.743,53.991,72.177,96.832,77.544,79.979,5.430,2.447,63.002,84.453,52.768,58.918,88.294,91.045,71.601,10.220,70.260,71.823,50.331,35.177,73.879,83.648,6.585,46.051,87.407,74.580,65.786,52.286,86.122,61.873,61.202,68.308,105.651,89.232,3.668,2.361,20.116,77.657,51.510,47.425,88.252,46.632,79.727,62.013,0.000,55.582,75.823,36.955,95.034,46.112,69.539,50.053,108.797,27.202,51.067,72.092,44.985,48.073,49.875
Trambileno,16.887,45.711,16.969,53.119,28.617,74.025,62.595,24.263,24.887,47.456,54.679,12.983,64.128,44.870,67.480,67.518,63.599,53.188,52.944,76.861,15.494,76.816,68.283,33.418,78.020,35.697,11.326,117.144,53.281,98.817,119.585,71.448,73.281,57.598,69.880,59.198,71.978,79.590,55.805,81.834,73.382,58.488,38.836,77.863,51.791,20.271,70.110,72.791,36.728,66.297,46.519,88.001,56.241,82.135,70.567,54.314,85.260,33.758,28.565,56.448,40.555,53.111,24.055,43.409,48.825,24.997,44.184,70.485,67.672,105.551,6.078,36.681,38.393,40.073,39.659,74.368,46.285,47.105,44.603,81.282,71.448,113.134,91.426,106.855,45.915,45.143,102.485,67.234,9.088,17.707,7.911,10.105,44.435,70.890,60.470,96.691,55.802,89.229,107.965,94.867,62.552,42.038,68.855,70.272,72.052,7.777,59.706,60.942,93.539,122.933,88.032,23.682,71.178,49.895,53.272,22.262,75.652,2.800,51.797,79.494,82.244,122.513,61.132,109.808,55.610,44.592,49.274,65.078,74.847,57.538,53.754,64.136,65.779,105.334,62.697,64.136,53.072,52.401,52.095,57.474,67.246,56.612,57.870,39.183,30.233,14.402,40.635,79.452,86.180,56.456,53.212,55.582,0.000,54.989,29.006,72.432,66.345,18.838,40.140,101.532,46.931,6.403,64.827,87.787,7.607,86.285
Tre Ville,58.382,53.913,49.587,60.200,51.492,70.092,30.547,33.575,63.882,55.658,62.881,52.809,84.370,11.883,14.866,41.355,25.387,4.567,73.186,72.927,50.357,67.529,15.669,56.352,57.211,58.819,53.588,124.225,49.348,119.058,126.666,78.529,20.667,77.840,25.415,79.440,92.220,86.670,76.047,88.914,69.449,34.525,28.883,58.982,58.871,53.730,90.352,63.504,44.930,62.364,8.864,50.007,52.308,52.677,66.633,50.381,49.310,31.658,30.767,37.375,15.134,61.313,65.458,51.611,57.027,53.622,51.264,17.871,87.914,125.792,51.181,71.024,45.263,44.385,59.984,66.454,54.487,74.699,23.155,53.804,18.834,120.214,53.450,127.096,50.269,48.154,109.565,25.947,46.384,37.650,54.878,56.207,64.676,66.957,80.712,58.715,64.005,96.310,69.988,56.891,9.938,50.241,89.097,18.994,19.438,58.848,7.336,57.009,100.619,130.013,62.224,31.609,67.245,70.137,73.513,45.934,71.719,53.723,56.520,75.561,73.753,142.755,81.374,116.888,16.031,54.091,57.476,61.145,70.914,77.779,61.956,13.098,61.846,112.414,70.899,11.522,39.941,44.039,8.017,31.342,14.632,76.854,78.111,56.468,27.736,65.355,49.313,55.571,93.260,5.418,50.422,75.823,54.989,0.000,38.865,19.929,76.628,70.858,25.365,62.291,57.214,59.809,60.089,96.556,57.012,95.985
Trento,42.089,17.617,12.683,23.903,12.258,47.899,36.470,35.671,47.105,16.790,24.014,15.905,45.502,36.307,53.241,79.439,63.471,41.526,34.318,50.735,39.500,50.691,54.043,17.484,51.895,19.951,16.684,85.989,27.156,80.190,88.430,42.232,59.042,38.972,63.499,40.572,53.352,48.435,37.179,50.679,47.257,32.363,23.687,51.738,22.574,16.826,51.484,46.666,6.135,40.172,30.002,61.876,30.116,56.010,44.441,28.189,59.135,28.762,30.384,30.323,36.159,22.445,28.554,12.743,18.159,21.551,14.967,56.245,49.046,86.924,26.834,31.790,8.966,56.215,21.116,48.243,15.620,35.831,17.618,55.157,57.209,81.978,65.301,88.228,20.347,19.018,71.330,41.109,31.712,40.331,24.681,19.303,25.808,44.765,41.844,70.566,25.137,58.074,81.840,68.742,48.312,11.373,50.229,57.078,57.812,21.944,45.711,34.817,62.384,91.778,61.906,41.319,45.053,31.269,34.645,34.121,49.527,26.161,24.510,53.369,56.119,103.887,42.506,78.653,35.598,15.923,18.608,38.953,48.722,38.911,23.088,51.182,39.654,74.179,32.032,49.896,26.947,26.276,32.083,69.426,53.007,37.986,39.244,17.600,41.432,33.115,13.017,53.327,55.025,43.502,27.087,36.955,29.006,38.865,0.000,58.550,38.509,44.130,13.568,74.505,19.095,22.881,37.800,53.558,20.633,58.448
Valdaone,75.825,73.125,68.798,79.411,70.703,90.020,50.476,49.213,81.325,74.869,82.093,72.020,103.581,26.795,26.927,25.471,9.504,17.863,92.397,92.856,67.800,79.590,27.729,75.563,69.272,78.030,72.799,143.436,69.276,138.270,145.877,97.740,32.728,97.051,9.532,98.651,111.431,105.881,95.258,108.125,89.378,54.454,48.095,71.043,78.082,72.941,109.563,75.565,64.141,82.293,28.075,62.067,72.237,64.737,86.562,70.309,61.371,50.870,49.978,57.304,30.519,80.525,84.669,70.822,76.238,72.833,70.475,29.931,107.125,145.004,68.624,90.235,64.474,32.953,79.195,78.515,73.699,93.910,42.366,65.865,30.895,139.425,65.510,146.307,70.197,68.083,128.777,45.875,63.827,55.093,72.321,75.418,83.887,82.888,99.923,70.775,83.216,115.521,82.049,68.951,21.998,69.452,108.308,2.751,31.498,74.135,18.843,76.938,119.830,149.224,74.285,49.051,87.174,89.348,92.724,63.377,91.648,71.165,76.449,95.489,85.814,161.966,100.585,136.099,35.959,73.302,76.687,81.073,90.842,96.990,81.167,7.137,81.774,131.625,90.111,23.583,59.870,63.967,27.946,15.458,26.693,96.065,97.323,75.679,43.374,82.798,68.524,67.631,112.472,15.008,70.350,95.034,72.432,19.929,58.550,0.000,95.846,88.499,44.582,74.448,76.432,73.043,80.088,115.773,76.229,115.203
Valfloriana,79.428,25.353,49.538,17.783,43.238,64.310,55.929,73.433,84.444,21.824,15.343,52.756,53.805,74.070,91.003,117.202,101.234,79.289,48.127,61.503,76.839,70.150,91.806,38.260,71.353,40.919,53.535,47.675,46.615,77.742,50.116,13.839,96.805,45.465,101.262,48.875,61.655,10.120,46.652,12.364,62.429,51.822,61.450,71.197,18.871,53.681,59.787,66.124,32.182,59.631,67.765,81.334,49.575,75.469,63.900,47.648,78.594,66.525,68.147,49.737,73.922,26.528,58.901,27.698,30.821,58.407,27.145,94.008,58.705,71.140,64.173,56.631,32.486,93.978,40.835,67.702,22.700,56.799,55.381,74.616,94.972,43.664,84.760,70.016,36.632,38.186,33.016,60.568,69.051,77.670,62.020,56.154,46.776,64.224,51.503,90.025,22.749,19.760,101.298,88.201,86.075,30.893,58.532,94.841,95.575,58.795,83.474,54.276,24.069,53.463,81.365,79.082,64.614,52.237,48.655,70.976,60.246,63.500,30.448,56.123,75.578,78.183,50.809,40.338,73.361,34.121,27.171,58.412,61.252,47.174,15.260,88.945,59.113,35.864,6.288,87.659,46.406,45.735,69.846,107.189,90.769,44.258,43.854,38.568,79.195,69.966,33.176,72.785,16.711,81.265,46.546,46.112,66.345,76.628,38.509,95.846,0.000,84.193,51.417,93.748,39.571,62.944,57.042,15.055,58.870,19.945
Vallarsa,32.362,60.918,32.176,68.326,42.574,89.232,77.802,39.739,40.363,62.663,69.886,26.940,78.086,60.345,82.956,82.993,79.075,68.664,66.901,92.068,30.970,92.023,83.758,47.375,93.227,49.655,25.284,132.351,68.488,112.774,134.792,86.655,88.757,71.556,85.356,73.155,85.935,94.797,69.762,97.041,88.589,73.695,54.312,93.070,66.998,35.478,84.067,87.998,51.935,81.504,61.995,103.208,71.448,97.342,85.774,69.521,100.467,49.233,44.040,71.655,56.030,68.318,37.124,58.616,64.032,40.204,59.391,85.960,81.629,119.508,21.285,49.749,53.600,55.549,53.617,89.575,61.492,60.174,59.810,96.489,86.924,128.341,106.633,120.812,61.122,60.350,117.692,82.441,24.564,33.183,23.118,25.312,58.392,86.097,74.427,111.898,71.009,104.436,123.172,110.074,78.027,57.245,82.812,85.747,87.527,22.984,75.182,76.149,108.746,138.140,103.239,39.157,86.385,63.853,67.229,36.916,90.859,18.007,67.004,94.701,97.451,136.471,75.090,125.015,71.086,59.799,64.481,80.285,90.054,71.495,68.961,79.611,80.986,120.541,77.904,79.612,68.279,67.608,67.571,72.950,82.722,70.570,71.827,53.140,45.709,25.389,55.842,94.659,101.387,71.932,68.419,69.539,18.838,70.858,44.130,88.499,84.193,0.000,52.349,116.707,58.653,21.577,80.002,102.961,21.319,98.007
Vallelaghi,48.015,28.143,23.816,34.429,25.721,57.197,36.614,22.170,58.239,29.887,37.111,27.038,58.599,22.806,39.740,65.938,49.970,28.025,47.415,60.033,39.990,59.988,40.542,30.581,61.192,33.048,27.817,98.454,36.453,93.288,100.895,52.758,45.541,52.069,49.999,53.669,66.449,60.899,50.276,63.143,56.554,40.592,10.186,61.035,33.100,27.959,64.581,55.963,19.159,49.469,16.501,71.173,39.413,65.307,53.739,37.486,68.432,15.262,16.883,39.620,22.659,35.543,39.687,25.840,31.256,32.685,25.493,42.744,62.143,100.022,37.968,45.253,19.492,42.714,34.213,57.540,28.717,48.928,4.117,64.454,43.708,94.443,74.598,101.325,29.644,28.315,83.795,32.013,36.017,27.283,35.815,30.436,38.905,54.062,54.941,79.863,38.234,70.539,91.137,78.039,34.811,24.470,63.326,43.577,44.311,33.077,32.210,44.115,74.848,104.242,71.204,27.818,54.350,44.366,47.742,37.574,58.824,37.294,35.525,62.666,65.416,116.984,55.603,91.117,22.097,28.320,31.705,48.250,58.019,52.008,36.185,37.681,48.951,86.643,45.129,36.396,36.244,35.573,18.583,55.925,39.506,51.083,52.341,30.697,27.931,44.248,23.542,62.624,67.490,30.002,36.384,50.053,40.140,25.365,13.568,44.582,51.417,52.349,0.000,83.534,31.436,34.031,46.829,70.778,31.234,70.208
Vermiglio,114.615,76.904,85.730,76.153,86.658,46.403,66.210,93.141,119.631,88.631,95.855,88.709,117.343,70.724,47.888,95.804,79.836,61.792,106.159,49.485,112.027,33.392,47.043,89.326,23.074,91.792,89.488,126.274,50.125,152.032,128.715,94.482,41.936,110.813,79.865,112.413,125.193,96.804,109.020,99.186,45.761,62.103,94.133,24.845,74.824,89.872,123.325,29.367,78.705,34.151,70.702,12.429,46.507,18.540,40.599,47.911,15.619,99.209,92.605,64.033,74.447,94.287,101.359,84.584,90.001,94.598,67.058,44.680,120.887,159.706,99.360,107.504,66.033,103.285,92.957,32.317,79.273,107.673,88.064,19.667,45.486,122.263,8.992,158.582,57.659,55.545,121.581,70.849,104.238,97.217,97.207,92.108,97.649,36.691,113.685,3.987,96.978,106.163,15.375,5.554,52.425,83.214,122.070,73.443,43.008,97.074,55.580,44.505,112.635,142.029,28.087,91.175,43.963,103.110,106.487,107.167,46.820,98.687,63.911,50.662,39.616,166.749,114.347,118.937,80.763,59.591,90.450,41.864,45.757,110.753,80.736,67.547,46.358,117.034,87.670,50.840,56.687,53.574,70.308,85.791,48.214,109.827,111.085,89.441,87.303,105.919,61.550,21.434,103.533,59.267,50.905,108.797,101.532,62.291,74.505,74.448,93.748,116.707,83.534,0.000,91.342,94.376,38.642,100.068,93.116,108.578
Vignola-Falesina,60.014,21.790,30.124,29.645,18.885,64.949,53.519,54.019,65.030,17.718,25.032,33.342,35.749,54.656,71.589,97.787,81.820,59.874,24.565,67.785,57.425,67.740,72.392,13.907,68.944,14.268,34.121,87.240,44.205,70.437,89.681,47.178,77.390,29.219,81.848,30.819,43.599,49.686,27.426,51.930,64.306,49.412,42.036,68.787,30.905,34.267,41.731,63.715,14.557,57.221,48.351,78.925,47.165,73.059,61.491,45.238,76.184,47.111,48.732,47.372,54.508,13.176,34.257,17.830,8.890,38.993,31.499,74.594,39.293,77.171,44.759,26.476,25.498,74.564,9.623,65.292,19.709,26.645,35.967,72.206,75.557,83.229,82.350,78.475,37.396,36.067,72.581,58.158,49.636,58.256,42.606,36.740,16.055,61.814,32.091,87.615,17.643,59.325,98.889,85.791,66.661,8.556,40.476,75.426,76.161,39.381,64.059,51.867,63.634,93.028,78.956,59.668,62.102,21.516,24.892,51.562,66.576,44.085,41.041,70.418,73.168,94.134,32.753,79.904,53.947,32.454,12.094,56.002,65.771,29.158,27.178,69.531,56.703,75.430,33.596,68.245,43.996,43.325,50.432,87.774,71.355,28.233,29.490,10.552,59.780,45.567,29.548,70.376,56.276,61.851,44.136,27.202,46.931,57.214,19.095,76.432,39.571,58.653,31.436,91.342,0.000,43.792,54.305,54.448,39.718,59.339
Villa Lagarina,18.647,39.669,10.904,47.077,24.102,67.983,56.553,24.283,26.234,41.414,48.637,8.469,59.614,44.890,74.184,67.538,63.620,53.209,48.430,70.819,15.514,70.774,74.986,28.903,71.978,31.183,6.622,111.102,47.239,94.302,113.543,65.406,79.985,53.084,69.900,54.684,67.464,73.548,51.291,75.792,67.340,52.446,38.857,71.821,45.749,14.206,65.596,66.749,30.686,60.255,50.945,81.959,50.199,76.093,64.525,48.272,79.218,33.778,28.585,50.406,40.575,47.069,19.541,37.367,42.783,18.932,38.142,77.188,63.158,101.036,4.231,32.166,32.351,40.093,35.145,68.326,40.243,42.591,38.561,75.240,78.152,107.092,85.384,102.340,39.873,39.101,96.443,61.192,9.108,17.728,1.609,4.040,39.920,64.848,55.956,90.649,49.760,83.187,101.923,88.825,69.256,35.996,64.341,70.292,78.755,1.712,66.654,54.901,87.497,116.891,81.990,23.702,65.136,45.381,48.757,18.771,69.610,3.557,45.755,73.452,76.202,117.999,56.618,103.766,56.541,38.550,43.232,59.036,68.805,53.023,47.712,72.126,59.737,99.292,56.655,70.840,47.030,46.359,53.027,57.494,73.950,52.098,53.356,34.669,30.253,15.190,34.593,73.410,80.138,64.446,47.170,51.067,6.403,59.809,22.881,73.043,62.944,21.577,34.031,94.376,43.792,0.000,58.894,81.853,3.361,80.351
Ville d'Anaunia,77.910,40.199,49.024,39.448,49.952,17.330,29.505,69.412,82.926,51.926,59.150,52.004,80.638,60.867,58.246,101.443,85.476,64.656,69.454,20.166,75.321,15.040,57.401,52.621,16.244,55.087,52.783,99.536,11.465,115.327,101.977,57.777,52.294,74.108,85.504,75.708,88.488,60.099,72.315,62.481,16.688,25.398,57.428,16.087,38.119,53.167,86.620,11.015,42.000,4.594,54.562,26.225,7.847,20.359,13.872,9.251,23.484,62.504,64.125,27.327,60.720,57.582,64.653,47.879,53.296,57.893,30.353,55.039,84.182,123.001,62.655,70.799,29.328,89.956,56.252,12.592,42.567,70.968,51.359,19.506,55.844,95.525,29.650,121.877,20.954,18.840,84.876,34.144,67.533,76.152,60.502,55.403,60.944,10.977,76.980,34.915,60.273,69.458,46.189,33.091,62.783,46.509,85.365,79.082,53.366,60.369,65.938,11.024,75.930,105.324,26.255,75.060,14.484,66.405,69.782,70.462,18.957,61.982,27.206,22.799,20.468,130.044,77.642,92.199,44.058,22.886,53.744,8.383,18.152,74.047,44.030,73.187,12.877,87.725,50.964,61.198,19.982,16.189,52.071,91.430,58.572,73.122,74.380,52.736,73.322,69.214,24.845,17.676,66.828,65.507,14.400,72.092,64.827,60.089,37.800,80.088,57.042,80.002,46.829,38.642,54.305,58.894,0.000,63.201,56.249,71.711
Ville di Fiemme,100.870,40.402,71.984,31.601,58.287,58.129,62.245,93.361,105.886,36.873,30.392,67.805,52.677,93.997,110.931,137.129,121.161,99.216,47.000,55.322,98.281,76.466,111.733,53.310,77.670,55.968,68.584,38.655,52.931,68.722,41.096,15.734,116.732,44.337,121.190,47.747,60.527,4.101,45.525,2.154,56.249,58.138,81.377,77.513,32.689,76.127,58.659,72.441,47.232,65.947,87.692,87.651,55.891,81.785,60.425,53.964,84.910,86.453,88.074,56.053,93.850,41.577,73.950,42.747,45.870,80.853,40.963,113.935,57.577,62.120,85.615,71.680,46.305,113.905,55.884,74.018,37.750,71.848,75.308,80.932,114.899,34.644,91.076,60.996,42.370,44.609,23.996,66.884,90.492,99.111,83.462,79.099,55.455,64.334,50.375,96.341,37.798,8.987,107.615,94.517,106.002,45.942,57.404,114.768,115.502,83.329,103.401,60.592,15.049,44.443,87.682,99.009,58.433,50.511,47.528,93.422,54.065,84.941,35.533,49.942,77.040,69.163,49.681,31.318,76.798,41.824,42.220,64.728,55.071,46.046,30.309,108.872,65.429,26.844,21.338,107.587,52.722,52.051,89.773,127.116,110.697,43.130,42.726,53.617,99.122,85.015,45.851,79.102,6.357,101.192,52.862,44.985,87.787,96.556,53.558,115.773,15.055,102.961,70.778,100.068,54.448,81.853,63.201,0.000,74.499,11.067
Volano,19.851,37.668,10.486,43.955,21.108,66.722,55.293,26.810,29.335,37.340,44.563,5.474,56.620,47.417,71.387,70.065,66.146,59.672,45.436,69.558,18.041,69.514,72.189,25.909,70.717,28.189,3.818,107.980,45.979,91.308,110.421,62.283,77.188,50.090,72.427,51.690,64.470,70.425,48.297,72.669,66.080,51.186,41.833,70.561,42.626,13.789,62.602,65.488,26.685,58.995,48.148,80.698,48.939,74.833,63.264,47.012,77.958,36.305,31.112,49.146,43.102,42.995,16.547,33.293,38.709,18.514,35.019,74.391,60.164,98.042,7.122,29.172,29.018,42.620,32.151,67.066,36.169,39.597,35.764,73.980,75.355,103.969,84.124,99.346,39.863,37.840,93.320,59.932,11.635,20.254,4.969,4.147,36.926,63.588,52.962,89.389,45.687,80.065,100.662,87.565,66.459,31.923,61.347,72.819,75.958,4.836,63.857,53.640,84.374,113.768,80.729,26.228,63.876,42.387,45.763,22.132,68.350,4.762,45.744,72.191,74.942,115.005,53.624,100.643,53.744,38.539,39.158,57.776,67.545,50.029,43.638,69.329,58.477,96.169,52.581,68.043,45.770,45.099,50.230,60.021,71.153,49.104,50.361,31.674,32.780,13.218,34.582,72.149,77.015,61.649,45.910,48.073,7.607,57.012,20.633,76.229,58.870,21.319,31.234,93.116,39.718,3.361,56.249,74.499,0.000,77.175
Ziano di Fiemme,99.367,45.293,69.478,36.491,63.177,66.639,70.755,92.791,104.384,41.764,35.282,72.695,57.568,93.427,110.361,136.559,120.591,98.646,51.890,63.832,96.779,84.976,111.163,58.200,86.180,60.858,73.474,27.993,61.441,58.060,30.434,20.625,116.162,49.228,120.619,52.637,65.417,11.654,50.415,8.963,64.759,66.648,80.807,86.023,37.579,73.621,63.549,80.951,52.122,74.457,87.122,96.161,64.401,90.295,68.935,62.474,93.420,85.882,87.504,64.563,93.279,46.467,78.840,47.637,50.760,78.346,45.853,113.365,62.467,51.458,84.113,76.570,51.195,113.335,60.774,82.528,42.640,76.739,74.738,89.442,114.329,23.982,99.586,50.334,50.880,53.119,13.334,75.394,88.990,97.609,81.960,76.094,60.346,72.844,55.265,104.851,42.689,2.001,116.125,103.027,105.432,50.833,62.294,114.198,114.932,78.734,102.831,69.102,4.388,33.782,96.191,98.439,66.943,55.401,52.418,90.916,62.575,83.439,44.043,58.452,85.549,58.501,54.572,20.657,85.308,50.334,47.111,73.238,63.581,50.937,35.199,108.302,73.939,16.183,26.228,107.017,61.232,60.561,89.203,126.546,110.127,48.020,47.616,58.507,98.552,89.906,51.885,87.612,4.631,100.622,61.372,49.875,86.285,95.985,58.448,115.203,19.945,98.007,70.208,108.578,59.339,80.351,71.711,11.067,77.175,0.000
