Unnamed: 0,Ala,Albiano,Aldeno,Altavalle,Altopiano della Vigolana,Amblar-Don,Andalo,Arco,Avio,Baselga di Pinè,Bedollo,Besenello,Bieno,Bleggio Superiore,Bocenago,Bondone,Borgo Chiese,Borgo Lares,Borgo Valsugana,Borgo d'Anaunia,Brentonico,Bresimo,Caderzone Terme,Calceranica al Lago,Caldes,Caldonazzo,Calliano,Campitello di Fassa / Ciampedel,Campodenno,Canal San Bovo,Canazei / Cianacei,Capriana,Carisolo,Carzano,Castel Condino,Castel Ivano,Castello Tesino,Castello-Molina di Fiemme,Castelnuovo,Cavalese,Cavareno,Cavedago,Cavedine,Cavizzana,Cembra Lisignago,Cimone,Cinte Tesino,Cis,Civezzano,Cles,Comano Terme,Commezzadura,Contà,Croviana,Dambel,Denno,Dimaro Folgarida,Drena,Dro,Fai della Paganella,Fiavè,Fierozzo / Vlarotz,Folgaria,Fornace,Frassilongo / Garait,Garniga Terme,Giovo,Giustino,Grigno,Imer,Isera,Lavarone,Lavis,Ledro,Levico Terme,Livo,Lona-Lases,Luserna / Lusérn,Madruzzo,Malé,Massimeno,Mazzin / Mazin,Mezzana,Mezzano,Mezzocorona,Mezzolombardo,Moena / Moena,Molveno,Mori,Nago-Torbole,Nogaredo,Nomi,Novaledo,Novella,Ospedaletto,Ossana,Palù del Fersina / Palai en Bernstol,Panchià,Peio,Pellizzano,Pelugo,Pergine Valsugana,Pieve Tesino,Pieve di Bono-Prezzo,Pinzolo,Pomarolo,Porte di Rendena,Predaia,Predazzo,Primiero San Martino di Castrozza,Rabbi,Riva del Garda,Romeno,Roncegno Terme,Ronchi Valsugana,Ronzo-Chienis,Ronzone,Rovereto,Roverè della Luna,Ruffrè-Mendola,Rumo,Sagron Mis,Samone,San Giovanni di Fassa / Sèn Jan,San Lorenzo Dorsino,San Michele all'Adige,Sant'Orsola Terme,Sanzeno,Sarnonico,Scurelle,Segonzano,Sella Giudicarie,Sfruz,Soraga di Fassa / Soraga,Sover,Spiazzo,Spormaggiore,Sporminore,Stenico,Storo,Strembo,Telve,Telve di Sopra,Tenna,Tenno,Terragnolo,Terre d'Adige,Terzolas,Tesero,Tione di Trento,Ton,Torcegno,Trambileno,Tre Ville,Trento,Valdaone,Valfloriana,Vallarsa,Vallelaghi,Vermiglio,Vignola-Falesina,Villa Lagarina,Ville d'Anaunia,Ville di Fiemme,Volano,Ziano di Fiemme
Ala,0:00,0:45,0:30,0:50,0:45,1:11,0:57,0:28,0:08,0:50,0:59,0:28,1:17,0:53,1:18,1:12,1:06,1:03,1:07,1:11,0:16,1:16,1:19,0:50,1:11,0:52,0:26,1:59,0:50,2:04,2:01,1:07,1:23,1:12,1:14,1:12,1:25,1:08,1:10,1:11,1:07,0:53,0:41,1:12,0:48,0:33,1:23,1:07,0:40,0:59,0:53,1:20,0:53,1:15,1:06,0:50,1:18,0:36,0:31,0:50,0:48,0:54,0:39,0:46,0:50,0:36,0:41,1:20,1:18,2:11,0:15,0:52,0:36,0:44,0:58,1:09,0:48,1:02,0:44,1:14,1:22,1:55,1:23,2:12,0:39,0:40,1:43,1:04,0:11,0:19,0:20,0:23,1:00,1:06,1:12,1:28,0:59,1:30,1:39,1:26,1:13,0:42,1:22,1:11,1:22,0:21,1:10,0:58,1:34,2:01,1:21,0:28,1:05,1:05,1:09,0:26,1:09,0:16,0:46,1:14,1:19,2:29,1:15,1:51,0:55,0:37,0:52,0:58,1:09,1:12,0:55,1:16,1:06,1:46,1:04,1:14,0:47,0:49,0:53,1:00,1:18,1:11,1:14,0:57,0:35,0:31,0:37,1:13,1:16,1:06,0:49,1:12,0:17,1:02,0:31,1:15,1:10,0:33,0:46,1:31,0:51,0:19,1:00,1:13,0:21,1:30
Albiano,0:45,0:00,0:28,0:13,0:26,0:54,0:40,0:48,0:44,0:12,0:21,0:30,0:43,0:49,1:07,1:34,1:17,0:54,0:33,0:55,0:49,0:59,1:07,0:20,0:54,0:22,0:31,1:14,0:33,1:30,1:17,0:30,1:12,0:38,1:19,0:38,0:51,0:37,0:36,0:40,0:50,0:36,0:37,0:55,0:14,0:31,0:49,0:50,0:15,0:43,0:41,1:03,0:36,0:58,0:49,0:33,1:01,0:43,0:42,0:33,0:47,0:27,0:44,0:09,0:22,0:34,0:19,1:09,0:44,1:37,0:35,0:39,0:13,1:09,0:25,0:52,0:03,0:39,0:31,0:58,1:10,1:10,1:06,1:31,0:24,0:23,0:59,0:44,0:39,0:48,0:32,0:34,0:26,0:50,0:38,1:11,0:27,0:45,1:22,1:09,1:01,0:15,0:48,1:12,1:10,0:32,0:58,0:41,0:49,1:16,1:04,0:55,0:48,0:31,0:35,0:48,0:53,0:34,0:29,0:57,1:02,1:42,0:41,1:06,0:47,0:20,0:24,0:41,0:52,0:38,0:10,1:05,0:49,1:01,0:19,1:03,0:30,0:32,0:45,1:22,1:06,0:37,0:40,0:21,0:57,0:49,0:17,0:56,0:43,0:55,0:32,0:38,0:38,0:51,0:18,1:13,0:26,0:53,0:28,1:14,0:25,0:30,0:43,0:43,0:35,0:45
Aldeno,0:30,0:28,0:00,0:35,0:16,0:53,0:39,0:37,0:27,0:31,0:39,0:12,0:48,0:44,1:02,1:21,1:12,0:50,0:38,0:54,0:30,0:58,1:02,0:20,0:53,0:23,0:10,1:40,0:32,1:35,1:42,0:52,1:07,0:43,1:14,0:43,0:56,1:02,0:41,0:54,0:49,0:35,0:33,0:54,0:34,0:03,0:54,0:49,0:21,0:42,0:36,1:02,0:35,0:57,0:48,0:32,1:00,0:38,0:40,0:32,0:43,0:35,0:24,0:26,0:31,0:06,0:26,1:04,0:49,1:42,0:15,0:35,0:20,0:53,0:28,0:51,0:28,0:43,0:26,0:56,1:06,1:36,1:05,1:43,0:21,0:22,1:24,0:43,0:20,0:29,0:12,0:08,0:31,0:48,0:43,1:10,0:40,1:10,1:21,1:08,0:56,0:23,0:53,1:07,1:05,0:10,0:53,0:40,1:14,1:41,1:03,0:37,0:47,0:36,0:40,0:20,0:52,0:14,0:28,0:56,1:01,2:00,0:46,1:32,0:42,0:20,0:33,0:40,0:51,0:43,0:36,1:01,0:48,1:27,0:45,0:58,0:29,0:31,0:40,1:09,1:01,0:42,0:45,0:28,0:44,0:27,0:20,0:55,1:08,0:51,0:31,0:43,0:18,0:46,0:12,1:08,0:51,0:34,0:23,1:13,0:32,0:11,0:42,0:55,0:14,1:11
Altavalle,0:50,0:13,0:35,0:00,0:33,0:54,0:40,0:54,0:47,0:26,0:28,0:36,0:50,0:55,1:13,1:41,1:23,1:01,0:40,0:54,0:52,0:59,1:14,0:27,0:54,0:29,0:37,1:03,0:33,1:28,1:05,0:17,1:18,0:45,1:26,0:45,0:58,0:25,0:43,0:29,0:50,0:36,0:44,0:55,0:01,0:38,0:56,0:50,0:21,0:42,0:48,1:03,0:36,0:58,0:49,0:33,1:00,0:49,0:49,0:32,0:54,0:39,0:51,0:15,0:29,0:41,0:09,1:15,0:51,1:22,0:38,0:46,0:14,1:16,0:32,0:52,0:09,0:46,0:38,0:57,1:17,0:59,1:06,1:20,0:21,0:22,0:47,0:44,0:42,0:51,0:35,0:41,0:33,0:49,0:45,1:11,0:34,0:34,1:22,1:09,1:08,0:22,0:55,1:19,1:17,0:35,1:04,0:41,0:38,1:04,1:04,1:01,0:48,0:38,0:42,0:55,0:52,0:37,0:26,0:57,1:01,1:30,0:48,0:55,0:53,0:18,0:31,0:41,0:51,0:45,0:06,1:12,0:49,0:50,0:17,1:09,0:30,0:32,0:51,1:29,1:12,0:44,0:47,0:28,1:04,0:56,0:19,0:56,0:32,1:02,0:32,0:45,0:41,0:57,0:25,1:19,0:23,0:56,0:34,1:14,0:32,0:33,0:43,0:31,0:41,0:34
Altopiano della Vigolana,0:45,0:26,0:16,0:33,0:00,1:01,0:47,0:48,0:43,0:24,0:33,0:18,0:33,0:49,1:07,1:37,1:17,0:55,0:22,1:02,0:46,1:07,1:07,0:05,1:01,0:08,0:19,1:35,0:40,1:19,1:37,0:50,1:12,0:28,1:20,0:27,0:41,0:57,0:26,1:01,0:57,0:43,0:38,1:03,0:34,0:19,0:39,0:57,0:17,0:50,0:42,1:10,0:43,1:05,0:56,0:40,1:08,0:43,0:43,0:40,0:48,0:25,0:21,0:21,0:20,0:22,0:30,1:09,0:34,1:27,0:31,0:20,0:24,1:09,0:13,0:59,0:23,0:28,0:32,1:05,1:11,1:31,1:13,1:28,0:30,0:32,1:19,0:51,0:36,0:44,0:28,0:23,0:16,0:57,0:28,1:18,0:30,1:05,1:29,1:16,1:02,0:13,0:37,1:12,1:11,0:27,0:58,0:49,1:10,1:36,1:11,0:53,0:55,0:21,0:25,0:36,1:00,0:29,0:40,1:05,1:09,1:45,0:31,1:27,0:47,0:31,0:23,0:48,0:59,0:28,0:31,1:06,0:57,1:22,0:41,1:03,0:37,0:39,0:45,1:23,1:06,0:27,0:29,0:13,0:58,0:33,0:28,1:03,1:04,0:56,0:39,0:28,0:33,0:51,0:14,1:13,0:46,0:47,0:28,1:21,0:21,0:27,0:50,1:03,0:23,1:06
Amblar-Don,1:11,0:54,0:53,0:54,1:01,0:00,0:40,1:15,1:08,1:01,1:10,0:57,1:21,1:10,1:19,1:54,1:37,1:15,1:11,0:06,1:13,0:34,1:18,0:59,0:34,1:01,0:58,1:29,0:30,2:04,1:32,1:08,1:13,1:16,1:39,1:16,1:29,0:59,1:14,1:02,0:02,0:36,1:04,0:35,0:52,0:56,1:27,0:29,0:52,0:20,1:03,0:42,0:29,0:38,0:12,0:26,0:40,1:10,1:09,0:36,1:09,1:05,1:12,0:57,1:01,0:59,0:45,1:16,1:22,1:58,0:58,1:20,0:41,1:36,1:02,0:27,0:56,1:17,0:58,0:37,1:18,1:25,0:46,1:56,0:33,0:31,1:24,0:44,1:03,1:12,0:56,1:02,1:04,0:20,1:17,0:51,1:10,1:10,1:02,0:48,1:23,0:53,1:26,1:32,1:14,0:56,1:17,0:22,1:14,1:41,0:44,1:22,0:06,1:09,1:13,1:13,0:04,0:57,0:40,0:09,0:27,2:07,1:19,1:21,0:53,0:35,1:03,0:12,0:04,1:17,1:00,1:25,0:22,1:23,1:10,1:22,0:30,0:30,1:02,1:42,1:20,1:15,1:18,0:59,1:20,1:16,0:37,0:35,1:07,1:15,0:30,1:17,1:02,1:10,0:46,1:33,1:09,1:17,0:55,0:54,1:03,0:54,0:22,1:03,1:02,1:10
Andalo,0:57,0:40,0:39,0:40,0:47,0:40,0:00,0:43,0:55,0:47,0:56,0:43,1:08,0:30,0:46,1:14,0:57,0:35,0:57,0:41,1:06,0:46,0:46,0:45,0:41,0:47,0:44,1:41,0:19,1:54,1:43,0:57,0:51,1:03,0:59,1:02,1:16,1:00,1:01,1:04,0:36,0:04,0:37,0:42,0:39,0:42,1:14,0:36,0:39,0:29,0:23,0:49,0:22,0:44,0:36,0:19,0:47,0:42,0:38,0:07,0:29,0:52,0:59,0:43,0:47,0:46,0:31,0:48,1:09,1:59,0:45,1:06,0:28,0:59,0:49,0:38,0:42,1:04,0:33,0:44,0:50,1:37,0:52,1:58,0:20,0:17,1:25,0:04,0:49,0:49,0:42,0:48,0:51,0:36,1:03,0:58,0:56,1:11,1:09,0:55,0:40,0:40,1:12,0:52,0:49,0:42,0:37,0:28,1:16,1:42,0:51,0:48,0:34,0:56,1:00,1:02,0:39,0:44,0:27,0:44,0:48,2:08,1:06,1:33,0:13,0:21,0:50,0:28,0:38,1:03,0:46,0:45,0:36,1:28,0:57,0:42,0:09,0:20,0:21,1:02,0:45,1:02,1:04,0:45,0:40,1:03,0:23,0:42,1:09,0:35,0:20,1:03,0:48,0:30,0:32,0:53,1:03,1:03,0:33,1:01,0:49,0:40,0:30,1:05,0:48,1:12
Arco,0:28,0:48,0:37,0:54,0:48,1:15,0:43,0:00,0:35,0:51,1:00,0:36,1:11,0:26,0:52,0:49,0:43,0:36,1:01,1:16,0:26,1:21,0:53,0:49,1:16,0:51,0:34,1:58,0:54,1:58,2:00,1:12,0:57,1:06,0:51,1:06,1:19,1:20,1:04,1:24,1:11,0:47,0:16,1:17,0:54,0:41,1:17,1:11,0:41,1:04,0:26,1:32,0:57,1:19,1:11,0:54,1:30,0:11,0:06,0:51,0:22,0:55,0:48,0:47,0:51,0:45,0:46,0:54,1:12,2:05,0:22,1:01,0:40,0:21,0:53,1:13,0:49,1:11,0:19,1:19,0:56,1:54,1:36,2:06,0:44,0:46,1:42,0:39,0:17,0:09,0:27,0:30,0:54,1:11,1:07,1:41,1:00,1:28,1:52,1:39,0:47,0:43,1:16,0:48,0:56,0:28,0:43,1:03,1:33,1:59,1:26,0:06,1:09,0:59,1:04,0:22,1:14,0:25,0:51,1:19,1:23,2:24,1:09,1:50,0:30,0:43,0:53,1:03,1:13,1:07,0:56,0:50,1:11,1:45,1:05,0:48,0:53,0:53,0:28,0:37,0:52,1:05,1:08,0:49,0:09,0:40,0:42,1:17,1:27,0:40,0:54,1:07,0:27,0:36,0:33,0:58,1:12,0:44,0:21,1:44,0:53,0:26,1:05,1:18,0:31,1:29
Avio,0:08,0:44,0:27,0:47,0:43,1:08,0:55,0:35,0:00,0:49,0:58,0:28,1:10,0:59,1:25,1:19,1:13,1:09,1:00,1:11,0:23,1:16,1:26,0:43,1:11,0:46,0:25,1:59,0:49,1:57,2:01,1:07,1:30,1:05,1:21,1:05,1:18,1:08,1:03,1:11,1:06,0:52,0:48,1:12,0:48,0:32,1:16,1:06,0:40,0:59,0:59,1:19,0:52,1:14,1:06,0:49,1:17,0:43,0:38,0:49,0:55,0:54,0:39,0:45,0:49,0:35,0:41,1:27,1:11,2:04,0:18,0:52,0:35,0:51,0:51,1:08,0:47,1:02,0:51,1:14,1:29,1:54,1:22,2:05,0:39,0:39,1:43,1:11,0:18,0:26,0:19,0:22,0:53,1:06,1:06,1:28,0:58,1:29,1:39,1:25,1:20,0:42,1:15,1:18,1:29,0:19,1:16,0:58,1:33,2:00,1:21,0:35,1:04,0:58,1:02,0:33,1:09,0:20,0:45,1:14,1:18,2:22,1:08,1:50,1:02,0:37,0:52,0:58,1:08,1:06,0:55,1:23,1:06,1:46,1:04,1:21,0:47,0:48,1:00,1:07,1:25,1:04,1:07,0:47,0:42,0:34,0:37,1:12,1:16,1:13,0:49,1:05,0:22,1:09,0:31,1:22,1:10,0:38,0:42,1:31,0:51,0:18,1:00,1:12,0:22,1:30
Baselga di Pinè,0:50,0:12,0:31,0:26,0:24,1:01,0:47,0:51,0:49,0:00,0:08,0:33,0:41,0:51,1:09,1:37,1:20,0:57,0:31,1:00,0:52,1:05,1:10,0:19,1:00,0:21,0:34,1:10,0:39,1:28,1:12,0:33,1:14,0:36,1:22,0:36,0:49,0:33,0:35,0:36,0:56,0:42,0:40,1:01,0:27,0:34,0:47,0:56,0:12,0:49,0:44,1:09,0:42,1:04,0:55,0:39,1:07,0:45,0:45,0:39,0:50,0:20,0:43,0:08,0:20,0:37,0:35,1:11,0:43,1:35,0:37,0:37,0:24,1:12,0:21,0:58,0:09,0:37,0:34,1:03,1:13,1:06,1:12,1:27,0:33,0:31,0:55,0:50,0:42,0:50,0:35,0:37,0:24,0:55,0:37,1:17,0:15,0:41,1:28,1:15,1:04,0:11,0:46,1:15,1:13,0:35,1:01,0:47,0:45,1:12,1:10,0:57,0:54,0:29,0:34,0:52,0:59,0:36,0:38,1:03,1:08,1:38,0:40,1:02,0:49,0:30,0:15,0:47,0:58,0:37,0:23,1:08,0:55,0:57,0:16,1:05,0:36,0:38,0:47,1:25,1:09,0:35,0:38,0:19,1:00,0:52,0:26,1:02,0:39,0:58,0:38,0:37,0:40,0:54,0:18,1:16,0:22,0:56,0:30,1:20,0:22,0:33,0:49,0:38,0:38,0:41
Bedollo,0:59,0:21,0:39,0:28,0:33,1:10,0:56,1:00,0:58,0:08,0:00,0:42,0:50,1:00,1:18,1:46,1:28,1:06,0:40,1:09,1:01,1:14,1:19,0:28,1:09,0:30,0:43,1:05,0:48,1:37,1:07,0:27,1:23,0:45,1:31,0:45,0:58,0:27,0:44,0:30,1:05,0:51,0:49,1:10,0:29,0:43,0:56,1:05,0:21,0:57,0:53,1:18,0:51,1:13,1:04,0:48,1:16,0:54,0:54,0:48,0:59,0:17,0:52,0:17,0:21,0:46,0:38,1:20,0:52,1:23,0:46,0:46,0:33,1:21,0:30,1:07,0:25,0:46,0:43,1:12,1:22,1:00,1:21,1:22,0:50,0:39,0:49,0:59,0:51,0:59,0:43,0:46,0:33,1:04,0:46,1:26,0:11,0:35,1:37,1:24,1:13,0:20,0:55,1:24,1:22,0:44,1:10,0:56,0:39,1:06,1:19,1:06,1:03,0:38,0:43,1:00,1:07,0:45,0:54,1:16,1:17,1:32,0:48,0:56,0:58,0:47,0:16,0:56,1:07,0:46,0:16,1:17,1:04,0:52,0:10,1:14,0:45,0:47,0:56,1:34,1:17,0:44,0:47,0:28,1:09,1:01,0:35,1:11,0:33,1:07,0:47,0:46,0:49,1:03,0:27,1:24,0:16,1:05,0:39,1:29,0:31,0:42,0:58,0:33,0:46,0:36
Besenello,0:28,0:30,0:12,0:36,0:18,0:57,0:43,0:36,0:28,0:33,0:42,0:00,0:51,0:46,1:04,1:19,1:13,0:52,0:40,0:58,0:29,1:03,1:05,0:23,0:58,0:26,0:02,1:42,0:36,1:37,1:45,0:55,1:09,0:46,1:17,0:45,0:59,1:05,0:44,1:08,0:54,0:39,0:35,0:59,0:36,0:15,0:57,0:53,0:23,0:46,0:39,1:06,0:40,1:02,0:53,0:36,1:04,0:40,0:39,0:37,0:45,0:37,0:15,0:29,0:33,0:19,0:29,1:06,0:52,1:45,0:14,0:28,0:23,0:52,0:31,0:55,0:31,0:38,0:29,1:01,1:08,1:38,1:10,1:46,0:25,0:28,1:27,0:48,0:19,0:27,0:11,0:06,0:34,0:53,0:46,1:15,0:42,1:13,1:26,1:12,0:59,0:26,0:55,1:10,1:08,0:10,0:55,0:45,1:17,1:44,1:08,0:36,0:51,0:39,0:43,0:29,0:56,0:12,0:31,1:01,1:05,2:03,0:49,1:34,0:44,0:23,0:36,0:45,0:55,0:46,0:39,1:03,0:53,1:29,0:48,1:00,0:34,0:36,0:42,1:07,1:03,0:45,0:47,0:31,0:43,0:20,0:24,0:59,1:11,0:53,0:36,0:46,0:16,0:48,0:14,1:10,0:54,0:30,0:25,1:18,0:35,0:10,0:47,1:11,0:06,1:13
Bieno,1:17,0:43,0:48,0:50,0:33,1:21,1:08,1:11,1:10,0:41,0:50,0:51,0:00,1:12,1:30,1:58,1:40,1:18,0:12,1:21,1:18,1:26,1:31,0:27,1:21,0:25,0:51,1:28,1:00,0:47,1:31,0:57,1:35,0:10,1:43,0:04,0:08,0:51,0:09,0:54,1:17,1:03,1:01,1:22,0:51,0:51,0:06,1:17,0:34,1:10,1:05,1:30,1:03,1:25,1:16,1:00,1:28,1:06,1:06,1:00,1:11,0:41,0:47,0:38,0:37,0:54,0:50,1:32,0:15,0:54,1:03,0:38,0:44,1:33,0:24,1:19,0:40,0:38,0:55,1:24,1:34,1:24,1:33,0:55,0:54,0:52,1:13,1:11,1:07,1:16,1:00,0:55,0:17,1:16,0:09,1:38,0:47,0:59,1:49,1:36,1:25,0:29,0:05,1:36,1:34,0:58,1:22,1:08,1:03,1:10,1:31,1:18,1:15,0:15,0:19,1:08,1:20,1:01,0:59,1:24,1:29,1:12,0:07,1:20,1:10,0:51,0:40,1:08,1:19,0:07,0:47,1:29,1:16,1:15,0:57,1:26,0:57,0:59,1:08,1:46,1:30,0:11,0:13,0:26,1:21,0:59,0:47,1:23,0:57,1:19,0:59,0:16,1:05,1:15,0:39,1:37,0:56,1:19,0:51,1:41,0:38,0:59,1:10,0:57,0:55,0:59
Bleggio Superiore,0:53,0:49,0:44,0:55,0:49,1:10,0:30,0:26,0:59,0:51,1:00,0:46,1:12,0:00,0:26,0:53,0:35,0:10,1:01,1:12,0:50,1:16,0:27,0:49,1:12,0:51,0:46,1:58,0:50,1:59,2:01,1:13,0:31,1:07,0:38,1:06,1:20,1:21,1:05,1:24,1:07,0:34,0:25,1:13,0:54,0:46,1:18,1:07,0:41,1:00,0:07,1:06,0:53,1:07,1:06,0:50,1:03,0:30,0:26,0:38,0:04,0:56,1:01,0:47,0:51,0:44,0:47,0:28,1:13,2:06,0:47,1:07,0:41,0:36,0:53,1:09,0:49,1:08,0:20,1:09,0:30,1:54,1:10,2:07,0:44,0:48,1:43,0:26,0:42,0:33,0:52,0:55,0:55,1:07,1:07,1:15,1:00,1:29,1:26,1:12,0:21,0:44,1:16,0:31,0:30,0:53,0:17,0:58,1:33,2:00,1:18,0:25,1:05,1:00,1:04,0:50,1:10,0:50,0:51,1:14,1:19,2:24,1:10,1:50,0:17,0:43,0:54,0:58,1:09,1:07,0:57,0:24,1:06,1:45,1:06,0:22,0:40,0:51,0:12,0:41,0:25,1:06,1:08,0:49,0:17,1:05,0:42,1:10,1:27,0:14,0:50,1:07,0:52,0:14,0:34,0:31,1:12,1:08,0:21,1:18,0:53,0:51,1:00,1:18,0:55,1:29
Bocenago,1:18,1:07,1:02,1:13,1:07,1:19,0:46,0:52,1:25,1:09,1:18,1:04,1:30,0:26,0:00,0:53,0:35,0:15,1:19,1:12,1:16,1:04,0:02,1:07,0:47,1:09,1:04,2:16,1:05,2:16,2:19,1:31,0:06,1:25,0:38,1:24,1:38,1:39,1:23,1:42,1:15,0:49,0:43,0:48,1:12,1:04,1:36,0:54,0:59,0:57,0:25,0:41,1:10,0:43,1:07,1:05,0:39,0:48,0:44,0:53,0:30,1:14,1:19,1:05,1:09,1:02,1:05,0:03,1:31,2:24,1:13,1:25,0:59,0:56,1:11,0:58,1:07,1:26,0:38,0:44,0:06,2:12,0:45,2:25,1:06,1:03,2:01,0:41,1:07,0:59,1:18,1:08,1:13,0:59,1:25,0:50,1:18,1:47,1:01,0:48,0:05,1:02,1:34,0:30,0:05,1:05,0:09,1:08,1:51,2:18,0:54,0:51,1:13,1:18,1:22,1:15,1:17,1:16,1:12,1:21,1:07,2:42,1:28,2:08,0:32,1:01,1:12,1:05,1:15,1:25,1:15,0:24,1:10,2:03,1:24,0:03,0:55,1:06,0:24,0:40,0:02,1:24,1:26,1:07,0:43,1:30,1:00,0:45,1:45,0:13,1:05,1:25,1:18,0:16,0:52,0:31,1:30,1:34,0:39,0:53,1:11,1:03,1:02,1:36,1:08,1:47
Bondone,1:12,1:34,1:21,1:41,1:37,1:54,1:14,0:49,1:19,1:37,1:46,1:19,1:58,0:53,0:53,0:00,0:18,0:42,1:47,1:55,1:09,1:55,0:53,1:35,1:39,1:37,1:17,2:44,1:34,2:44,2:47,1:59,0:58,1:53,0:26,1:52,2:06,2:07,1:51,2:10,1:51,1:18,1:05,1:40,1:40,1:28,2:04,1:46,1:27,1:43,0:53,1:33,1:37,1:34,1:50,1:34,1:30,1:00,0:55,1:22,0:57,1:42,1:31,1:33,1:37,1:32,1:33,0:55,1:59,2:52,1:06,1:44,1:27,0:27,1:39,1:49,1:35,1:54,1:06,1:36,0:57,2:40,1:36,2:53,1:34,1:32,2:29,1:10,1:01,0:52,1:11,1:14,1:41,1:51,1:53,1:42,1:46,2:15,1:53,1:39,0:47,1:30,2:02,0:24,0:57,1:12,0:44,1:42,2:19,2:46,1:45,0:44,1:49,1:46,1:50,1:09,1:53,1:09,1:41,1:58,1:59,3:10,1:56,2:36,1:00,1:29,1:40,1:42,1:53,1:53,1:43,0:30,1:50,2:31,1:52,0:49,1:24,1:34,0:52,0:12,0:52,1:52,1:54,1:35,0:48,1:24,1:28,1:37,2:13,0:40,1:34,1:53,1:11,0:44,1:20,0:28,1:58,1:27,1:07,1:45,1:39,1:10,1:44,2:04,1:14,2:15
Borgo Chiese,1:06,1:17,1:12,1:23,1:17,1:37,0:57,0:43,1:13,1:20,1:28,1:13,1:40,0:35,0:35,0:18,0:00,0:25,1:30,1:38,1:03,1:38,0:36,1:17,1:21,1:19,1:11,2:26,1:16,2:27,2:29,1:41,0:40,1:35,0:09,1:35,1:48,1:49,1:33,1:52,1:33,1:00,0:53,1:22,1:22,1:15,1:46,1:28,1:09,1:26,0:35,1:15,1:19,1:17,1:32,1:16,1:13,0:54,0:49,1:04,0:39,1:24,1:25,1:16,1:20,1:13,1:15,0:37,1:41,2:34,1:00,1:36,1:09,0:21,1:21,1:32,1:18,1:36,0:49,1:18,0:39,2:22,1:19,2:35,1:17,1:14,2:11,0:52,0:55,0:46,1:05,1:08,1:23,1:33,1:35,1:24,1:29,1:57,1:35,1:22,0:30,1:12,1:45,0:06,0:39,1:06,0:26,1:25,2:01,2:28,1:28,0:38,1:31,1:28,1:32,1:03,1:36,1:03,1:23,1:41,1:41,2:52,1:38,2:18,0:43,1:11,1:22,1:24,1:35,1:35,1:25,0:13,1:33,2:14,1:34,0:31,1:06,1:17,0:35,0:06,0:34,1:34,1:37,1:18,0:42,1:18,1:11,1:19,1:55,0:22,1:16,1:35,1:05,0:27,1:02,0:10,1:40,1:21,0:50,1:27,1:21,1:04,1:26,1:46,1:08,1:58
Borgo Lares,1:03,0:54,0:50,1:01,0:55,1:15,0:35,0:36,1:09,0:57,1:06,0:52,1:18,0:10,0:15,0:42,0:25,0:00,1:07,1:16,1:00,1:18,0:16,0:55,1:01,0:57,0:52,2:04,0:54,2:04,2:06,1:19,0:20,1:13,0:27,1:12,1:26,1:27,1:11,1:30,1:11,0:38,0:31,1:03,1:00,0:52,1:24,1:08,0:47,1:04,0:13,0:55,0:57,0:57,1:10,0:54,0:53,0:35,0:32,0:42,0:14,1:02,1:07,0:53,0:57,0:50,0:52,0:17,1:19,2:12,0:57,1:13,0:47,0:46,0:59,1:12,0:55,1:14,0:26,0:58,0:19,2:00,0:59,2:13,0:55,0:52,1:49,0:30,0:52,0:43,1:02,0:56,1:01,1:11,1:13,1:04,1:06,1:35,1:15,1:02,0:10,0:50,1:22,0:20,0:19,1:03,0:07,1:02,1:39,2:06,1:08,0:35,1:09,1:06,1:10,1:00,1:14,1:00,0:57,1:18,1:21,2:30,1:16,1:56,0:21,0:49,1:00,1:02,1:13,1:13,1:03,0:13,1:10,1:51,1:12,0:11,0:44,0:55,0:12,0:30,0:15,1:12,1:14,0:55,0:27,1:15,0:48,0:59,1:33,0:03,0:54,1:13,1:02,0:04,0:40,0:21,1:18,1:18,0:27,1:07,0:59,1:01,1:04,1:24,0:56,1:35
Borgo Valsugana,1:07,0:33,0:38,0:40,0:22,1:11,0:57,1:01,1:00,0:31,0:40,0:40,0:12,1:01,1:19,1:47,1:30,1:07,0:00,1:11,1:08,1:16,1:21,0:17,1:11,0:15,0:41,1:22,0:50,1:00,1:24,0:51,1:25,0:05,1:33,0:07,0:21,0:44,0:03,0:48,1:07,0:53,0:51,1:12,0:41,0:41,0:19,1:07,0:24,0:59,0:55,1:20,0:53,1:15,1:06,0:50,1:18,0:56,0:56,0:50,1:01,0:31,0:37,0:28,0:27,0:44,0:40,1:22,0:14,1:07,0:53,0:28,0:34,1:23,0:14,1:09,0:30,0:28,0:45,1:14,1:24,1:18,1:23,1:08,0:44,0:41,1:06,1:01,0:57,1:06,0:50,0:45,0:07,1:06,0:08,1:28,0:36,0:53,1:39,1:26,1:15,0:19,0:17,1:26,1:24,0:48,1:12,0:58,0:57,1:23,1:21,1:08,1:05,0:05,0:07,0:58,1:09,0:51,0:49,1:14,1:19,1:25,0:11,1:14,1:00,0:41,0:30,0:58,1:09,0:06,0:37,1:19,1:06,1:09,0:47,1:16,0:47,0:49,0:58,1:36,1:19,0:04,0:07,0:16,1:11,0:49,0:37,1:13,0:51,1:09,0:49,0:12,0:55,1:05,0:29,1:26,0:49,1:09,0:41,1:31,0:28,0:48,1:00,0:50,0:45,0:53
Borgo d'Anaunia,1:11,0:55,0:54,0:54,1:02,0:06,0:41,1:16,1:11,1:00,1:09,0:58,1:21,1:12,1:12,1:55,1:38,1:16,1:11,0:00,1:13,0:26,1:11,0:59,0:26,1:01,0:58,1:26,0:30,2:00,1:28,1:04,1:06,1:16,1:39,1:16,1:30,0:55,1:15,0:58,0:04,0:36,1:05,0:27,0:53,0:56,1:27,0:22,0:52,0:19,1:03,0:35,0:30,0:30,0:10,0:26,0:33,1:10,1:10,0:36,1:09,1:05,1:13,0:57,1:01,0:59,0:45,1:09,1:23,1:54,0:59,1:20,0:42,1:36,1:03,0:20,0:56,1:17,0:59,0:29,1:10,1:21,0:38,1:52,0:34,0:31,1:20,0:44,1:03,1:12,0:56,1:02,1:04,0:12,1:17,0:43,1:10,1:06,0:54,0:41,1:16,0:54,1:26,1:32,1:06,0:56,1:19,0:22,1:10,1:37,0:36,1:22,0:06,1:09,1:14,1:14,0:02,0:58,0:40,0:05,0:23,2:03,1:20,1:17,0:54,0:35,1:04,0:12,0:02,1:17,1:00,1:26,0:22,1:19,1:11,1:14,0:30,0:30,1:02,1:42,1:12,1:15,1:18,0:59,1:20,1:16,0:37,0:28,1:03,1:16,0:30,1:17,1:02,1:10,0:46,1:33,1:05,1:17,0:55,0:46,1:03,0:54,0:22,1:00,1:02,1:06
Brentonico,0:16,0:49,0:30,0:52,0:46,1:13,1:06,0:26,0:23,0:52,1:01,0:29,1:18,0:50,1:16,1:09,1:03,1:00,1:08,1:13,0:00,1:18,1:19,0:51,1:13,0:54,0:27,2:00,0:51,2:05,2:03,1:09,1:24,1:13,1:14,1:13,1:27,1:10,1:12,1:13,1:08,0:54,0:42,1:14,0:50,0:33,1:24,1:08,0:42,1:01,0:53,1:21,0:54,1:16,1:08,0:51,1:19,0:37,0:32,0:51,0:48,0:56,0:41,0:47,0:51,0:36,0:43,1:21,1:20,2:12,0:15,0:53,0:37,0:44,0:59,1:10,0:49,1:03,0:45,1:16,1:23,1:56,1:24,2:14,0:41,0:41,1:45,1:05,0:10,0:20,0:20,0:23,1:01,1:08,1:14,1:30,1:00,1:31,1:41,1:27,1:13,0:44,1:23,1:12,1:23,0:21,1:10,1:00,1:35,2:02,1:23,0:28,1:06,1:07,1:11,0:27,1:11,0:18,0:47,1:16,1:20,2:31,1:17,1:52,0:55,0:39,0:54,1:00,1:10,1:14,0:57,1:17,1:08,1:48,1:06,1:15,0:49,0:50,0:53,1:00,1:18,1:12,1:15,0:49,0:36,0:33,0:39,1:14,1:18,1:07,0:51,1:14,0:20,1:03,0:33,1:16,1:12,0:36,0:46,1:33,0:53,0:19,1:02,1:14,0:23,1:32
Bresimo,1:16,0:59,0:58,0:59,1:07,0:34,0:46,1:21,1:16,1:05,1:14,1:03,1:26,1:16,1:04,1:55,1:38,1:18,1:16,0:26,1:18,0:00,1:03,1:04,0:18,1:06,1:04,1:56,0:33,2:14,1:58,1:17,0:58,1:22,1:40,1:22,1:35,1:20,1:20,1:23,0:30,0:42,1:10,0:19,0:58,1:02,1:33,0:10,0:58,0:16,1:09,0:27,0:29,0:22,0:22,0:32,0:25,1:15,1:15,0:42,1:15,1:11,1:18,1:03,1:07,1:05,0:51,1:01,1:28,2:19,1:04,1:26,0:47,1:42,1:08,0:06,1:02,1:23,1:04,0:21,1:02,1:52,0:30,2:17,0:39,0:36,1:45,0:50,1:09,1:17,1:01,1:07,1:10,0:13,1:22,0:35,1:16,1:31,0:46,0:33,1:08,0:59,1:32,1:33,0:58,1:02,1:11,0:28,1:35,2:02,0:28,1:28,0:28,1:15,1:19,1:19,0:31,1:03,0:46,0:36,0:14,2:28,1:25,1:48,0:59,0:41,1:09,0:22,0:29,1:22,1:05,1:26,0:30,1:49,1:16,1:06,0:36,0:36,1:07,1:43,1:04,1:21,1:24,1:05,1:26,1:22,0:43,0:20,1:28,1:16,0:35,1:22,1:07,1:18,0:52,1:34,1:22,1:23,1:00,0:38,1:08,1:00,0:21,1:25,1:07,1:31
Caderzone Terme,1:19,1:07,1:02,1:14,1:07,1:18,0:46,0:53,1:26,1:10,1:19,1:05,1:31,0:27,0:02,0:53,0:36,0:16,1:21,1:11,1:19,1:03,0:00,1:08,0:46,1:10,1:05,2:17,1:06,2:17,2:19,1:31,0:05,1:25,0:38,1:25,1:38,1:39,1:23,1:43,1:14,0:50,0:44,0:47,1:13,1:05,1:36,0:53,1:00,0:56,0:25,0:40,1:08,0:42,1:06,1:06,0:38,0:48,0:44,0:54,0:31,1:14,1:19,1:06,1:10,1:03,1:05,0:02,1:31,2:24,1:13,1:26,0:59,0:57,1:12,0:57,1:08,1:26,0:39,0:43,0:04,2:13,0:44,2:25,1:06,1:04,2:01,0:42,1:08,0:59,1:18,1:08,1:13,0:58,1:26,0:49,1:19,1:47,1:00,0:47,0:05,1:02,1:35,0:31,0:04,1:06,0:09,1:07,1:52,2:18,0:53,0:51,1:12,1:18,1:23,1:16,1:16,1:16,1:13,1:20,1:06,2:43,1:28,2:09,0:32,1:02,1:12,1:04,1:14,1:26,1:15,0:24,1:09,2:04,1:24,0:04,0:56,1:06,0:24,0:41,0:01,1:24,1:27,1:08,0:43,1:31,1:01,0:44,1:45,0:14,1:06,1:26,1:18,0:16,0:52,0:32,1:31,1:34,0:40,0:52,1:12,1:04,1:01,1:37,1:08,1:48
Calceranica al Lago,0:50,0:20,0:20,0:27,0:05,0:59,0:45,0:49,0:43,0:19,0:28,0:23,0:27,0:49,1:07,1:35,1:17,0:55,0:17,0:59,0:51,1:04,1:08,0:00,0:59,0:02,0:24,1:29,0:38,1:14,1:32,0:44,1:13,0:22,1:21,0:22,0:35,0:52,0:20,0:55,0:55,0:41,0:39,1:00,0:29,0:24,0:33,0:55,0:11,0:47,0:43,1:08,0:41,1:03,0:54,0:38,1:05,0:44,0:44,0:38,0:49,0:19,0:26,0:15,0:15,0:27,0:27,1:10,0:28,1:21,0:36,0:22,0:22,1:13,0:08,0:57,0:17,0:22,0:33,1:02,1:12,1:25,1:11,1:22,0:32,0:29,1:14,0:49,0:40,0:49,0:33,0:27,0:10,0:54,0:22,1:16,0:24,1:00,1:27,1:14,1:03,0:07,0:32,1:14,1:12,0:31,0:59,0:46,1:04,1:31,1:09,0:57,0:53,0:15,0:19,0:41,0:57,0:33,0:37,1:02,1:06,1:39,0:25,1:21,0:48,0:29,0:18,0:46,0:56,0:22,0:25,1:07,0:54,1:16,0:35,1:04,0:35,0:37,0:46,1:24,1:07,0:21,0:24,0:07,0:59,0:37,0:25,1:00,0:58,0:57,0:37,0:22,0:38,0:52,0:17,1:14,0:41,0:52,0:29,1:19,0:16,0:31,0:48,0:57,0:28,1:00
Caldes,1:11,0:54,0:53,0:54,1:01,0:34,0:41,1:16,1:11,1:00,1:09,0:58,1:21,1:12,0:47,1:39,1:21,1:01,1:11,0:26,1:13,0:18,0:46,0:59,0:00,1:01,0:58,1:56,0:28,2:09,1:58,1:11,0:41,1:17,1:23,1:17,1:30,1:15,1:15,1:18,0:30,0:36,1:05,0:03,0:53,0:57,1:28,0:09,0:53,0:11,1:03,0:10,0:24,0:05,0:22,0:26,0:08,1:10,1:10,0:37,1:09,1:06,1:13,0:57,1:01,1:00,0:45,0:43,1:23,2:14,0:59,1:20,0:42,1:42,1:03,0:12,0:56,1:18,0:59,0:04,0:45,1:52,0:13,2:12,0:34,0:31,1:39,0:45,1:03,1:12,0:56,1:02,1:05,0:14,1:17,0:18,1:10,1:25,0:29,0:16,0:50,0:54,1:26,1:16,0:41,0:57,0:54,0:23,1:30,1:57,0:11,1:22,0:28,1:10,1:14,1:14,0:31,0:58,0:41,0:36,0:21,2:23,1:20,1:48,0:54,0:36,1:04,0:19,0:29,1:17,1:00,1:09,0:24,1:50,1:11,0:49,0:31,0:30,1:02,1:26,0:47,1:16,1:18,0:59,1:21,1:17,0:37,0:03,1:23,0:59,0:30,1:17,1:02,1:01,0:47,1:17,1:17,1:18,0:55,0:21,1:03,0:55,0:16,1:19,1:02,1:26
Caldonazzo,0:52,0:22,0:23,0:29,0:08,1:01,0:47,0:51,0:46,0:21,0:30,0:26,0:25,0:51,1:09,1:37,1:19,0:57,0:15,1:01,0:54,1:06,1:10,0:02,1:01,0:00,0:27,1:31,0:39,1:11,1:33,0:46,1:15,0:20,1:22,0:19,0:33,0:53,0:18,0:57,0:56,0:42,0:41,1:02,0:30,0:27,0:31,0:56,0:13,0:49,0:44,1:09,0:42,1:04,0:56,0:39,1:07,0:46,0:46,0:39,0:51,0:21,0:24,0:17,0:16,0:30,0:29,1:12,0:26,1:19,0:39,0:19,0:23,1:16,0:05,0:58,0:19,0:19,0:34,1:04,1:14,1:27,1:12,1:20,0:34,0:31,1:15,0:51,0:43,0:52,0:36,0:30,0:08,0:56,0:20,1:18,0:26,1:02,1:29,1:15,1:04,0:09,0:29,1:15,1:13,0:34,1:01,0:48,1:06,1:35,1:11,1:00,0:54,0:13,0:17,0:44,0:59,0:36,0:39,1:04,1:08,1:37,0:23,1:23,0:50,0:30,0:20,0:48,0:58,0:20,0:27,1:09,0:56,1:18,0:37,1:06,0:37,0:38,0:48,1:25,1:09,0:19,0:21,0:05,1:01,0:35,0:27,1:02,1:00,0:59,0:39,0:20,0:40,0:54,0:19,1:16,0:42,0:55,0:31,1:21,0:18,0:34,0:50,0:59,0:30,1:02
Calliano,0:26,0:31,0:10,0:37,0:19,0:58,0:44,0:34,0:25,0:34,0:43,0:02,0:51,0:46,1:04,1:17,1:11,0:52,0:41,0:58,0:27,1:04,1:05,0:24,0:58,0:27,0:00,1:43,0:37,1:38,1:45,0:55,1:10,0:46,1:19,0:46,0:59,1:06,0:44,1:09,0:54,0:40,0:36,1:00,0:37,0:13,0:57,0:54,0:24,0:47,0:39,1:07,0:40,1:02,0:53,0:37,1:05,0:42,0:37,0:37,0:46,0:38,0:14,0:30,0:34,0:16,0:29,1:07,0:53,1:45,0:12,0:27,0:23,0:49,0:32,0:56,0:32,0:37,0:29,1:02,1:09,1:39,1:10,1:46,0:25,0:29,1:28,0:48,0:16,0:25,0:09,0:03,0:34,0:54,0:47,1:15,0:43,1:14,1:26,1:13,0:59,0:26,0:56,1:10,1:08,0:07,0:56,0:46,1:18,1:45,1:08,0:34,0:52,0:39,0:44,0:27,0:57,0:10,0:32,1:02,1:06,2:04,0:49,1:35,0:45,0:24,0:36,0:45,0:56,0:47,0:39,1:04,0:54,1:30,0:48,1:01,0:34,0:36,0:43,1:05,1:04,0:45,0:48,0:31,0:41,0:18,0:25,1:00,1:12,0:54,0:36,0:47,0:14,0:49,0:15,1:11,0:55,0:28,0:26,1:18,0:36,0:07,0:47,1:11,0:04,1:14
Campitello di Fassa / Ciampedel,1:59,1:14,1:40,1:03,1:35,1:29,1:41,1:58,1:59,1:10,1:05,1:42,1:28,1:58,2:16,2:44,2:26,2:04,1:22,1:26,2:00,1:56,2:17,1:29,1:56,1:31,1:43,0:00,1:33,1:16,0:02,0:49,2:21,1:18,2:28,1:23,1:37,0:42,1:19,0:39,1:27,1:36,1:46,1:57,1:03,1:40,1:35,1:52,1:22,1:44,1:50,2:04,1:36,2:00,1:34,1:33,2:02,1:52,1:51,1:32,1:56,1:18,1:53,1:16,1:22,1:43,1:12,2:18,1:30,1:09,1:40,1:48,1:17,2:18,1:32,1:49,1:11,1:48,1:40,1:59,2:20,0:04,2:08,1:08,1:20,1:23,0:17,1:44,1:44,1:53,1:37,1:44,1:28,1:42,1:25,2:13,1:13,0:31,2:24,2:10,2:10,1:21,1:33,2:21,2:19,1:38,2:07,1:41,0:25,0:52,2:06,2:04,1:29,1:26,1:22,1:57,1:24,1:39,1:14,1:20,1:48,1:18,1:32,0:08,1:53,1:18,1:17,1:35,1:26,1:21,1:03,2:14,1:45,0:12,0:54,2:12,1:30,1:32,1:54,2:31,2:15,1:17,1:16,1:29,2:06,1:58,1:22,1:57,0:34,2:04,1:32,1:19,1:43,2:00,1:28,2:22,0:48,1:59,1:37,2:16,1:32,1:36,1:43,0:43,1:44,0:30
Campodenno,0:50,0:33,0:32,0:33,0:40,0:30,0:19,0:54,0:49,0:39,0:48,0:36,1:00,0:50,1:05,1:34,1:16,0:54,0:50,0:30,0:51,0:33,1:06,0:38,0:28,0:39,0:37,1:33,0:00,1:47,1:36,0:50,1:08,0:56,1:19,0:55,1:09,0:53,0:54,0:57,0:26,0:15,0:44,0:29,0:32,0:35,1:07,0:24,0:32,0:17,0:42,0:37,0:04,0:32,0:26,0:05,0:35,0:49,0:49,0:16,0:48,0:45,0:52,0:36,0:40,0:38,0:24,1:07,1:02,1:52,0:38,0:59,0:21,1:15,0:42,0:26,0:35,0:57,0:38,0:32,1:09,1:29,0:40,1:51,0:13,0:10,1:18,0:23,0:42,0:51,0:35,0:41,0:44,0:23,0:56,0:45,0:49,1:04,0:56,0:43,1:00,0:33,1:05,1:11,1:09,0:35,0:57,0:18,1:08,1:35,0:38,1:01,0:24,0:49,0:53,0:53,0:29,0:37,0:19,0:34,0:36,2:01,0:59,1:25,0:33,0:14,0:43,0:18,0:28,0:56,0:39,1:05,0:26,1:21,0:50,1:01,0:09,0:05,0:41,1:21,1:05,0:55,0:57,0:38,0:59,0:56,0:16,0:30,1:01,0:55,0:13,0:56,0:41,0:49,0:25,1:12,0:56,0:56,0:34,0:48,0:42,0:33,0:12,0:58,0:41,1:05
Canal San Bovo,2:04,1:30,1:35,1:28,1:19,2:04,1:54,1:58,1:57,1:28,1:37,1:37,0:47,1:59,2:16,2:44,2:27,2:04,1:00,2:00,2:05,2:14,2:17,1:14,2:09,1:11,1:38,1:16,1:47,0:00,1:18,1:15,2:22,0:57,2:30,0:52,0:32,1:07,0:56,1:04,2:01,1:50,1:48,2:09,1:29,1:38,0:44,2:04,1:21,1:57,1:52,2:17,1:50,2:12,2:03,1:47,2:15,1:53,1:53,1:47,1:58,1:28,1:34,1:25,1:24,1:41,1:37,2:19,0:43,0:07,1:50,1:25,1:31,2:20,1:11,2:06,1:27,1:26,1:42,2:12,2:21,1:11,2:20,0:08,1:41,1:39,1:00,1:58,1:54,2:03,1:47,1:42,1:04,2:04,0:56,2:25,1:34,0:56,2:36,2:23,2:12,1:16,0:42,2:23,2:21,1:46,2:09,1:55,0:50,0:23,2:18,2:05,2:02,1:02,1:06,1:55,1:58,1:48,1:39,1:54,2:16,0:25,0:54,1:07,1:58,1:38,1:27,1:55,2:00,0:54,1:28,2:16,2:03,1:03,1:19,2:13,1:44,1:46,1:56,2:33,2:17,0:59,1:00,1:13,2:08,1:46,1:34,2:10,0:59,2:06,1:46,1:03,1:52,2:02,1:26,2:24,1:13,2:06,1:38,2:28,1:25,1:46,1:57,1:08,1:42,0:55
Canazei / Cianacei,2:01,1:17,1:42,1:05,1:37,1:32,1:43,2:00,2:01,1:12,1:07,1:45,1:31,2:01,2:19,2:47,2:29,2:06,1:24,1:28,2:03,1:58,2:19,1:32,1:58,1:33,1:45,0:02,1:36,1:18,0:00,0:52,2:23,1:20,2:31,1:26,1:39,0:44,1:22,0:41,1:30,1:38,1:49,1:59,1:06,1:43,1:37,1:54,1:24,1:46,1:53,2:07,1:38,2:02,1:36,1:35,2:05,1:54,1:54,1:35,1:59,1:20,1:56,1:18,1:25,1:46,1:14,2:20,1:33,1:12,1:43,1:50,1:19,2:21,1:34,1:52,1:13,1:50,1:43,2:02,2:22,0:06,2:10,1:10,1:22,1:25,0:20,1:46,1:47,1:56,1:40,1:46,1:31,1:44,1:27,2:15,1:15,0:34,2:26,2:13,2:13,1:24,1:36,2:24,2:22,1:40,2:10,1:44,0:27,0:55,2:08,2:06,1:32,1:29,1:24,2:00,1:27,1:42,1:17,1:23,1:50,1:21,1:34,0:10,1:56,1:21,1:20,1:38,1:29,1:23,1:06,2:17,1:48,0:15,0:57,2:14,1:32,1:34,1:56,2:34,2:17,1:19,1:19,1:32,2:09,2:01,1:24,2:00,0:36,2:07,1:34,1:21,1:46,2:02,1:30,2:24,0:50,2:01,1:39,2:18,1:34,1:38,1:45,0:45,1:46,0:32
Capriana,1:07,0:30,0:52,0:17,0:50,1:08,0:57,1:12,1:07,0:33,0:27,0:55,0:57,1:13,1:31,1:59,1:41,1:19,0:51,1:04,1:09,1:17,1:31,0:44,1:11,0:46,0:55,0:49,0:50,1:15,0:52,0:00,1:35,0:47,1:43,0:53,1:06,0:12,0:49,0:15,1:05,0:53,1:01,1:12,0:18,0:55,1:04,1:07,0:38,1:00,1:05,1:20,0:53,1:15,1:06,0:50,1:18,1:06,1:06,0:50,1:11,0:41,1:08,0:32,0:45,0:58,0:26,1:32,1:00,1:08,0:55,1:03,0:32,1:33,0:49,1:09,0:27,1:03,0:55,1:15,1:34,0:46,1:23,1:07,0:39,0:40,0:34,1:01,0:59,1:08,0:52,0:58,0:50,1:07,0:54,1:28,0:36,0:20,1:39,1:26,1:25,0:39,1:02,1:36,1:34,0:52,1:22,0:58,0:24,0:51,1:21,1:18,1:07,0:55,0:51,1:12,1:02,0:54,0:51,0:58,1:19,1:17,1:01,0:42,1:11,0:35,0:40,0:58,1:04,0:50,0:26,1:29,1:06,0:37,0:17,1:26,0:47,0:49,1:08,1:46,1:30,0:46,0:45,0:45,1:21,1:13,0:37,1:13,0:18,1:19,0:49,0:48,0:58,1:15,0:42,1:37,0:14,1:13,0:51,1:31,0:49,0:50,1:00,0:18,0:58,0:21
Carisolo,1:23,1:12,1:07,1:18,1:12,1:13,0:51,0:57,1:30,1:14,1:23,1:09,1:35,0:31,0:06,0:58,0:40,0:20,1:25,1:06,1:24,0:58,0:05,1:13,0:41,1:15,1:10,2:21,1:08,2:22,2:23,1:35,0:00,1:30,0:43,1:30,1:43,1:44,1:28,1:47,1:09,0:55,0:48,0:42,1:17,1:10,1:41,0:48,1:04,0:51,0:30,0:35,1:03,0:36,1:01,1:06,0:33,0:53,0:49,0:58,0:35,1:19,1:24,1:10,1:15,1:08,1:10,0:03,1:36,2:29,1:18,1:31,1:04,1:01,1:16,0:52,1:13,1:31,0:44,0:38,0:05,2:17,0:39,2:30,1:11,1:08,2:06,0:47,1:13,1:04,1:23,1:13,1:18,0:53,1:30,0:44,1:24,1:52,0:55,0:41,0:10,1:07,1:40,0:36,0:01,1:10,0:14,1:02,1:56,2:23,0:47,0:56,1:07,1:23,1:27,1:21,1:10,1:21,1:18,1:15,1:01,2:47,1:33,2:13,0:37,1:06,1:17,0:59,1:09,1:30,1:20,0:29,1:04,2:08,1:29,0:09,1:00,1:11,0:29,0:46,0:07,1:29,1:32,1:13,0:48,1:36,1:06,0:39,1:50,0:18,1:10,1:30,1:23,0:21,0:57,0:36,1:35,1:39,0:44,0:47,1:16,1:09,0:56,1:41,1:13,1:52
Carzano,1:12,0:38,0:43,0:45,0:28,1:16,1:03,1:06,1:05,0:36,0:45,0:46,0:10,1:07,1:25,1:53,1:35,1:13,0:05,1:16,1:13,1:22,1:25,0:22,1:17,0:20,0:46,1:18,0:56,0:57,1:20,0:47,1:30,0:00,1:38,0:05,0:19,0:41,0:03,0:44,1:12,0:58,0:56,1:18,0:46,0:46,0:17,1:12,0:29,1:05,1:00,1:25,0:58,1:20,1:11,0:55,1:23,1:02,1:01,0:55,1:06,0:36,0:43,0:33,0:32,0:49,0:45,1:28,0:14,1:05,0:58,0:34,0:39,1:28,0:19,1:14,0:35,0:34,0:50,1:20,1:29,1:14,1:28,1:06,0:50,0:47,1:03,1:06,1:03,1:11,0:55,0:50,0:12,1:12,0:08,1:33,0:42,0:49,1:44,1:31,1:20,0:25,0:15,1:31,1:29,0:54,1:17,1:04,0:53,1:21,1:26,1:14,1:10,0:10,0:09,1:03,1:15,0:56,0:54,1:20,1:24,1:23,0:09,1:10,1:06,0:46,0:35,1:03,1:14,0:03,0:42,1:24,1:12,1:05,0:52,1:22,0:52,0:54,1:04,1:41,1:25,0:01,0:03,0:21,1:16,0:54,0:42,1:18,0:47,1:14,0:54,0:06,1:00,1:10,0:35,1:32,0:46,1:14,0:47,1:36,0:34,0:54,1:05,0:47,0:50,0:49
Castel Condino,1:14,1:19,1:14,1:26,1:20,1:39,0:59,0:51,1:21,1:22,1:31,1:17,1:43,0:38,0:38,0:26,0:09,0:27,1:33,1:39,1:14,1:40,0:38,1:21,1:23,1:22,1:19,2:28,1:19,2:30,2:31,1:43,0:43,1:38,0:00,1:37,1:51,1:51,1:36,1:55,1:36,1:03,0:56,1:25,1:25,1:17,1:48,1:31,1:12,1:28,0:37,1:18,1:22,1:19,1:35,1:19,1:15,1:00,0:56,1:06,0:42,1:26,1:31,1:18,1:22,1:15,1:17,0:40,1:44,2:37,1:08,1:38,1:11,0:30,1:24,1:34,1:20,1:38,0:51,1:21,0:42,2:25,1:21,2:38,1:19,1:16,2:13,0:55,1:03,0:55,1:13,1:16,1:25,1:36,1:38,1:26,1:31,2:00,1:37,1:24,0:32,1:15,1:47,0:09,0:41,1:14,0:28,1:27,2:04,2:31,1:30,0:46,1:34,1:31,1:35,1:11,1:38,1:11,1:26,1:43,1:44,2:55,1:41,2:21,0:45,1:14,1:25,1:27,1:37,1:38,1:28,0:15,1:35,2:16,1:37,0:34,1:09,1:19,0:37,0:14,0:37,1:36,1:39,1:20,0:50,1:26,1:13,1:21,1:58,0:25,1:19,1:38,1:13,0:29,1:04,0:13,1:43,1:29,0:52,1:29,1:24,1:12,1:29,1:49,1:16,2:00
Castel Ivano,1:12,0:38,0:43,0:45,0:27,1:16,1:02,1:06,1:05,0:36,0:45,0:45,0:04,1:06,1:24,1:52,1:35,1:12,0:07,1:16,1:13,1:22,1:25,0:22,1:17,0:19,0:46,1:23,0:55,0:52,1:26,0:53,1:30,0:05,1:37,0:00,0:13,0:46,0:04,0:49,1:12,0:58,0:56,1:17,0:46,0:46,0:11,1:12,0:29,1:05,1:00,1:25,0:58,1:20,1:11,0:55,1:23,1:01,1:01,0:55,1:06,0:36,0:42,0:33,0:32,0:49,0:45,1:27,0:10,0:59,0:58,0:33,0:39,1:28,0:19,1:14,0:35,0:33,0:50,1:19,1:29,1:19,1:28,1:00,0:49,0:47,1:08,1:06,1:02,1:11,0:55,0:50,0:12,1:11,0:04,1:33,0:42,0:54,1:44,1:31,1:20,0:24,0:09,1:31,1:29,0:54,1:17,1:03,0:58,1:15,1:26,1:13,1:10,0:10,0:14,1:03,1:15,0:56,0:54,1:19,1:24,1:17,0:03,1:15,1:05,0:46,0:35,1:03,1:14,0:02,0:42,1:24,1:11,1:10,0:52,1:21,0:52,0:54,1:03,1:41,1:25,0:06,0:08,0:21,1:16,0:54,0:42,1:18,0:52,1:14,0:54,0:11,1:00,1:10,0:34,1:32,0:51,1:14,0:46,1:36,0:33,0:54,1:05,0:52,0:50,0:54
Castello Tesino,1:25,0:51,0:56,0:58,0:41,1:29,1:16,1:19,1:18,0:49,0:58,0:59,0:08,1:20,1:38,2:06,1:48,1:26,0:21,1:30,1:27,1:35,1:38,0:35,1:30,0:33,0:59,1:37,1:09,0:32,1:39,1:06,1:43,0:19,1:51,0:13,0:00,0:59,0:17,1:02,1:25,1:11,1:09,1:30,0:59,0:59,0:05,1:25,0:42,1:18,1:13,1:38,1:11,1:33,1:24,1:08,1:36,1:14,1:14,1:08,1:19,0:49,0:55,0:46,0:45,1:02,0:58,1:40,0:10,0:39,1:11,0:46,0:52,1:41,0:32,1:27,0:48,0:47,1:03,1:32,1:42,1:32,1:41,0:40,1:02,1:00,1:21,1:19,1:15,1:24,1:08,1:03,0:25,1:24,0:17,1:46,0:55,1:07,1:57,1:44,1:33,0:37,0:03,1:44,1:42,1:07,1:30,1:16,1:11,0:55,1:39,1:26,1:23,0:23,0:27,1:16,1:28,1:09,1:07,1:32,1:37,0:57,0:15,1:28,1:18,0:59,0:48,1:16,1:27,0:15,0:55,1:37,1:24,1:23,1:05,1:34,1:05,1:07,1:16,1:54,1:38,0:19,0:21,0:34,1:29,1:07,0:55,1:31,1:05,1:27,1:07,0:24,1:13,1:23,0:47,1:45,1:04,1:27,0:59,1:49,0:46,1:07,1:18,1:05,1:03,1:07
Castello-Molina di Fiemme,1:08,0:37,1:02,0:25,0:57,0:59,1:00,1:20,1:08,0:33,0:27,1:05,0:51,1:21,1:39,2:07,1:49,1:27,0:44,0:55,1:10,1:20,1:39,0:52,1:15,0:53,1:06,0:42,0:53,1:07,0:44,0:12,1:44,0:41,1:51,0:46,0:59,0:00,0:42,0:03,0:56,0:56,1:09,1:15,0:26,1:03,0:57,1:10,0:44,1:02,1:13,1:23,0:56,1:18,1:03,0:53,1:21,1:14,1:14,0:53,1:19,0:40,1:16,0:38,0:45,1:06,0:34,1:40,0:53,1:01,1:03,1:10,0:39,1:41,0:54,1:12,0:33,1:10,1:03,1:17,1:42,0:38,1:26,0:59,0:40,0:43,0:26,1:04,1:07,1:16,1:00,1:06,0:51,1:11,0:47,1:31,0:35,0:10,1:42,1:29,1:33,0:44,0:56,1:44,1:42,1:00,1:30,1:01,0:17,0:44,1:24,1:26,0:58,0:49,0:45,1:20,0:53,1:02,0:34,0:49,1:17,1:10,0:54,0:34,1:13,0:39,0:40,1:01,0:55,0:43,0:26,1:37,1:09,0:29,0:17,1:34,0:50,0:52,1:16,1:54,1:37,0:40,0:39,0:52,1:29,1:21,0:43,1:16,0:07,1:27,0:52,0:42,1:06,1:22,0:50,1:44,0:10,1:21,0:59,1:34,0:54,0:58,1:03,0:05,1:06,0:12
Castelnuovo,1:10,0:36,0:41,0:43,0:26,1:14,1:01,1:04,1:03,0:35,0:44,0:44,0:09,1:05,1:23,1:51,1:33,1:11,0:03,1:15,1:12,1:20,1:23,0:20,1:15,0:18,0:44,1:19,0:54,0:56,1:22,0:49,1:28,0:03,1:36,0:04,0:17,0:42,0:00,0:46,1:09,0:55,0:53,1:14,0:43,0:43,0:15,1:09,0:25,1:01,0:57,1:21,0:55,1:17,1:08,0:52,1:19,0:58,0:58,0:52,1:03,0:33,0:39,0:29,0:29,0:46,0:41,1:24,0:11,1:03,0:55,0:30,0:36,1:24,0:16,1:11,0:31,0:30,0:47,1:16,1:26,1:16,1:25,1:04,0:46,0:43,1:04,1:03,0:59,1:08,0:52,0:46,0:09,1:08,0:05,1:30,0:38,0:51,1:41,1:27,1:17,0:21,0:14,1:27,1:26,0:50,1:13,1:00,0:55,1:19,1:23,1:10,1:07,0:06,0:12,1:00,1:11,0:52,0:51,1:16,1:20,1:21,0:07,1:12,1:02,0:43,0:32,1:00,1:10,0:02,0:39,1:21,1:08,1:07,0:49,1:18,0:49,0:51,1:00,1:38,1:21,0:02,0:05,0:17,1:13,0:50,0:39,1:14,0:49,1:11,0:51,0:08,0:57,1:06,0:31,1:28,0:47,1:11,0:43,1:33,0:30,0:50,1:02,0:48,0:47,0:51
Cavalese,1:11,0:40,0:54,0:29,1:01,1:02,1:04,1:24,1:11,0:36,0:30,1:08,0:54,1:24,1:42,2:10,1:52,1:30,0:48,0:58,1:13,1:23,1:43,0:55,1:18,0:57,1:09,0:39,0:57,1:04,0:41,0:15,1:47,0:44,1:55,0:49,1:02,0:03,0:46,0:00,0:59,0:59,1:12,1:19,0:29,1:06,1:00,1:13,0:47,1:06,1:16,1:26,0:59,1:21,1:06,0:56,1:24,1:17,1:17,0:56,1:22,0:44,1:19,0:42,0:48,1:09,0:37,1:43,0:56,0:57,1:06,1:13,0:43,1:44,0:57,1:15,0:36,1:13,1:06,1:21,1:45,0:34,1:29,0:56,0:43,0:46,0:23,1:07,1:10,1:19,1:03,1:09,0:54,1:14,0:50,1:34,0:38,0:07,1:45,1:32,1:36,0:47,0:59,1:47,1:45,1:03,1:33,1:05,0:13,0:40,1:27,1:29,1:01,0:52,0:47,1:23,0:57,1:05,0:37,0:52,1:20,1:06,0:57,0:30,1:17,0:42,0:43,1:04,0:59,0:46,0:29,1:40,1:12,0:26,0:20,1:37,0:53,0:55,1:19,1:57,1:41,0:42,0:42,0:55,1:32,1:24,0:48,1:19,0:04,1:30,0:55,0:45,1:09,1:26,0:53,1:48,0:13,1:24,1:02,1:37,0:58,1:01,1:06,0:04,1:09,0:09
Cavareno,1:07,0:50,0:49,0:50,0:57,0:02,0:36,1:11,1:06,0:56,1:05,0:54,1:17,1:07,1:15,1:51,1:33,1:11,1:07,0:04,1:08,0:30,1:14,0:55,0:30,0:56,0:54,1:27,0:26,2:01,1:30,1:05,1:09,1:12,1:36,1:12,1:25,0:56,1:09,0:59,0:00,0:32,1:00,0:31,0:48,0:52,1:23,0:25,0:48,0:16,0:59,0:38,0:25,0:34,0:08,0:22,0:36,1:06,1:05,0:32,1:05,1:01,1:08,0:53,0:57,0:55,0:41,1:12,1:18,1:55,0:54,1:16,0:37,1:32,0:58,0:23,0:52,1:13,0:54,0:33,1:14,1:23,0:42,1:54,0:29,0:27,1:21,0:40,0:59,1:07,0:52,0:58,1:00,0:16,1:13,0:47,1:06,1:07,0:58,0:44,1:19,0:49,1:22,1:28,1:10,0:52,1:13,0:18,1:11,1:38,0:40,1:18,0:02,1:05,1:09,1:09,0:02,0:53,0:36,0:07,0:25,2:04,1:15,1:19,0:49,0:31,0:59,0:08,0:01,1:13,0:56,1:21,0:18,1:21,1:06,1:18,0:26,0:26,0:58,1:38,1:16,1:11,1:14,0:55,1:16,1:12,0:33,0:31,1:04,1:11,0:25,1:12,0:57,1:06,0:42,1:29,1:06,1:13,0:51,0:50,0:59,0:50,0:18,1:01,0:58,1:08
Cavedago,0:53,0:36,0:35,0:36,0:43,0:36,0:04,0:47,0:52,0:42,0:51,0:39,1:03,0:34,0:49,1:18,1:00,0:38,0:53,0:36,0:54,0:42,0:50,0:41,0:36,0:42,0:40,1:36,0:15,1:50,1:38,0:53,0:55,0:58,1:03,0:58,1:11,0:56,0:55,0:59,0:32,0:00,0:41,0:38,0:35,0:38,1:10,0:32,0:34,0:25,0:26,0:45,0:18,0:40,0:31,0:15,0:43,0:46,0:42,0:07,0:33,0:47,0:55,0:39,0:43,0:41,0:27,0:52,1:05,1:55,0:41,1:02,0:24,1:03,0:45,0:34,0:38,0:59,0:36,0:40,0:54,1:32,0:48,1:54,0:16,0:13,1:21,0:08,0:45,0:53,0:38,0:44,0:47,0:32,0:59,0:54,0:52,1:07,1:05,0:51,0:44,0:36,1:08,0:56,0:53,0:38,0:41,0:24,1:11,1:38,0:46,0:52,0:30,0:52,0:56,0:56,0:35,0:40,0:22,0:40,0:44,2:04,1:02,1:28,0:17,0:17,0:46,0:24,0:34,0:59,0:42,0:49,0:32,1:24,0:53,0:46,0:05,0:16,0:25,1:06,0:49,0:58,1:00,0:41,0:44,0:59,0:19,0:38,1:04,0:39,0:15,0:59,0:44,0:33,0:28,0:57,0:59,0:59,0:37,0:57,0:45,0:36,0:26,1:01,0:44,1:08
Cavedine,0:41,0:37,0:33,0:44,0:38,1:04,0:37,0:16,0:48,0:40,0:49,0:35,1:01,0:25,0:43,1:05,0:53,0:31,0:51,1:05,0:42,1:10,0:44,0:39,1:05,0:41,0:36,1:46,0:44,1:48,1:49,1:01,0:48,0:56,0:56,0:56,1:09,1:09,0:53,1:12,1:00,0:41,0:00,1:06,0:43,0:30,1:07,1:01,0:30,0:53,0:18,1:14,0:47,1:09,1:00,0:44,1:11,0:05,0:10,0:44,0:24,0:45,0:50,0:36,0:40,0:26,0:35,0:45,1:02,1:55,0:35,0:56,0:30,0:37,0:42,1:03,0:38,0:57,0:06,1:08,0:47,1:43,1:17,1:56,0:33,0:35,1:32,0:33,0:30,0:22,0:40,0:39,0:44,1:00,0:56,1:22,0:49,1:18,1:33,1:20,0:38,0:33,1:05,0:48,0:47,0:41,0:34,0:52,1:22,1:49,1:15,0:23,0:59,0:49,0:53,0:35,1:03,0:39,0:40,1:08,1:12,2:13,0:59,1:39,0:23,0:32,0:43,0:52,1:02,0:56,0:46,0:42,1:00,1:34,0:55,0:39,0:41,0:43,0:21,0:53,0:42,0:55,0:57,0:38,0:25,0:53,0:31,1:06,1:16,0:32,0:43,0:56,0:41,0:27,0:23,0:49,1:01,0:57,0:10,1:25,0:42,0:39,0:54,1:07,0:39,1:18
Cavizzana,1:12,0:55,0:54,0:55,1:03,0:35,0:42,1:17,1:12,1:01,1:10,0:59,1:22,1:13,0:48,1:40,1:22,1:03,1:12,0:27,1:14,0:19,0:47,1:00,0:03,1:02,1:00,1:57,0:29,2:09,1:59,1:12,0:42,1:18,1:25,1:17,1:30,1:15,1:14,1:19,0:31,0:38,1:06,0:00,0:54,0:58,1:29,0:10,0:54,0:12,1:05,0:12,0:25,0:07,0:23,0:28,0:09,1:11,1:11,0:38,1:11,1:07,1:14,0:59,1:03,1:01,0:47,0:45,1:24,2:15,1:00,1:22,0:43,1:44,1:04,0:13,0:58,1:19,1:00,0:06,0:47,1:53,0:15,2:13,0:35,0:32,1:41,0:46,1:05,1:13,0:57,1:03,1:06,0:15,1:18,0:20,1:12,1:27,0:31,0:18,0:52,0:55,1:28,1:18,0:43,0:58,0:56,0:24,1:31,1:58,0:13,1:24,0:29,1:11,1:15,1:15,0:32,0:59,0:42,0:37,0:23,2:24,1:21,1:49,0:55,0:37,1:05,0:21,0:30,1:18,1:01,1:11,0:26,1:51,1:12,0:51,0:32,0:32,1:03,1:28,0:49,1:17,1:20,1:01,1:22,1:18,0:39,0:04,1:24,1:01,0:31,1:18,1:03,1:03,0:48,1:19,1:18,1:19,0:56,0:23,1:04,0:56,0:17,1:21,1:03,1:27
Cembra Lisignago,0:48,0:14,0:34,0:01,0:34,0:52,0:39,0:54,0:48,0:27,0:29,0:36,0:51,0:54,1:12,1:40,1:22,1:00,0:41,0:53,0:50,0:58,1:13,0:29,0:53,0:30,0:37,1:03,0:32,1:29,1:06,0:18,1:17,0:46,1:25,0:46,0:59,0:26,0:43,0:29,0:48,0:35,0:43,0:54,0:00,0:36,0:57,0:48,0:22,0:41,0:46,1:01,0:34,0:56,0:48,0:31,0:59,0:48,0:48,0:31,0:53,0:41,0:50,0:16,0:31,0:39,0:08,1:14,0:52,1:22,0:36,0:47,0:13,1:14,0:33,0:50,0:11,0:47,0:36,0:56,1:16,0:59,1:04,1:21,0:20,0:21,0:48,0:43,0:41,0:49,0:33,0:40,0:34,0:48,0:47,1:10,0:35,0:34,1:21,1:07,1:06,0:23,0:56,1:17,1:15,0:34,1:03,0:40,0:38,1:05,1:03,1:00,0:46,0:39,0:44,0:54,0:51,0:35,0:24,0:56,1:00,1:31,0:49,0:55,0:52,0:17,0:33,0:40,0:50,0:47,0:07,1:11,0:48,0:51,0:18,1:08,0:29,0:30,0:50,1:27,1:11,0:45,0:48,0:29,1:03,0:54,0:18,0:54,0:32,1:01,0:31,0:47,0:39,0:56,0:23,1:18,0:24,0:55,0:33,1:13,0:34,0:32,0:42,0:32,0:40,0:35
Cimone,0:33,0:31,0:03,0:38,0:19,0:56,0:42,0:41,0:32,0:34,0:43,0:15,0:51,0:46,1:04,1:28,1:15,0:52,0:41,0:56,0:33,1:02,1:05,0:24,0:57,0:27,0:13,1:40,0:35,1:38,1:43,0:55,1:10,0:46,1:17,0:46,0:59,1:03,0:43,1:06,0:52,0:38,0:30,0:58,0:36,0:00,0:57,0:52,0:24,0:45,0:40,1:05,0:38,1:00,0:52,0:35,1:03,0:35,0:44,0:35,0:46,0:38,0:27,0:30,0:34,0:03,0:30,1:07,0:53,1:45,0:18,0:38,0:24,1:00,0:32,0:54,0:32,0:46,0:30,1:00,1:09,1:39,1:08,1:46,0:25,0:25,1:28,0:47,0:23,0:36,0:15,0:11,0:34,0:52,0:47,1:14,0:43,1:14,1:25,1:11,1:00,0:26,0:56,1:11,1:09,0:13,0:57,0:44,1:18,1:45,1:07,0:44,0:50,0:39,0:44,0:19,0:55,0:17,0:31,1:00,1:04,2:04,0:49,1:35,0:45,0:23,0:36,0:44,0:54,0:47,0:39,1:04,0:52,1:30,0:48,1:01,0:33,0:34,0:43,1:16,1:04,0:45,0:48,0:31,0:52,0:30,0:23,0:58,1:12,0:54,0:35,0:47,0:21,0:50,0:15,1:11,0:55,0:37,0:26,1:17,0:36,0:14,0:46,0:58,0:17,1:14
Cinte Tesino,1:23,0:49,0:54,0:56,0:39,1:27,1:14,1:17,1:16,0:47,0:56,0:57,0:06,1:18,1:36,2:04,1:46,1:24,0:19,1:27,1:24,1:33,1:36,0:33,1:28,0:31,0:57,1:35,1:07,0:44,1:37,1:04,1:41,0:17,1:48,0:11,0:05,0:57,0:15,1:00,1:23,1:10,1:07,1:29,0:57,0:57,0:00,1:23,0:40,1:16,1:11,1:36,1:09,1:31,1:22,1:06,1:34,1:13,1:12,1:06,1:17,0:47,0:54,0:44,0:43,1:00,0:56,1:39,0:15,0:51,1:09,0:45,0:50,1:39,0:30,1:25,0:46,0:45,1:01,1:31,1:40,1:30,1:39,0:52,1:01,0:58,1:19,1:17,1:14,1:22,1:06,1:01,0:23,1:23,0:15,1:44,0:53,1:05,1:55,1:42,1:31,0:36,0:01,1:42,1:40,1:05,1:28,1:15,1:09,1:07,1:37,1:25,1:21,0:21,0:25,1:15,1:26,1:07,1:05,1:31,1:35,1:09,0:13,1:26,1:17,0:57,0:46,1:14,1:25,0:14,0:54,1:35,1:23,1:22,1:04,1:33,1:03,1:05,1:15,1:52,1:36,0:18,0:20,0:32,1:27,1:05,0:53,1:29,1:03,1:25,1:05,0:23,1:11,1:21,0:46,1:43,1:02,1:25,0:58,1:47,0:45,1:05,1:16,1:03,1:01,1:06
Cis,1:07,0:50,0:49,0:50,0:57,0:29,0:36,1:11,1:06,0:56,1:05,0:53,1:17,1:07,0:54,1:46,1:28,1:08,1:07,0:22,1:08,0:10,0:53,0:55,0:09,0:56,0:54,1:52,0:24,2:04,1:54,1:07,0:48,1:12,1:31,1:12,1:25,1:10,1:09,1:13,0:25,0:32,1:01,0:10,0:48,0:52,1:23,0:00,0:48,0:07,0:59,0:17,0:20,0:12,0:17,0:22,0:15,1:06,1:06,0:33,1:05,1:01,1:09,0:53,0:57,0:55,0:41,0:51,1:19,2:09,0:55,1:16,0:38,1:32,0:59,0:03,0:52,1:13,0:55,0:12,0:53,1:48,0:20,2:08,0:30,0:27,1:35,0:40,0:59,1:08,0:52,0:58,1:00,0:09,1:13,0:26,1:06,1:21,0:37,0:23,0:58,0:50,1:22,1:24,0:49,0:52,1:02,0:18,1:25,1:52,0:19,1:18,0:24,1:06,1:10,1:10,0:27,0:54,0:36,0:31,0:13,2:18,1:16,1:44,0:50,0:31,1:00,0:15,0:25,1:13,0:56,1:17,0:20,1:45,1:07,0:57,0:26,0:26,0:58,1:34,0:55,1:11,1:14,0:55,1:16,1:12,0:33,0:10,1:18,1:06,0:26,1:13,0:58,1:09,0:42,1:24,1:13,1:13,0:51,0:29,0:59,0:50,0:12,1:15,0:58,1:22
Civezzano,0:40,0:15,0:21,0:21,0:17,0:52,0:39,0:41,0:40,0:12,0:21,0:23,0:34,0:41,0:59,1:27,1:09,0:47,0:24,0:52,0:42,0:58,1:00,0:11,0:53,0:13,0:24,1:22,0:32,1:21,1:24,0:38,1:04,0:29,1:12,0:29,0:42,0:44,0:25,0:47,0:48,0:34,0:30,0:54,0:22,0:24,0:40,0:48,0:00,0:39,0:34,1:00,0:33,0:55,0:46,0:30,0:57,0:36,0:35,0:30,0:40,0:18,0:36,0:09,0:14,0:28,0:19,1:02,0:36,1:28,0:28,0:30,0:14,1:02,0:16,0:49,0:11,0:30,0:24,0:54,1:04,1:18,1:03,1:30,0:24,0:21,1:07,0:41,0:32,0:41,0:25,0:28,0:17,0:46,0:30,1:08,0:23,0:53,1:19,1:06,0:54,0:07,0:39,1:05,1:03,0:25,0:51,0:38,0:57,1:24,1:01,0:48,0:45,0:22,0:27,0:42,0:49,0:27,0:29,0:54,0:58,1:47,0:33,1:14,0:40,0:21,0:17,0:38,0:48,0:30,0:19,0:58,0:46,1:10,0:28,0:56,0:27,0:29,0:38,1:15,0:59,0:28,0:31,0:12,0:51,0:43,0:17,0:53,0:51,0:49,0:29,0:30,0:31,0:44,0:09,1:06,0:34,0:46,0:21,1:11,0:16,0:23,0:40,0:51,0:28,0:54
Cles,0:59,0:43,0:42,0:42,0:50,0:20,0:29,1:04,0:59,0:49,0:57,0:46,1:10,1:00,0:57,1:43,1:26,1:04,0:59,0:19,1:01,0:16,0:56,0:47,0:11,0:49,0:47,1:44,0:17,1:57,1:46,1:00,0:51,1:05,1:28,1:05,1:18,1:02,1:01,1:06,0:16,0:25,0:53,0:12,0:41,0:45,1:16,0:07,0:39,0:00,0:52,0:20,0:12,0:15,0:14,0:15,0:18,0:59,0:58,0:25,0:58,0:54,1:01,0:46,0:50,0:48,0:34,0:54,1:11,2:02,0:47,1:09,0:30,1:25,0:51,0:09,0:45,1:06,0:47,0:15,0:55,1:40,0:23,2:01,0:22,0:20,1:28,0:33,0:52,1:01,0:45,0:51,0:53,0:06,1:06,0:28,0:59,1:14,0:39,0:26,1:01,0:42,1:15,1:21,0:51,0:45,1:04,0:11,1:18,1:45,0:21,1:11,0:14,0:58,1:02,1:02,0:19,0:46,0:29,0:24,0:19,2:11,1:08,1:36,0:42,0:24,0:52,0:08,0:18,1:06,0:49,1:14,0:13,1:30,0:59,0:59,0:19,0:19,0:51,1:31,0:57,1:04,1:07,0:48,1:09,1:05,0:26,0:13,1:11,1:04,0:18,1:05,0:50,0:59,0:35,1:22,1:05,1:06,0:44,0:31,0:52,0:43,0:04,1:08,0:51,1:14
Comano Terme,0:53,0:41,0:36,0:48,0:42,1:03,0:23,0:26,0:59,0:44,0:53,0:39,1:05,0:07,0:25,0:53,0:35,0:13,0:55,1:03,0:53,1:09,0:25,0:43,1:03,0:44,0:39,1:50,0:42,1:52,1:53,1:05,0:30,1:00,0:37,1:00,1:13,1:13,0:57,1:16,0:59,0:26,0:18,1:05,0:46,0:40,1:11,0:59,0:34,0:52,0:00,1:05,0:46,1:06,0:59,0:43,1:02,0:22,0:19,0:31,0:06,0:48,0:53,0:40,0:44,0:37,0:39,0:27,1:06,1:59,0:47,1:00,0:33,0:36,0:46,1:02,0:42,1:00,0:13,1:08,0:29,1:47,1:08,2:00,0:37,0:41,1:35,0:19,0:42,0:33,0:40,0:43,0:48,0:59,1:00,1:14,0:53,1:22,1:25,1:11,0:19,0:37,1:09,0:30,0:28,0:40,0:16,0:51,1:26,1:53,1:17,0:25,0:58,0:53,0:57,0:50,1:02,0:50,0:44,1:07,1:12,2:17,1:03,1:43,0:09,0:36,0:47,0:51,1:02,1:00,0:50,0:24,0:59,1:38,0:59,0:21,0:33,0:43,0:04,0:40,0:24,0:59,1:01,0:42,0:17,0:57,0:35,1:09,1:20,0:14,0:43,1:00,0:52,0:09,0:26,0:31,1:05,1:08,0:14,1:17,0:46,0:38,0:53,1:11,0:43,1:22
Commezzadura,1:20,1:03,1:02,1:03,1:10,0:42,0:49,1:32,1:19,1:09,1:18,1:06,1:30,1:06,0:41,1:33,1:15,0:55,1:20,0:35,1:21,0:27,0:40,1:08,0:10,1:09,1:07,2:04,0:37,2:17,2:07,1:20,0:35,1:25,1:18,1:25,1:38,1:23,1:21,1:26,0:38,0:45,1:14,0:12,1:01,1:05,1:36,0:17,1:00,0:20,1:05,0:00,0:33,0:06,0:30,0:35,0:03,1:19,1:24,0:45,1:10,1:14,1:22,1:06,1:10,1:08,0:54,0:38,1:32,2:22,1:08,1:29,0:51,1:36,1:12,0:21,1:05,1:26,1:08,0:07,0:40,2:00,0:03,2:21,0:43,0:40,1:48,0:53,1:12,1:39,1:05,1:11,1:13,0:22,1:26,0:08,1:19,1:34,0:19,0:06,0:45,1:03,1:35,1:10,0:36,1:05,0:49,0:31,1:38,2:05,0:17,1:31,0:36,1:18,1:23,1:23,0:40,1:07,0:49,0:44,0:30,2:31,1:29,1:56,1:03,0:44,1:13,0:28,0:38,1:26,1:09,1:04,0:33,1:58,1:20,0:43,0:39,0:39,1:04,1:20,0:42,1:24,1:27,1:08,1:23,1:25,0:46,0:08,1:31,0:53,0:39,1:26,1:11,0:56,0:55,1:11,1:26,1:26,1:04,0:11,1:12,1:03,0:25,1:28,1:11,1:35
Contà,0:53,0:36,0:35,0:36,0:43,0:29,0:22,0:57,0:52,0:42,0:51,0:40,1:03,0:53,1:10,1:37,1:19,0:57,0:53,0:30,0:54,0:29,1:08,0:41,0:24,0:42,0:40,1:36,0:04,1:50,1:38,0:53,1:03,0:58,1:22,0:58,1:11,0:56,0:55,0:59,0:25,0:18,0:47,0:25,0:34,0:38,1:09,0:20,0:33,0:12,0:46,0:33,0:00,0:28,0:25,0:03,0:30,0:52,0:52,0:19,0:51,0:47,0:55,0:39,0:43,0:41,0:27,1:06,1:05,1:55,0:41,1:02,0:24,1:18,0:45,0:22,0:38,0:59,0:41,0:27,1:08,1:32,0:36,1:54,0:16,0:13,1:21,0:26,0:45,0:54,0:38,0:44,0:46,0:19,0:59,0:41,0:52,1:07,0:52,0:39,1:03,0:36,1:08,1:14,1:04,0:38,1:00,0:17,1:11,1:38,0:34,1:04,0:24,0:52,0:56,0:56,0:29,0:40,0:22,0:34,0:31,2:04,1:02,1:28,0:36,0:17,0:46,0:17,0:28,0:59,0:42,1:08,0:25,1:24,0:53,1:04,0:12,0:10,0:44,1:24,1:08,0:58,1:00,0:41,1:02,0:58,0:19,0:26,1:04,0:58,0:12,0:59,0:44,0:52,0:28,1:15,0:59,0:59,0:37,0:44,0:45,0:36,0:07,1:01,0:44,1:08
Croviana,1:15,0:58,0:57,0:58,1:05,0:38,0:44,1:19,1:14,1:04,1:13,1:02,1:25,1:07,0:43,1:34,1:17,0:57,1:15,0:30,1:16,0:22,0:42,1:03,0:05,1:04,1:02,2:00,0:32,2:12,2:02,1:15,0:36,1:20,1:19,1:20,1:33,1:18,1:17,1:21,0:34,0:40,1:09,0:07,0:56,1:00,1:31,0:12,0:55,0:15,1:06,0:06,0:28,0:00,0:25,0:30,0:03,1:14,1:14,0:41,1:12,1:09,1:17,1:01,1:05,1:03,0:49,0:39,1:27,2:17,1:03,1:24,0:46,1:38,1:07,0:16,1:00,1:21,1:03,0:01,0:41,1:56,0:09,2:16,0:38,0:35,1:43,0:48,1:07,1:16,1:00,1:06,1:09,0:17,1:21,0:14,1:14,1:29,0:25,0:12,0:46,0:58,1:30,1:12,0:37,1:00,0:50,0:26,1:33,2:00,0:11,1:32,0:32,1:14,1:18,1:18,0:35,1:02,0:44,0:39,0:25,2:26,1:24,1:52,0:58,0:39,1:08,0:23,0:33,1:21,1:04,1:05,0:28,1:53,1:15,0:45,0:34,0:34,1:05,1:22,0:43,1:20,1:22,1:03,1:24,1:21,0:41,0:03,1:26,0:55,0:34,1:21,1:06,0:57,0:50,1:13,1:21,1:21,0:59,0:17,1:07,0:58,0:20,1:23,1:06,1:30
Dambel,1:06,0:49,0:48,0:49,0:56,0:12,0:36,1:11,1:06,0:55,1:04,0:53,1:16,1:06,1:07,1:50,1:32,1:10,1:06,0:10,1:08,0:22,1:06,0:54,0:22,0:56,0:53,1:34,0:26,2:03,1:36,1:06,1:01,1:11,1:35,1:11,1:24,1:03,1:08,1:06,0:08,0:31,1:00,0:23,0:48,0:52,1:22,0:17,0:46,0:14,0:59,0:30,0:25,0:25,0:00,0:22,0:28,1:05,1:05,0:32,1:04,1:01,1:08,0:52,0:56,0:55,0:40,1:04,1:18,2:02,0:54,1:15,0:37,1:32,0:58,0:15,0:51,1:13,0:54,0:25,1:06,1:30,0:33,2:01,0:29,0:26,1:28,0:40,0:58,1:07,0:51,0:57,1:00,0:08,1:12,0:39,1:05,1:14,0:50,0:36,1:11,0:49,1:21,1:28,1:02,0:51,1:15,0:18,1:18,1:45,0:32,1:17,0:06,1:05,1:09,1:09,0:09,0:53,0:36,0:14,0:23,2:11,1:15,1:26,0:49,0:31,0:59,0:07,0:07,1:12,0:55,1:21,0:17,1:27,1:06,1:10,0:26,0:25,0:57,1:38,1:08,1:11,1:13,0:54,1:16,1:12,0:32,0:23,1:11,1:11,0:25,1:12,0:57,1:05,0:42,1:28,1:12,1:13,0:50,0:42,0:58,0:50,0:17,1:08,0:57,1:14
Denno,0:50,0:33,0:32,0:33,0:40,0:26,0:19,0:54,0:49,0:39,0:48,0:36,1:00,0:50,1:05,1:34,1:16,0:54,0:50,0:26,0:51,0:32,1:06,0:38,0:26,0:39,0:37,1:33,0:05,1:47,1:35,0:50,1:06,0:55,1:19,0:55,1:08,0:53,0:52,0:56,0:22,0:15,0:44,0:28,0:31,0:35,1:06,0:22,0:30,0:15,0:43,0:35,0:03,0:30,0:22,0:00,0:33,0:49,0:49,0:15,0:48,0:44,0:52,0:36,0:40,0:38,0:24,1:09,1:02,1:52,0:38,0:59,0:20,1:15,0:42,0:24,0:35,0:56,0:38,0:30,1:11,1:29,0:38,1:51,0:13,0:10,1:18,0:23,0:42,0:51,0:35,0:41,0:43,0:21,0:56,0:43,0:49,1:04,0:54,0:41,1:00,0:33,1:05,1:11,1:07,0:35,0:57,0:14,1:08,1:35,0:36,1:01,0:21,0:48,0:53,0:52,0:25,0:37,0:19,0:30,0:34,2:01,0:58,1:25,0:33,0:14,0:43,0:14,0:24,0:56,0:39,1:04,0:22,1:21,0:50,1:01,0:09,0:09,0:41,1:21,1:04,0:54,0:57,0:38,0:59,0:55,0:16,0:28,1:01,0:55,0:09,0:56,0:41,0:49,0:25,1:12,0:56,0:56,0:34,0:46,0:42,0:33,0:10,0:58,0:41,1:05
Dimaro Folgarida,1:18,1:01,1:00,1:00,1:08,0:40,0:47,1:30,1:17,1:07,1:16,1:04,1:28,1:03,0:39,1:30,1:13,0:53,1:18,0:33,1:19,0:25,0:38,1:05,0:08,1:07,1:05,2:02,0:35,2:15,2:05,1:18,0:33,1:23,1:15,1:23,1:36,1:21,1:19,1:24,0:36,0:43,1:11,0:09,0:59,1:03,1:34,0:15,0:57,0:18,1:02,0:03,0:30,0:03,0:28,0:33,0:00,1:17,1:21,0:43,1:08,1:12,1:19,1:04,1:08,1:06,0:52,0:35,1:29,2:20,1:06,1:27,0:48,1:34,1:10,0:19,1:03,1:24,1:05,0:05,0:37,1:58,0:06,2:19,0:41,0:38,1:46,0:51,1:10,1:36,1:03,1:09,1:11,0:20,1:24,0:11,1:17,1:32,0:22,0:09,0:42,1:00,1:33,1:08,0:33,1:03,0:46,0:29,1:36,2:03,0:14,1:28,0:34,1:16,1:21,1:20,0:37,1:05,0:47,0:42,0:28,2:29,1:26,1:54,1:01,0:42,1:10,0:26,0:36,1:24,1:07,1:01,0:31,1:56,1:17,0:41,0:37,0:37,1:01,1:18,0:39,1:22,1:25,1:06,1:20,1:23,0:44,0:06,1:29,0:51,0:37,1:24,1:09,0:53,0:53,1:09,1:24,1:24,1:02,0:14,1:10,1:01,0:22,1:26,1:09,1:33
Drena,0:36,0:43,0:38,0:49,0:43,1:10,0:42,0:11,0:43,0:45,0:54,0:40,1:06,0:30,0:48,1:00,0:54,0:35,0:56,1:10,0:37,1:15,0:48,0:44,1:10,0:46,0:42,1:52,0:49,1:53,1:54,1:06,0:53,1:02,1:00,1:01,1:14,1:14,0:58,1:17,1:06,0:46,0:05,1:11,0:48,0:35,1:13,1:06,0:36,0:59,0:22,1:19,0:52,1:14,1:05,0:49,1:17,0:00,0:05,0:49,0:28,0:50,0:56,0:41,0:45,0:31,0:41,0:50,1:07,2:00,0:30,1:01,0:35,0:32,0:47,1:08,0:43,1:02,0:11,1:13,0:51,1:48,1:22,2:01,0:38,0:40,1:37,0:37,0:25,0:17,0:35,0:38,0:49,1:05,1:01,1:27,0:54,1:23,1:38,1:25,0:42,0:38,1:10,0:53,0:51,0:36,0:39,0:57,1:27,1:54,1:20,0:18,1:04,0:54,0:58,0:30,1:08,0:33,0:45,1:13,1:18,2:18,1:04,1:44,0:28,0:37,0:48,0:57,1:07,1:01,0:51,0:46,1:05,1:39,1:00,0:44,0:46,0:48,0:26,0:48,0:47,1:00,1:02,0:43,0:20,0:48,0:36,1:12,1:21,0:36,0:48,1:01,0:35,0:32,0:28,0:54,1:06,0:52,0:15,1:30,0:47,0:34,0:59,1:12,0:39,1:23
Dro,0:31,0:42,0:40,0:49,0:43,1:09,0:38,0:06,0:38,0:45,0:54,0:39,1:06,0:26,0:44,0:55,0:49,0:32,0:56,1:10,0:32,1:15,0:44,0:44,1:10,0:46,0:37,1:51,0:49,1:53,1:54,1:06,0:49,1:01,0:56,1:01,1:14,1:14,0:58,1:17,1:05,0:42,0:10,1:11,0:48,0:44,1:12,1:06,0:35,0:58,0:19,1:24,0:52,1:14,1:05,0:49,1:21,0:05,0:00,0:45,0:28,0:50,0:51,0:41,0:45,0:37,0:40,0:46,1:07,2:00,0:25,1:03,0:35,0:27,0:47,1:08,0:43,1:02,0:14,1:13,0:48,1:48,1:27,2:01,0:38,0:40,1:37,0:33,0:20,0:12,0:30,0:33,0:49,1:05,1:01,1:33,0:54,1:23,1:44,1:30,0:38,0:38,1:10,0:49,0:48,0:31,0:35,0:57,1:27,1:54,1:20,0:13,1:04,0:54,0:58,0:25,1:08,0:28,0:45,1:13,1:17,2:18,1:04,1:44,0:24,0:37,0:48,0:57,1:07,1:01,0:51,0:43,1:05,1:39,1:00,0:40,0:47,0:48,0:22,0:43,0:43,1:00,1:02,0:43,0:15,0:43,0:36,1:11,1:21,0:33,0:48,1:01,0:30,0:28,0:28,0:50,1:06,0:46,0:15,1:36,0:47,0:29,0:59,1:12,0:33,1:23
Fai della Paganella,0:50,0:33,0:32,0:32,0:40,0:36,0:07,0:51,0:49,0:39,0:48,0:37,1:00,0:38,0:53,1:22,1:04,0:42,0:50,0:36,0:51,0:42,0:54,0:38,0:37,0:39,0:37,1:32,0:16,1:47,1:35,0:50,0:58,0:55,1:06,0:55,1:08,0:53,0:52,0:56,0:32,0:07,0:44,0:38,0:31,0:35,1:06,0:33,0:30,0:25,0:31,0:45,0:19,0:41,0:32,0:15,0:43,0:49,0:45,0:00,0:36,0:44,0:51,0:36,0:40,0:38,0:24,0:55,1:01,1:52,0:37,0:59,0:20,1:06,0:41,0:35,0:35,0:56,0:40,0:40,0:57,1:29,0:49,1:50,0:12,0:10,1:18,0:11,0:42,0:57,0:35,0:40,0:43,0:32,0:56,0:54,0:49,1:04,1:05,0:52,0:48,0:32,1:05,0:59,0:57,0:35,0:45,0:24,1:08,1:35,0:47,0:55,0:31,0:48,0:52,0:52,0:35,0:36,0:19,0:40,0:45,2:01,0:58,1:25,0:21,0:14,0:42,0:24,0:35,0:56,0:38,0:53,0:32,1:20,0:49,0:49,0:07,0:17,0:29,1:09,0:53,0:54,0:57,0:38,0:47,0:55,0:16,0:39,1:01,0:43,0:15,0:55,0:40,0:37,0:25,1:00,0:55,0:56,0:34,0:57,0:41,0:33,0:26,0:58,0:41,1:04
Fiavè,0:48,0:47,0:43,0:54,0:48,1:09,0:29,0:22,0:55,0:50,0:59,0:45,1:11,0:04,0:30,0:57,0:39,0:14,1:01,1:09,0:48,1:15,0:31,0:49,1:09,0:51,0:46,1:56,0:48,1:58,1:59,1:11,0:35,1:06,0:42,1:06,1:19,1:19,1:03,1:22,1:05,0:33,0:24,1:11,0:53,0:46,1:17,1:05,0:40,0:58,0:06,1:10,0:51,1:12,1:04,0:48,1:08,0:28,0:28,0:36,0:00,0:55,0:59,0:46,0:50,0:43,0:45,0:32,1:12,2:05,0:42,1:06,0:40,0:31,0:52,1:08,0:48,1:07,0:19,1:13,0:34,1:53,1:14,2:06,0:43,0:47,1:42,0:25,0:37,0:28,0:47,0:50,0:54,1:05,1:06,1:19,0:59,1:28,1:30,1:16,0:25,0:43,1:15,0:35,0:34,0:48,0:21,0:57,1:32,1:59,1:22,0:20,1:04,0:59,1:03,0:45,1:08,0:45,0:50,1:13,1:18,2:23,1:09,1:49,0:15,0:42,0:53,0:57,1:08,1:06,0:56,0:28,1:05,1:44,1:05,0:26,0:39,0:49,0:10,0:45,0:29,1:05,1:07,0:48,0:12,1:00,0:41,1:14,1:26,0:18,0:49,1:06,0:47,0:15,0:33,0:36,1:11,1:03,0:20,1:22,0:52,0:46,0:59,1:17,0:50,1:28
Fierozzo / Vlarotz,0:54,0:27,0:35,0:39,0:25,1:05,0:52,0:55,0:54,0:20,0:17,0:37,0:41,0:56,1:14,1:42,1:24,1:02,0:31,1:05,0:56,1:11,1:14,0:19,1:06,0:21,0:38,1:18,0:45,1:28,1:20,0:41,1:19,0:36,1:26,0:36,0:49,0:40,0:33,0:44,1:01,0:47,0:45,1:07,0:41,0:38,0:47,1:01,0:18,0:54,0:48,1:14,0:47,1:09,1:01,0:44,1:12,0:50,0:50,0:44,0:55,0:00,0:43,0:22,0:04,0:43,0:34,1:16,0:43,1:36,0:43,0:37,0:28,1:17,0:22,1:03,0:24,0:38,0:39,1:09,1:18,1:14,1:17,1:37,0:38,0:36,1:03,0:55,0:47,0:56,0:40,0:43,0:25,1:01,0:37,1:22,0:04,0:49,1:33,1:20,1:09,0:11,0:46,1:20,1:18,0:40,1:06,0:52,0:53,1:20,1:15,1:03,0:59,0:30,0:34,0:57,1:04,0:41,0:43,1:08,1:13,1:46,0:40,1:10,0:55,0:35,0:06,0:52,1:03,0:37,0:29,1:13,1:00,1:05,0:24,1:10,0:41,0:43,0:53,1:30,1:14,0:36,0:38,0:19,1:05,0:54,0:31,1:07,0:47,1:03,0:43,0:37,0:46,0:59,0:23,1:21,0:30,1:01,0:35,1:25,0:22,0:38,0:54,0:47,0:43,0:49
Folgaria,0:39,0:44,0:24,0:51,0:21,1:12,0:59,0:48,0:39,0:43,0:52,0:15,0:47,1:01,1:19,1:31,1:25,1:07,0:37,1:13,0:41,1:18,1:19,0:26,1:13,0:24,0:14,1:53,0:52,1:34,1:56,1:08,1:24,0:43,1:31,0:42,0:55,1:16,0:39,1:19,1:08,0:55,0:50,1:14,0:50,0:27,0:54,1:09,0:36,1:01,0:53,1:22,0:55,1:17,1:08,0:52,1:19,0:56,0:51,0:51,0:59,0:43,0:00,0:42,0:41,0:29,0:44,1:21,0:49,1:42,0:25,0:13,0:38,1:03,0:28,1:11,0:44,0:23,0:44,1:16,1:23,1:51,1:25,1:43,0:40,0:43,1:40,1:03,0:30,0:38,0:22,0:17,0:31,1:08,0:43,1:30,0:51,1:26,1:41,1:27,1:14,0:33,0:52,1:25,1:23,0:21,1:11,1:00,1:30,1:58,1:23,0:47,1:06,0:36,0:40,0:40,1:11,0:23,0:46,1:16,1:20,2:00,0:46,1:47,0:59,0:38,0:44,1:00,1:10,0:43,0:51,1:18,1:08,1:43,1:01,1:15,0:49,0:51,0:57,1:18,1:18,0:42,0:44,0:28,0:54,0:11,0:39,1:14,1:24,1:08,0:51,0:43,0:27,1:03,0:29,1:25,1:07,0:38,0:40,1:33,0:41,0:21,1:02,1:24,0:17,1:27
Fornace,0:46,0:09,0:26,0:15,0:21,0:57,0:43,0:47,0:45,0:08,0:17,0:29,0:38,0:47,1:05,1:33,1:16,0:53,0:28,0:57,0:47,1:03,1:06,0:15,0:57,0:17,0:30,1:16,0:36,1:25,1:18,0:32,1:10,0:33,1:18,0:33,0:46,0:38,0:29,0:42,0:53,0:39,0:36,0:59,0:16,0:30,0:44,0:53,0:09,0:46,0:40,1:06,0:39,1:01,0:52,0:36,1:04,0:41,0:41,0:36,0:46,0:22,0:42,0:00,0:18,0:34,0:29,1:07,0:39,1:32,0:34,0:34,0:23,1:08,0:19,0:54,0:05,0:34,0:30,1:00,1:09,1:12,1:08,1:33,0:34,0:33,1:01,0:46,0:38,0:47,0:31,0:34,0:21,0:52,0:33,1:13,0:23,0:47,1:24,1:11,1:00,0:10,0:43,1:11,1:09,0:31,0:57,0:44,0:51,1:18,1:06,0:54,0:50,0:26,0:30,0:48,0:55,0:33,0:38,1:00,1:04,1:44,0:36,1:08,0:46,0:30,0:20,0:43,0:54,0:33,0:12,1:04,0:51,1:03,0:21,1:01,0:32,0:34,0:44,1:21,1:05,0:32,0:35,0:16,0:56,0:48,0:26,0:58,0:45,0:54,0:34,0:33,0:37,0:50,0:15,1:12,0:28,0:52,0:27,1:16,0:19,0:29,0:45,0:45,0:34,0:47
Frassilongo / Garait,0:50,0:22,0:31,0:29,0:20,1:01,0:47,0:51,0:49,0:20,0:21,0:33,0:37,0:51,1:09,1:37,1:20,0:57,0:27,1:01,0:51,1:07,1:10,0:15,1:01,0:16,0:34,1:22,0:40,1:24,1:25,0:45,1:15,0:32,1:22,0:32,0:45,0:45,0:29,0:48,0:57,0:43,0:40,1:03,0:31,0:34,0:43,0:57,0:14,0:50,0:44,1:10,0:43,1:05,0:56,0:40,1:08,0:45,0:45,0:40,0:50,0:04,0:41,0:18,0:00,0:38,0:30,1:12,0:38,1:31,0:38,0:33,0:24,1:13,0:17,0:59,0:19,0:33,0:35,1:04,1:14,1:18,1:13,1:32,0:34,0:31,1:07,0:51,0:43,0:51,0:35,0:38,0:20,0:56,0:33,1:18,0:08,0:53,1:29,1:16,1:05,0:07,0:42,1:16,1:14,0:36,1:02,0:48,0:57,1:24,1:11,0:58,0:55,0:25,0:30,0:52,0:59,0:37,0:39,1:04,1:09,1:50,0:35,1:14,0:50,0:31,0:06,0:48,0:59,0:33,0:27,1:09,0:56,1:10,0:28,1:06,0:37,0:39,0:48,1:26,1:09,0:31,0:34,0:15,1:01,0:50,0:27,1:03,0:51,0:59,0:39,0:33,0:41,0:55,0:19,1:16,0:34,0:57,0:31,1:21,0:18,0:34,0:50,0:51,0:38,0:54
Garniga Terme,0:36,0:34,0:06,0:41,0:22,0:59,0:46,0:45,0:35,0:37,0:46,0:19,0:54,0:44,1:02,1:32,1:13,0:50,0:44,0:59,0:36,1:05,1:03,0:27,1:00,0:30,0:16,1:43,0:38,1:41,1:46,0:58,1:08,0:49,1:15,0:49,1:02,1:06,0:46,1:09,0:55,0:41,0:26,1:01,0:39,0:03,1:00,0:55,0:28,0:48,0:37,1:08,0:41,1:03,0:55,0:38,1:06,0:31,0:37,0:38,0:43,0:43,0:29,0:34,0:38,0:00,0:33,1:04,0:56,1:48,0:21,0:41,0:27,1:04,0:35,0:57,0:35,0:50,0:25,1:03,1:06,1:42,1:11,1:50,0:28,0:28,1:31,0:50,0:26,0:40,0:18,0:14,0:37,0:55,0:50,1:17,0:46,1:17,1:28,1:14,0:57,0:30,0:59,1:08,1:06,0:16,0:54,0:47,1:21,1:48,1:10,0:49,0:53,0:42,0:47,0:23,0:58,0:20,0:34,1:03,1:07,2:07,0:53,1:38,0:43,0:26,0:40,0:47,0:57,0:50,0:42,1:01,0:55,1:33,0:51,0:58,0:36,0:38,0:41,1:20,1:02,0:48,0:51,0:34,0:56,0:33,0:26,1:01,1:15,0:51,0:38,0:50,0:24,0:47,0:18,1:09,0:58,0:40,0:29,1:20,0:39,0:17,0:49,1:01,0:20,1:17
Giovo,0:41,0:19,0:26,0:09,0:30,0:45,0:31,0:46,0:41,0:35,0:38,0:29,0:50,0:47,1:05,1:33,1:15,0:52,0:40,0:45,0:43,0:51,1:05,0:27,0:45,0:29,0:29,1:12,0:24,1:37,1:14,0:26,1:10,0:45,1:17,0:45,0:58,0:34,0:41,0:37,0:41,0:27,0:35,0:47,0:08,0:30,0:56,0:41,0:19,0:34,0:39,0:54,0:27,0:49,0:40,0:24,0:52,0:41,0:40,0:24,0:45,0:34,0:44,0:29,0:30,0:33,0:00,1:06,0:52,1:30,0:29,0:46,0:06,1:07,0:32,0:43,0:19,0:47,0:29,0:48,1:08,1:08,0:57,1:29,0:13,0:14,0:56,0:35,0:33,0:42,0:26,0:32,0:34,0:40,0:46,1:02,0:44,0:42,1:13,1:00,0:59,0:23,0:55,1:10,1:08,0:26,0:56,0:32,0:47,1:13,0:55,0:52,0:39,0:39,0:43,0:46,0:43,0:28,0:17,0:48,0:53,1:39,0:49,1:04,0:45,0:09,0:33,0:32,0:43,0:46,0:15,1:03,0:40,0:59,0:26,1:00,0:21,0:23,0:42,1:20,1:04,0:45,0:47,0:28,0:55,0:47,0:10,0:47,0:41,0:53,0:23,0:46,0:32,0:49,0:16,1:11,0:32,0:47,0:25,1:05,0:32,0:24,0:34,0:40,0:32,0:43
Giustino,1:20,1:09,1:04,1:15,1:09,1:16,0:48,0:54,1:27,1:11,1:20,1:06,1:32,0:28,0:03,0:55,0:37,0:17,1:22,1:09,1:21,1:01,0:02,1:10,0:43,1:12,1:07,2:18,1:07,2:19,2:20,1:32,0:03,1:28,0:40,1:27,1:40,1:40,1:24,1:43,1:12,0:52,0:45,0:45,1:14,1:07,1:39,0:51,1:02,0:54,0:27,0:38,1:06,0:39,1:04,1:09,0:35,0:50,0:46,0:55,0:32,1:16,1:21,1:07,1:12,1:04,1:06,0:00,1:33,2:26,1:15,1:28,1:01,0:58,1:13,0:54,1:09,1:28,0:41,0:41,0:01,2:14,0:41,2:27,1:08,1:05,2:03,0:43,1:10,1:01,1:20,1:10,1:15,0:56,1:27,0:47,1:21,1:49,0:58,0:44,0:07,1:04,1:37,0:32,0:01,1:07,0:11,1:05,1:53,2:20,0:50,0:53,1:10,1:20,1:24,1:18,1:13,1:18,1:15,1:18,1:04,2:44,1:30,2:10,0:34,1:03,1:14,1:02,1:11,1:27,1:17,0:26,1:07,2:05,1:26,0:06,0:57,1:08,0:26,0:43,0:04,1:26,1:28,1:09,0:45,1:32,1:02,0:42,1:47,0:15,1:08,1:27,1:20,0:18,0:54,0:33,1:32,1:36,0:41,0:50,1:13,1:05,0:58,1:38,1:10,1:49
Grigno,1:18,0:44,0:49,0:51,0:34,1:22,1:09,1:12,1:11,0:43,0:52,0:52,0:15,1:13,1:31,1:59,1:41,1:19,0:14,1:23,1:20,1:28,1:31,0:28,1:23,0:26,0:53,1:30,1:02,0:43,1:33,1:00,1:36,0:14,1:44,0:10,0:10,0:53,0:11,0:56,1:18,1:05,1:02,1:24,0:52,0:53,0:15,1:19,0:36,1:11,1:06,1:32,1:05,1:27,1:18,1:02,1:29,1:07,1:07,1:01,1:12,0:43,0:49,0:39,0:38,0:56,0:52,1:33,0:00,0:50,1:05,0:40,0:45,1:34,0:25,1:20,0:41,0:40,0:57,1:26,1:36,1:26,1:34,0:51,0:56,0:53,1:15,1:13,1:09,1:18,1:02,0:56,0:18,1:18,0:07,1:40,0:48,1:01,1:51,1:37,1:26,0:31,0:13,1:37,1:35,1:00,1:23,1:10,1:05,1:06,1:33,1:20,1:16,0:16,0:22,1:10,1:21,1:02,1:01,1:26,1:30,1:08,0:13,1:22,1:12,0:52,0:42,1:10,1:20,0:11,0:49,1:31,1:18,1:18,0:59,1:28,0:59,1:00,1:10,1:47,1:31,0:13,0:16,0:27,1:23,1:00,0:49,1:24,0:59,1:21,1:01,0:19,1:06,1:16,0:41,1:38,0:58,1:21,0:53,1:43,0:40,1:00,1:12,0:59,0:56,1:02
Imer,2:11,1:37,1:42,1:22,1:27,1:58,1:59,2:05,2:04,1:35,1:23,1:45,0:54,2:06,2:24,2:52,2:34,2:12,1:07,1:54,2:12,2:19,2:24,1:21,2:14,1:19,1:45,1:09,1:52,0:07,1:12,1:08,2:29,1:05,2:37,0:59,0:39,1:01,1:03,0:57,1:55,1:55,1:55,2:15,1:22,1:45,0:51,2:09,1:28,2:02,1:59,2:22,1:55,2:17,2:02,1:52,2:20,2:00,2:00,1:52,2:05,1:36,1:42,1:32,1:31,1:48,1:30,2:26,0:50,0:00,1:57,1:32,1:38,2:27,1:18,2:11,1:34,1:33,1:49,2:16,2:28,1:05,2:25,0:01,1:38,1:42,0:54,2:03,2:02,2:10,1:54,1:49,1:11,2:09,1:03,2:30,1:32,0:50,2:41,2:27,2:19,1:24,0:49,2:30,2:28,1:53,2:16,2:00,0:44,0:17,2:23,2:13,1:57,1:09,1:13,2:02,1:52,1:55,1:33,1:48,2:16,0:19,1:01,1:01,2:05,1:37,1:34,2:00,1:54,1:01,1:22,2:23,2:08,0:56,1:13,2:20,1:49,1:51,2:03,2:40,2:24,1:06,1:08,1:20,2:15,1:53,1:41,2:14,0:53,2:13,1:51,1:10,1:59,2:09,1:34,2:31,1:07,2:13,1:46,2:33,1:33,1:53,2:02,1:01,1:49,0:49
Isera,0:15,0:35,0:15,0:38,0:31,0:58,0:45,0:22,0:18,0:37,0:46,0:14,1:03,0:47,1:13,1:06,1:00,0:57,0:53,0:59,0:15,1:04,1:13,0:36,0:59,0:39,0:12,1:40,0:38,1:50,1:43,0:55,1:18,0:58,1:08,0:58,1:11,1:03,0:55,1:06,0:54,0:41,0:35,1:00,0:36,0:18,1:09,0:55,0:28,0:47,0:47,1:08,0:41,1:03,0:54,0:38,1:06,0:30,0:25,0:37,0:42,0:43,0:25,0:34,0:38,0:21,0:29,1:15,1:05,1:57,0:00,0:39,0:26,0:38,0:44,0:58,0:38,0:49,0:38,1:04,1:16,1:45,1:13,1:59,0:29,0:29,1:33,0:51,0:05,0:14,0:06,0:08,0:47,0:56,0:59,1:18,0:49,1:19,1:29,1:15,1:07,0:32,1:08,1:06,1:16,0:06,1:04,0:48,1:24,1:50,1:11,0:22,0:54,0:52,0:56,0:20,0:59,0:05,0:35,1:04,1:08,2:16,1:02,1:41,0:49,0:27,0:42,0:48,0:58,0:59,0:45,1:10,0:56,1:36,0:54,1:09,0:37,0:39,0:47,0:54,1:12,0:58,1:00,0:44,0:29,0:19,0:27,1:02,1:06,1:01,0:39,0:59,0:07,0:56,0:21,1:10,1:00,0:23,0:32,1:21,0:41,0:04,0:50,1:02,0:08,1:20
Lavarone,0:52,0:39,0:35,0:46,0:20,1:20,1:06,1:01,0:52,0:37,0:46,0:28,0:38,1:07,1:25,1:44,1:36,1:13,0:28,1:20,0:53,1:26,1:26,0:22,1:20,0:19,0:27,1:48,0:59,1:25,1:50,1:03,1:31,0:34,1:38,0:33,0:46,1:10,0:30,1:13,1:16,1:02,0:56,1:22,0:47,0:38,0:45,1:16,0:30,1:09,1:00,1:29,1:02,1:24,1:15,0:59,1:27,1:01,1:03,0:59,1:06,0:37,0:13,0:34,0:33,0:41,0:46,1:28,0:40,1:32,0:39,0:00,0:41,1:16,0:20,1:16,0:37,0:11,0:51,1:21,1:30,1:44,1:30,1:34,0:49,0:49,1:33,1:08,0:43,0:51,0:35,0:30,0:22,1:13,0:35,1:35,0:44,1:19,1:46,1:33,1:21,0:26,0:44,1:32,1:30,0:34,1:18,1:05,1:23,1:49,1:28,1:00,1:12,0:27,0:31,0:54,1:17,0:36,0:56,1:21,1:26,1:52,0:37,1:40,1:06,0:48,0:37,1:05,1:16,0:35,0:44,1:25,1:13,1:36,0:54,1:22,0:54,0:56,1:04,1:32,1:25,0:33,0:36,0:22,1:07,0:25,0:44,1:20,1:17,1:15,0:56,0:34,0:40,1:11,0:33,1:33,1:00,0:51,0:47,1:38,0:35,0:34,1:07,1:17,0:30,1:20
Lavis,0:36,0:13,0:20,0:14,0:24,0:41,0:28,0:40,0:35,0:24,0:33,0:23,0:44,0:41,0:59,1:27,1:09,0:47,0:34,0:42,0:37,0:47,0:59,0:22,0:42,0:23,0:23,1:17,0:21,1:31,1:19,0:32,1:04,0:39,1:11,0:39,0:52,0:39,0:36,0:43,0:37,0:24,0:30,0:43,0:13,0:24,0:50,0:38,0:14,0:30,0:33,0:51,0:24,0:46,0:37,0:20,0:48,0:35,0:35,0:20,0:40,0:28,0:38,0:23,0:24,0:27,0:06,1:01,0:45,1:38,0:26,0:41,0:00,1:01,0:26,0:39,0:15,0:41,0:23,0:45,1:02,1:13,0:53,1:40,0:11,0:10,1:02,0:32,0:28,0:37,0:21,0:26,0:28,0:37,0:40,0:59,0:33,0:48,1:10,0:56,0:53,0:17,0:49,1:04,1:02,0:21,0:50,0:29,0:52,1:19,0:52,0:46,0:35,0:33,0:37,0:40,0:40,0:23,0:16,0:45,0:49,1:45,0:43,1:09,0:38,0:08,0:27,0:29,0:39,0:40,0:20,0:57,0:37,1:04,0:31,0:54,0:18,0:20,0:36,1:14,0:57,0:39,0:41,0:22,0:49,0:41,0:04,0:43,0:46,0:47,0:20,0:40,0:27,0:43,0:10,1:05,0:37,0:42,0:19,1:02,0:26,0:19,0:31,0:45,0:26,0:48
Ledro,0:44,1:09,0:53,1:16,1:09,1:36,0:59,0:21,0:51,1:12,1:21,0:52,1:33,0:36,0:56,0:27,0:21,0:46,1:23,1:36,0:44,1:42,0:57,1:13,1:42,1:16,0:49,2:18,1:15,2:20,2:21,1:33,1:01,1:28,0:30,1:28,1:41,1:41,1:24,1:44,1:32,1:03,0:37,1:44,1:14,1:00,1:39,1:32,1:02,1:25,0:36,1:36,1:18,1:38,1:32,1:15,1:34,0:32,0:27,1:06,0:31,1:17,1:03,1:08,1:13,1:04,1:07,0:58,1:34,2:27,0:38,1:16,1:01,0:00,1:14,1:34,1:10,1:26,0:40,1:39,1:00,2:15,1:40,2:27,1:05,1:07,2:03,0:55,0:33,0:24,0:43,0:46,1:15,1:32,1:28,1:45,1:21,1:49,1:56,1:43,0:51,1:04,1:37,0:27,1:00,0:44,0:47,1:24,1:54,2:20,1:49,0:16,1:30,1:20,1:25,0:41,1:35,0:41,1:12,1:40,1:44,2:45,1:30,2:11,0:46,1:04,1:14,1:24,1:34,1:28,1:17,0:34,1:32,2:06,1:26,0:52,1:09,1:20,0:41,0:15,0:56,1:26,1:29,1:10,0:20,0:56,1:03,1:40,1:48,0:43,1:15,1:28,0:43,0:46,0:54,0:31,1:33,0:59,0:42,1:48,1:14,0:42,1:26,1:39,0:46,1:50
Levico Terme,0:58,0:25,0:28,0:32,0:13,1:02,0:49,0:53,0:51,0:21,0:30,0:31,0:24,0:53,1:11,1:39,1:21,0:59,0:14,1:03,0:59,1:08,1:12,0:08,1:03,0:05,0:32,1:32,0:42,1:11,1:34,0:49,1:16,0:19,1:24,0:19,0:32,0:54,0:16,0:57,0:58,0:45,0:42,1:04,0:33,0:32,0:30,0:59,0:16,0:51,0:46,1:12,0:45,1:07,0:58,0:42,1:10,0:47,0:47,0:41,0:52,0:22,0:28,0:19,0:17,0:35,0:32,1:13,0:25,1:18,0:44,0:20,0:26,1:14,0:00,0:59,0:20,0:19,0:36,1:05,1:15,1:28,1:13,1:18,0:35,0:32,1:17,0:52,0:48,0:57,0:41,0:35,0:06,0:57,0:18,1:19,0:27,1:03,1:30,1:16,1:05,0:10,0:28,1:16,1:14,0:39,1:02,0:49,1:07,1:33,1:12,0:59,0:55,0:11,0:15,0:49,1:00,0:41,0:40,1:05,1:09,1:35,0:21,1:24,0:51,0:31,0:21,0:49,0:59,0:18,0:28,1:10,0:57,1:19,0:38,1:07,0:38,0:39,0:49,1:26,1:10,0:17,0:20,0:05,1:02,0:39,0:28,1:03,1:01,1:00,0:40,0:18,0:45,0:55,0:20,1:17,0:44,1:00,0:32,1:22,0:19,0:39,0:51,1:01,0:35,1:03
Livo,1:09,0:52,0:51,0:52,0:59,0:27,0:38,1:13,1:08,0:58,1:07,0:55,1:19,1:09,0:58,1:49,1:32,1:12,1:09,0:20,1:10,0:06,0:57,0:57,0:12,0:58,0:56,1:49,0:26,2:06,1:52,1:09,0:52,1:14,1:34,1:14,1:27,1:12,1:11,1:15,0:23,0:34,1:03,0:13,0:50,0:54,1:25,0:03,0:49,0:09,1:02,0:21,0:22,0:16,0:15,0:24,0:19,1:08,1:08,0:35,1:08,1:03,1:11,0:54,0:59,0:57,0:43,0:54,1:20,2:11,0:58,1:16,0:39,1:34,0:59,0:00,0:54,1:16,0:57,0:15,0:56,1:45,0:24,2:10,0:32,0:29,1:37,0:42,1:01,1:10,0:54,1:00,1:03,0:07,1:15,0:29,1:08,1:23,0:40,0:27,1:01,0:52,1:24,1:27,0:52,0:54,1:05,0:20,1:27,1:54,0:22,1:20,0:21,1:08,1:12,1:12,0:24,0:56,0:38,0:29,0:10,2:20,1:18,1:41,0:52,0:33,1:02,0:15,0:23,1:15,0:58,1:20,0:22,1:43,1:09,1:00,0:28,0:28,1:00,1:37,0:58,1:14,1:16,0:57,1:18,1:15,0:35,0:14,1:20,1:10,0:28,1:15,1:00,1:12,0:44,1:28,1:15,1:15,0:53,0:32,1:01,0:52,0:14,1:17,1:00,1:24
Lona-Lases,0:48,0:03,0:28,0:09,0:23,0:56,0:42,0:49,0:47,0:09,0:25,0:31,0:40,0:49,1:07,1:35,1:18,0:55,0:30,0:56,0:49,1:02,1:08,0:17,0:56,0:19,0:32,1:11,0:35,1:27,1:13,0:27,1:13,0:35,1:20,0:35,0:48,0:33,0:31,0:36,0:52,0:38,0:38,0:58,0:11,0:32,0:46,0:52,0:11,0:45,0:42,1:05,0:38,1:00,0:51,0:35,1:03,0:43,0:43,0:35,0:48,0:24,0:44,0:05,0:19,0:35,0:19,1:09,0:41,1:34,0:38,0:37,0:15,1:10,0:20,0:54,0:00,0:36,0:32,0:59,1:11,1:07,1:08,1:28,0:26,0:25,0:55,0:46,0:40,0:49,0:33,0:36,0:23,0:51,0:35,1:13,0:24,0:41,1:24,1:11,1:02,0:12,0:45,1:13,1:11,0:33,0:59,0:43,0:46,1:12,1:06,0:56,0:50,0:28,0:32,0:50,0:55,0:35,0:30,0:59,1:04,1:38,0:38,1:03,0:48,0:22,0:22,0:43,0:54,0:35,0:07,1:06,0:51,0:58,0:16,1:04,0:32,0:34,0:46,1:23,1:07,0:34,0:37,0:18,0:58,0:50,0:18,0:58,0:39,0:56,0:34,0:35,0:39,0:52,0:17,1:14,0:22,0:54,0:29,1:16,0:22,0:31,0:45,0:39,0:36,0:42
Luserna / Lusérn,1:02,0:39,0:43,0:46,0:28,1:17,1:04,1:11,1:02,0:37,0:46,0:38,0:38,1:08,1:26,1:54,1:36,1:14,0:28,1:17,1:03,1:23,1:26,0:22,1:18,0:19,0:37,1:48,0:57,1:26,1:50,1:03,1:31,0:34,1:38,0:33,0:47,1:10,0:30,1:13,1:13,0:59,0:57,1:19,0:47,0:46,0:45,1:13,0:30,1:06,1:00,1:26,0:59,1:21,1:13,0:56,1:24,1:02,1:02,0:56,1:07,0:38,0:23,0:34,0:33,0:50,0:47,1:28,0:40,1:33,0:49,0:11,0:41,1:26,0:19,1:16,0:36,0:00,0:51,1:21,1:31,1:44,1:29,1:34,0:51,0:48,1:32,1:07,0:53,1:01,0:45,0:40,0:21,1:13,0:34,1:35,0:43,1:18,1:45,1:32,1:21,0:26,0:43,1:32,1:30,0:43,1:18,1:05,1:22,1:49,1:27,1:10,1:11,0:26,0:31,1:02,1:16,0:46,0:55,1:21,1:25,1:51,0:37,1:40,1:07,0:47,0:36,1:04,1:15,0:34,0:44,1:25,1:13,1:35,0:54,1:23,0:53,0:55,1:05,1:41,1:26,0:32,0:35,0:22,1:17,0:34,0:43,1:19,1:16,1:15,0:55,0:34,0:50,1:11,0:36,1:33,0:59,1:01,0:48,1:37,0:35,0:44,1:06,1:16,0:40,1:19
Madruzzo,0:44,0:31,0:26,0:38,0:32,0:58,0:33,0:19,0:51,0:34,0:43,0:29,0:55,0:20,0:38,1:06,0:49,0:26,0:45,0:59,0:45,1:04,0:39,0:33,0:59,0:34,0:29,1:40,0:38,1:42,1:43,0:55,0:44,0:50,0:51,0:50,1:03,1:03,0:47,1:06,0:54,0:36,0:06,1:00,0:36,0:30,1:01,0:55,0:24,0:47,0:13,1:08,0:41,1:03,0:54,0:38,1:05,0:11,0:14,0:40,0:19,0:39,0:44,0:30,0:35,0:25,0:29,0:41,0:57,1:49,0:38,0:51,0:23,0:40,0:36,0:57,0:32,0:51,0:00,1:02,0:42,1:37,1:11,1:50,0:27,0:29,1:25,0:28,0:34,0:25,0:30,0:33,0:37,0:54,0:50,1:16,0:43,1:12,1:27,1:13,0:33,0:27,0:59,0:44,0:42,0:30,0:30,0:46,1:16,1:43,1:09,0:26,0:52,0:43,0:47,0:38,0:57,0:32,0:34,1:02,1:06,2:07,0:53,1:33,0:19,0:26,0:37,0:46,0:56,0:50,0:40,0:37,0:54,1:28,0:49,0:34,0:35,0:37,0:17,0:54,0:38,0:49,0:51,0:32,0:29,0:47,0:25,1:00,1:10,0:27,0:37,0:50,0:36,0:23,0:16,0:45,0:55,0:51,0:04,1:19,0:36,0:28,0:48,1:01,0:33,1:12
Malé,1:14,0:58,0:56,0:57,1:05,0:37,0:44,1:19,1:14,1:03,1:12,1:01,1:24,1:09,0:44,1:36,1:18,0:58,1:14,0:29,1:16,0:21,0:43,1:02,0:04,1:04,1:02,1:59,0:32,2:12,2:02,1:15,0:38,1:20,1:21,1:19,1:32,1:17,1:16,1:21,0:33,0:40,1:08,0:06,0:56,1:00,1:31,0:12,0:54,0:15,1:08,0:07,0:27,0:01,0:25,0:30,0:05,1:13,1:13,0:40,1:13,1:09,1:16,1:00,1:04,1:03,0:48,0:41,1:26,2:16,1:04,1:21,0:45,1:39,1:05,0:15,0:59,1:21,1:02,0:00,0:42,1:55,0:10,2:15,0:37,0:34,1:43,0:48,1:07,1:15,0:59,1:05,1:08,0:17,1:20,0:15,1:14,1:29,0:26,0:13,0:48,0:57,1:30,1:13,0:39,1:00,0:52,0:26,1:33,2:00,0:09,1:34,0:31,1:13,1:17,1:17,0:34,1:01,0:44,0:39,0:25,2:26,1:23,1:51,0:57,0:39,1:07,0:23,0:32,1:20,1:03,1:07,0:27,1:53,1:14,0:46,0:34,0:33,1:07,1:23,0:45,1:19,1:22,1:03,1:26,1:20,0:41,0:02,1:26,0:56,0:33,1:20,1:05,0:59,0:50,1:14,1:20,1:21,0:58,0:18,1:06,0:58,0:19,1:22,1:05,1:29
Massimeno,1:22,1:10,1:06,1:17,1:11,1:18,0:50,0:56,1:29,1:13,1:22,1:08,1:34,0:30,0:06,0:57,0:39,0:19,1:24,1:10,1:23,1:02,0:04,1:12,0:45,1:14,1:09,2:20,1:09,2:21,2:22,1:34,0:05,1:29,0:42,1:29,1:42,1:42,1:26,1:45,1:14,0:54,0:47,0:47,1:16,1:09,1:40,0:53,1:04,0:55,0:29,0:40,1:08,0:41,1:06,1:11,0:37,0:51,0:48,0:57,0:34,1:18,1:23,1:09,1:14,1:06,1:08,0:01,1:36,2:28,1:16,1:30,1:02,1:00,1:15,0:56,1:11,1:31,0:42,0:42,0:00,2:16,0:43,2:29,1:10,1:07,2:05,0:45,1:12,1:03,1:22,1:12,1:17,0:58,1:29,0:48,1:22,1:51,0:59,0:46,0:09,1:06,1:38,0:34,0:03,1:09,0:13,1:07,1:55,2:22,0:52,0:55,1:12,1:22,1:26,1:20,1:15,1:20,1:17,1:20,1:06,2:46,1:32,2:12,0:36,1:05,1:16,1:03,1:13,1:29,1:19,0:28,1:08,2:07,1:28,0:07,0:59,1:10,0:28,0:44,0:06,1:28,1:30,1:11,0:47,1:34,1:04,0:43,1:49,0:17,1:10,1:29,1:22,0:20,0:56,0:35,1:34,1:38,0:43,0:51,1:15,1:07,1:00,1:40,1:12,1:51
Mazzin / Mazin,1:55,1:10,1:36,0:59,1:31,1:25,1:37,1:54,1:54,1:06,1:00,1:38,1:24,1:54,2:12,2:40,2:22,2:00,1:18,1:21,1:56,1:52,2:13,1:25,1:52,1:27,1:39,0:04,1:29,1:11,0:06,0:46,2:17,1:14,2:25,1:19,1:32,0:38,1:16,0:34,1:23,1:32,1:43,1:53,0:59,1:39,1:30,1:48,1:18,1:40,1:47,2:00,1:32,1:56,1:30,1:29,1:58,1:48,1:48,1:29,1:53,1:14,1:51,1:12,1:18,1:42,1:08,2:14,1:26,1:05,1:45,1:44,1:13,2:15,1:28,1:45,1:07,1:44,1:37,1:55,2:16,0:00,2:04,1:04,1:15,1:19,0:13,1:40,1:40,1:49,1:33,1:39,1:24,1:38,1:20,2:09,1:09,0:27,2:20,2:06,2:06,1:17,1:29,2:17,2:15,1:33,2:03,1:37,0:21,0:48,2:02,2:00,1:25,1:22,1:18,1:53,1:20,1:35,1:10,1:16,1:44,1:14,1:27,0:04,1:49,1:14,1:13,1:31,1:22,1:17,0:59,2:10,1:41,0:08,0:50,2:07,1:26,1:28,1:50,2:27,2:11,1:13,1:12,1:25,2:02,1:54,1:18,1:53,0:30,2:00,1:28,1:15,1:39,1:56,1:24,2:18,0:44,1:55,1:33,2:12,1:28,1:32,1:39,0:38,1:40,0:26
Mezzana,1:23,1:06,1:05,1:06,1:13,0:46,0:52,1:36,1:22,1:12,1:21,1:10,1:33,1:10,0:45,1:36,1:19,0:59,1:23,0:38,1:24,0:30,0:44,1:11,0:13,1:12,1:10,2:08,0:40,2:20,2:10,1:23,0:39,1:28,1:21,1:28,1:41,1:26,1:25,1:29,0:42,0:48,1:17,0:15,1:04,1:08,1:39,0:20,1:03,0:23,1:08,0:03,0:36,0:09,0:33,0:38,0:06,1:22,1:27,0:49,1:14,1:17,1:25,1:08,1:13,1:11,0:57,0:41,1:34,2:25,1:13,1:30,0:53,1:40,1:13,0:24,1:08,1:29,1:11,0:10,0:43,2:04,0:00,2:24,0:46,0:43,1:51,0:56,1:15,1:43,1:08,1:14,1:17,0:25,1:29,0:05,1:22,1:37,0:16,0:02,0:49,1:06,1:38,1:14,0:39,1:08,0:52,0:35,1:41,2:08,0:20,1:34,0:40,1:22,1:26,1:26,0:43,1:10,0:53,0:48,0:33,2:34,1:32,2:00,1:06,0:47,1:16,0:31,0:41,1:29,1:12,1:07,0:36,2:01,1:23,0:47,0:42,0:42,1:07,1:24,0:45,1:28,1:30,1:11,1:26,1:29,0:49,0:11,1:34,0:57,0:42,1:29,1:14,0:59,0:58,1:15,1:29,1:29,1:07,0:08,1:15,1:06,0:28,1:31,1:14,1:38
Mezzano,2:12,1:31,1:43,1:20,1:28,1:56,1:58,2:06,2:05,1:27,1:22,1:46,0:55,2:07,2:25,2:53,2:35,2:13,1:08,1:52,2:14,2:17,2:25,1:22,2:12,1:20,1:46,1:08,1:51,0:08,1:10,1:07,2:30,1:06,2:38,1:00,0:40,0:59,1:04,0:56,1:54,1:54,1:56,2:13,1:21,1:46,0:52,2:08,1:30,2:01,2:00,2:21,1:54,2:16,2:01,1:51,2:19,2:01,2:01,1:50,2:06,1:37,1:43,1:33,1:32,1:50,1:29,2:27,0:51,0:01,1:59,1:34,1:40,2:27,1:18,2:10,1:28,1:34,1:50,2:15,2:29,1:04,2:24,0:00,1:37,1:40,0:52,2:01,2:03,2:11,1:55,1:50,1:12,2:08,1:04,2:28,1:30,0:48,2:39,2:26,2:20,1:25,0:50,2:31,2:29,1:54,2:17,1:58,0:42,0:15,2:21,2:14,1:55,1:10,1:15,2:04,1:51,1:56,1:31,1:46,2:14,0:17,1:02,1:00,2:06,1:36,1:35,1:58,1:53,1:03,1:20,2:24,2:06,0:55,1:11,2:22,1:47,1:49,2:04,2:41,2:25,1:07,1:09,1:21,2:17,1:54,1:42,2:13,0:51,2:15,1:49,1:12,2:00,2:10,1:35,2:32,1:05,2:14,1:47,2:31,1:34,1:54,2:00,1:00,1:50,0:47
Mezzocorona,0:39,0:24,0:21,0:21,0:30,0:33,0:20,0:44,0:39,0:33,0:50,0:25,0:54,0:44,1:06,1:34,1:17,0:55,0:44,0:34,0:41,0:39,1:06,0:32,0:34,0:34,0:25,1:20,0:13,1:41,1:22,0:39,1:11,0:50,1:19,0:49,1:02,0:40,0:46,0:43,0:29,0:16,0:33,0:35,0:20,0:25,1:01,0:30,0:24,0:22,0:37,0:43,0:16,0:38,0:29,0:13,0:41,0:38,0:38,0:12,0:43,0:38,0:40,0:34,0:34,0:28,0:13,1:08,0:56,1:38,0:29,0:49,0:11,1:05,0:35,0:32,0:26,0:51,0:27,0:37,1:10,1:15,0:46,1:37,0:00,0:03,1:05,0:24,0:32,0:41,0:25,0:29,0:34,0:29,0:47,0:51,0:40,0:51,1:02,0:48,1:00,0:24,0:56,1:12,1:09,0:25,0:57,0:21,0:55,1:22,0:44,0:52,0:28,0:39,0:44,0:42,0:32,0:27,0:06,0:37,0:41,1:48,0:49,1:12,0:33,0:03,0:34,0:21,0:31,0:47,0:27,1:05,0:29,1:07,0:38,1:02,0:10,0:12,0:41,1:22,1:05,0:45,0:48,0:29,0:55,0:44,0:07,0:35,0:48,0:55,0:12,0:47,0:31,0:50,0:16,1:13,0:44,0:46,0:25,0:54,0:33,0:23,0:23,0:45,0:29,0:51
Mezzolombardo,0:40,0:23,0:22,0:22,0:32,0:31,0:17,0:46,0:39,0:31,0:39,0:28,0:52,0:48,1:03,1:32,1:14,0:52,0:41,0:31,0:41,0:36,1:04,0:29,0:31,0:31,0:29,1:23,0:10,1:39,1:25,0:40,1:08,0:47,1:16,0:47,1:00,0:43,0:43,0:46,0:27,0:13,0:35,0:32,0:21,0:25,0:58,0:27,0:21,0:20,0:41,0:40,0:13,0:35,0:26,0:10,0:38,0:40,0:40,0:10,0:47,0:36,0:43,0:33,0:31,0:28,0:14,1:05,0:53,1:42,0:29,0:49,0:10,1:07,0:32,0:29,0:25,0:48,0:29,0:34,1:07,1:19,0:43,1:40,0:03,0:00,1:08,0:21,0:34,0:42,0:26,0:32,0:35,0:26,0:47,0:48,0:41,0:54,0:59,0:46,0:57,0:24,0:57,1:09,1:07,0:27,0:54,0:18,0:58,1:25,0:41,0:52,0:25,0:40,0:44,0:44,0:29,0:28,0:09,0:34,0:39,1:51,0:50,1:15,0:30,0:04,0:34,0:18,0:29,0:47,0:28,1:02,0:26,1:11,0:39,0:59,0:07,0:09,0:39,1:19,1:02,0:46,0:49,0:30,0:55,0:47,0:06,0:33,0:51,0:52,0:09,0:47,0:32,0:47,0:17,1:10,0:45,0:48,0:25,0:51,0:33,0:25,0:20,0:48,0:32,0:55
Moena / Moena,1:43,0:59,1:24,0:47,1:19,1:24,1:25,1:42,1:43,0:55,0:49,1:27,1:13,1:43,2:01,2:29,2:11,1:49,1:06,1:20,1:45,1:45,2:01,1:14,1:39,1:15,1:28,0:17,1:18,1:00,0:20,0:34,2:06,1:03,2:13,1:08,1:21,0:26,1:04,0:23,1:21,1:21,1:32,1:41,0:48,1:28,1:19,1:35,1:07,1:28,1:35,1:48,1:21,1:43,1:28,1:18,1:46,1:37,1:37,1:18,1:42,1:03,1:40,1:01,1:07,1:31,0:56,2:03,1:15,0:54,1:33,1:33,1:02,2:03,1:17,1:37,0:55,1:32,1:25,1:43,2:05,0:13,1:51,0:52,1:05,1:08,0:00,1:29,1:29,1:38,1:22,1:28,1:13,1:35,1:09,1:56,0:57,0:16,2:07,1:53,1:55,1:06,1:18,2:06,2:04,1:22,1:52,1:26,0:09,0:37,1:49,1:48,1:23,1:11,1:06,1:42,1:18,1:24,0:59,1:14,1:41,1:03,1:16,0:09,1:38,1:03,1:02,1:26,1:20,1:05,0:48,1:59,1:34,0:05,0:39,1:56,1:14,1:16,1:38,2:16,1:59,1:01,1:01,1:14,1:51,1:43,1:06,1:40,0:18,1:49,1:17,1:03,1:28,1:45,1:12,2:06,0:32,1:43,1:21,1:59,1:16,1:20,1:28,0:27,1:28,0:14
Molveno,1:04,0:44,0:43,0:44,0:51,0:44,0:04,0:39,1:11,0:50,0:59,0:48,1:11,0:26,0:41,1:10,0:52,0:30,1:01,0:44,1:05,0:50,0:42,0:49,0:45,0:51,0:48,1:44,0:23,1:58,1:46,1:01,0:47,1:06,0:55,1:06,1:19,1:04,1:03,1:07,0:40,0:08,0:33,0:46,0:43,0:47,1:17,0:40,0:41,0:33,0:19,0:53,0:26,0:48,0:40,0:23,0:51,0:37,0:33,0:11,0:25,0:55,1:03,0:46,0:51,0:50,0:35,0:43,1:13,2:03,0:51,1:08,0:32,0:55,0:52,0:42,0:46,1:07,0:28,0:48,0:45,1:40,0:56,2:01,0:24,0:21,1:29,0:00,0:53,0:45,0:46,0:52,0:55,0:40,1:07,1:02,1:00,1:15,1:13,0:59,0:36,0:44,1:16,0:47,0:45,0:46,0:33,0:32,1:20,1:46,0:55,0:43,0:38,1:00,1:04,0:58,0:43,0:48,0:31,0:48,0:52,2:13,1:10,1:37,0:09,0:26,0:54,0:32,0:42,1:07,0:50,0:41,0:40,1:32,1:01,0:37,0:13,0:24,0:17,0:57,0:41,1:06,1:08,0:49,0:35,1:07,0:27,0:46,1:13,0:31,0:24,1:07,0:52,0:25,0:37,0:48,1:07,1:07,0:29,1:05,0:53,0:45,0:34,1:09,0:52,1:16
Mori,0:11,0:39,0:20,0:42,0:36,1:03,0:49,0:17,0:18,0:42,0:51,0:19,1:07,0:42,1:07,1:01,0:55,0:52,0:57,1:03,0:10,1:09,1:08,0:40,1:03,0:43,0:16,1:44,0:42,1:54,1:47,0:59,1:13,1:03,1:03,1:02,1:15,1:07,0:59,1:10,0:59,0:45,0:30,1:05,0:41,0:23,1:14,0:59,0:32,0:52,0:42,1:12,0:45,1:07,0:58,0:42,1:10,0:25,0:20,0:42,0:37,0:47,0:30,0:38,0:43,0:26,0:33,1:10,1:09,2:02,0:05,0:43,0:28,0:33,0:48,1:01,0:40,0:53,0:34,1:07,1:12,1:40,1:15,2:03,0:32,0:34,1:29,0:53,0:00,0:09,0:10,0:13,0:51,1:00,1:04,1:22,0:53,1:24,1:33,1:20,1:02,0:36,1:13,1:01,1:11,0:11,0:59,0:52,1:28,1:55,1:15,0:17,0:59,0:56,1:01,0:15,1:04,0:08,0:40,1:08,1:13,2:21,1:06,1:45,0:44,0:32,0:46,0:52,1:03,1:04,0:49,1:05,1:00,1:40,0:58,1:04,0:41,0:43,0:42,0:49,1:07,1:02,1:05,0:48,0:24,0:23,0:32,1:07,1:10,0:55,0:43,1:04,0:10,0:51,0:26,1:05,1:05,0:26,0:35,1:25,0:46,0:09,0:54,1:07,0:13,1:24
Nago-Torbole,0:19,0:48,0:29,0:51,0:44,1:12,0:49,0:09,0:26,0:50,0:59,0:27,1:16,0:33,0:59,0:52,0:46,0:43,1:06,1:12,0:20,1:17,0:59,0:49,1:12,0:52,0:25,1:53,0:51,2:03,1:56,1:08,1:04,1:11,0:55,1:11,1:24,1:16,1:08,1:19,1:07,0:53,0:22,1:13,0:49,0:36,1:22,1:08,0:41,1:01,0:33,1:39,0:54,1:16,1:07,0:51,1:36,0:17,0:12,0:57,0:28,0:56,0:38,0:47,0:51,0:40,0:42,1:01,1:18,2:10,0:14,0:51,0:37,0:24,0:57,1:10,0:49,1:01,0:25,1:15,1:03,1:49,1:43,2:11,0:41,0:42,1:38,0:45,0:09,0:00,0:19,0:21,1:00,1:09,1:12,1:48,1:02,1:32,1:59,1:45,0:53,0:45,1:21,0:52,1:03,0:19,0:50,1:01,1:36,2:03,1:24,0:08,1:07,1:05,1:09,0:17,1:12,0:17,0:48,1:17,1:21,2:29,1:15,1:54,0:35,0:40,0:55,1:01,1:11,1:12,0:58,0:57,1:09,1:49,1:07,0:55,0:50,0:52,0:33,0:40,0:58,1:11,1:13,0:57,0:16,0:31,0:40,1:15,1:19,0:47,0:52,1:12,0:19,0:43,0:34,0:56,1:13,0:35,0:26,1:51,0:54,0:17,1:03,1:15,0:22,1:33
Nogaredo,0:20,0:32,0:12,0:35,0:28,0:56,0:42,0:27,0:19,0:35,0:43,0:11,1:00,0:52,1:18,1:11,1:05,1:02,0:50,0:56,0:20,1:01,1:18,0:33,0:56,0:36,0:09,1:37,0:35,1:47,1:40,0:52,1:23,0:55,1:13,0:55,1:08,1:00,0:52,1:03,0:52,0:38,0:40,0:57,0:33,0:15,1:06,0:52,0:25,0:45,0:40,1:05,0:38,1:00,0:51,0:35,1:03,0:35,0:30,0:35,0:47,0:40,0:22,0:31,0:35,0:18,0:26,1:20,1:02,1:54,0:06,0:35,0:21,0:43,0:41,0:54,0:33,0:45,0:30,0:59,1:22,1:33,1:08,1:55,0:25,0:26,1:22,0:46,0:10,0:19,0:00,0:05,0:43,0:53,0:56,1:15,0:46,1:17,1:26,1:13,1:12,0:29,1:05,1:11,1:21,0:03,1:09,0:45,1:21,1:48,1:08,0:27,0:52,0:48,0:53,0:18,0:56,0:05,0:33,1:01,1:06,2:13,0:59,1:38,0:49,0:24,0:39,0:45,0:56,0:56,0:42,1:15,0:53,1:33,0:51,1:14,0:34,0:36,0:47,0:59,1:17,0:54,0:57,0:40,0:34,0:19,0:24,1:00,1:03,1:06,0:36,0:56,0:09,1:01,0:18,1:15,0:57,0:24,0:30,1:18,0:39,0:01,0:47,1:00,0:06,1:17
Nomi,0:23,0:34,0:08,0:41,0:23,1:02,0:48,0:30,0:22,0:37,0:46,0:06,0:55,0:55,1:08,1:14,1:08,0:56,0:45,1:02,0:23,1:07,1:08,0:27,1:02,0:30,0:03,1:44,0:41,1:42,1:46,0:58,1:13,0:50,1:16,0:50,1:03,1:06,0:46,1:09,0:58,0:44,0:39,1:03,0:40,0:11,1:01,0:58,0:28,0:51,0:43,1:11,0:44,1:06,0:57,0:41,1:09,0:38,0:33,0:40,0:50,0:43,0:17,0:34,0:38,0:14,0:32,1:10,0:56,1:49,0:08,0:30,0:26,0:46,0:35,1:00,0:36,0:40,0:33,1:05,1:12,1:39,1:14,1:50,0:29,0:32,1:28,0:52,0:13,0:21,0:05,0:00,0:38,0:57,0:50,1:19,0:47,1:17,1:30,1:17,1:03,0:30,1:00,1:13,1:12,0:03,1:00,0:49,1:21,1:48,1:12,0:30,0:56,0:43,0:47,0:23,1:00,0:07,0:36,1:05,1:10,2:07,0:53,1:39,0:49,0:27,0:40,0:49,1:00,0:50,0:43,1:07,0:57,1:34,0:52,1:04,0:38,0:40,0:47,1:02,1:08,0:49,0:52,0:35,0:37,0:20,0:28,1:04,1:15,0:57,0:40,0:50,0:11,0:53,0:18,1:15,0:58,0:27,0:29,1:22,0:39,0:04,0:51,1:03,0:07,1:18
Novaledo,1:00,0:26,0:31,0:33,0:16,1:04,0:51,0:54,0:53,0:24,0:33,0:34,0:17,0:55,1:13,1:41,1:23,1:01,0:07,1:04,1:01,1:10,1:13,0:10,1:05,0:08,0:34,1:28,0:44,1:04,1:31,0:50,1:18,0:12,1:25,0:12,0:25,0:51,0:09,0:54,1:00,0:47,0:44,1:06,0:34,0:34,0:23,1:00,0:17,0:53,0:48,1:13,0:46,1:09,1:00,0:43,1:11,0:49,0:49,0:43,0:54,0:25,0:31,0:21,0:20,0:37,0:34,1:15,0:18,1:11,0:47,0:22,0:28,1:15,0:06,1:03,0:23,0:21,0:37,1:08,1:17,1:24,1:17,1:12,0:34,0:35,1:13,0:55,0:51,1:00,0:43,0:38,0:00,1:00,0:13,1:21,0:30,1:00,1:32,1:19,1:08,0:13,0:22,1:19,1:17,0:42,1:05,0:52,1:04,1:28,1:14,1:02,0:58,0:06,0:10,0:51,1:03,0:44,0:42,1:08,1:12,1:30,0:15,1:21,0:54,0:34,0:23,0:51,1:02,0:13,0:30,1:12,1:00,1:16,0:41,1:10,0:40,0:42,0:52,1:29,1:13,0:11,0:14,0:09,1:04,0:42,0:30,1:06,0:58,1:02,0:42,0:13,0:48,0:58,0:23,1:20,0:46,1:02,0:35,1:24,0:22,0:42,0:53,0:57,0:38,1:00
Novella,1:06,0:50,0:48,0:49,0:57,0:20,0:36,1:11,1:06,0:55,1:04,0:53,1:16,1:07,0:59,1:51,1:33,1:11,1:06,0:12,1:08,0:13,0:58,0:54,0:14,0:56,0:54,1:42,0:23,2:04,1:44,1:07,0:53,1:12,1:36,1:11,1:24,1:11,1:08,1:14,0:16,0:32,1:00,0:15,0:48,0:52,1:23,0:09,0:46,0:06,0:59,0:22,0:19,0:17,0:08,0:21,0:20,1:05,1:05,0:32,1:05,1:01,1:08,0:52,0:56,0:55,0:40,0:56,1:18,2:09,0:56,1:13,0:37,1:32,0:57,0:07,0:51,1:13,0:54,0:17,0:58,1:38,0:25,2:08,0:29,0:26,1:35,0:40,1:00,1:09,0:53,0:57,1:00,0:00,1:12,0:31,1:06,1:22,0:42,0:28,1:03,0:49,1:22,1:29,0:54,0:52,1:07,0:18,1:26,1:53,0:24,1:18,0:14,1:05,1:09,1:09,0:17,0:53,0:36,0:22,0:15,2:19,1:15,1:34,0:49,0:31,0:59,0:08,0:15,1:13,0:55,1:22,0:18,1:35,1:06,1:02,0:26,0:26,0:58,1:39,1:00,1:11,1:14,0:55,1:16,1:12,0:33,0:15,1:19,1:11,0:25,1:12,0:57,1:06,0:42,1:29,1:12,1:13,0:51,0:34,0:58,0:50,0:11,1:16,0:58,1:23
Ospedaletto,1:12,0:38,0:43,0:45,0:28,1:17,1:03,1:07,1:06,0:37,0:46,0:46,0:09,1:07,1:25,1:53,1:35,1:13,0:08,1:17,1:14,1:22,1:26,0:22,1:17,0:20,0:47,1:25,0:56,0:56,1:27,0:54,1:30,0:08,1:38,0:04,0:17,0:47,0:05,0:50,1:13,0:59,0:56,1:18,0:47,0:47,0:15,1:13,0:30,1:06,1:00,1:26,0:59,1:21,1:12,0:56,1:24,1:01,1:01,0:56,1:06,0:37,0:43,0:33,0:33,0:50,0:46,1:27,0:07,1:03,0:59,0:35,0:40,1:28,0:18,1:15,0:35,0:34,0:50,1:20,1:29,1:20,1:29,1:04,0:47,0:47,1:09,1:07,1:04,1:12,0:56,0:50,0:13,1:12,0:00,1:34,0:42,0:55,1:45,1:31,1:20,0:25,0:14,1:31,1:30,0:54,1:17,1:04,0:59,1:19,1:27,1:14,1:10,0:10,0:16,1:04,1:15,0:56,0:55,1:20,1:24,1:22,0:07,1:16,1:06,0:46,0:36,1:04,1:14,0:05,0:43,1:25,1:12,1:12,0:53,1:22,0:53,0:55,1:04,1:41,1:25,0:07,0:10,0:21,1:17,0:54,0:43,1:18,0:53,1:15,0:55,0:13,1:00,1:10,0:35,1:32,0:52,1:15,0:47,1:37,0:34,0:54,1:06,0:53,0:50,0:56
Ossana,1:28,1:11,1:10,1:11,1:18,0:51,0:58,1:41,1:28,1:17,1:26,1:15,1:38,1:15,0:50,1:42,1:24,1:04,1:28,0:43,1:30,0:35,0:49,1:16,0:18,1:18,1:15,2:13,0:45,2:25,2:15,1:28,0:44,1:33,1:26,1:33,1:46,1:31,1:30,1:34,0:47,0:54,1:22,0:20,1:10,1:14,1:44,0:26,1:08,0:28,1:14,0:08,0:41,0:14,0:39,0:43,0:11,1:27,1:33,0:54,1:19,1:22,1:30,1:13,1:18,1:17,1:02,0:47,1:40,2:30,1:18,1:35,0:59,1:45,1:19,0:29,1:13,1:35,1:16,0:15,0:48,2:09,0:05,2:28,0:51,0:48,1:56,1:02,1:22,1:48,1:15,1:19,1:21,0:31,1:34,0:00,1:28,1:42,0:13,0:02,0:54,1:11,1:44,1:19,0:45,1:14,0:58,0:40,1:47,2:14,0:25,1:40,0:45,1:27,1:31,1:31,0:48,1:15,0:58,0:53,0:39,2:40,1:37,2:05,1:11,0:53,1:21,0:36,0:46,1:34,1:17,1:13,0:41,2:07,1:28,0:52,0:48,0:47,1:13,1:29,0:51,1:33,1:35,1:16,1:32,1:34,0:54,0:17,1:40,1:02,0:47,1:34,1:19,1:05,1:04,1:20,1:34,1:35,1:12,0:03,1:20,1:12,0:33,1:36,1:19,1:43
Palù del Fersina / Palai en Bernstol,0:59,0:27,0:40,0:34,0:30,1:10,0:56,1:00,0:58,0:15,0:11,0:42,0:47,1:00,1:18,1:46,1:29,1:06,0:36,1:10,1:00,1:16,1:19,0:24,1:10,0:26,0:43,1:13,0:49,1:34,1:15,0:36,1:24,0:42,1:31,0:42,0:55,0:35,0:38,0:38,1:06,0:52,0:49,1:12,0:35,0:43,0:53,1:06,0:23,0:59,0:53,1:19,0:52,1:14,1:05,0:49,1:17,0:54,0:54,0:49,0:59,0:04,0:51,0:23,0:08,0:46,0:44,1:21,0:48,1:32,0:49,0:44,0:33,1:21,0:27,1:08,0:24,0:43,0:43,1:14,1:22,1:09,1:22,1:30,0:40,0:41,0:57,1:00,0:53,1:02,0:46,0:47,0:30,1:06,0:42,1:28,0:00,0:44,1:38,1:25,1:14,0:17,0:52,1:25,1:23,0:45,1:11,0:57,0:48,1:14,1:20,1:07,1:04,0:35,0:39,1:02,1:08,0:46,0:48,1:13,1:18,1:41,0:45,1:05,0:59,0:40,0:06,0:57,1:08,0:42,0:24,1:18,1:05,1:00,0:19,1:15,0:46,0:48,0:57,1:35,1:18,0:41,0:44,0:25,1:10,1:00,0:36,1:12,0:42,1:08,0:48,0:42,0:50,1:04,0:28,1:26,0:24,1:06,0:40,1:30,0:26,0:43,0:59,0:41,0:47,0:44
Panchià,1:30,0:45,1:10,0:34,1:05,1:10,1:11,1:28,1:29,0:41,0:35,1:13,0:59,1:29,1:47,2:15,1:57,1:35,0:53,1:06,1:31,1:31,1:47,1:00,1:25,1:02,1:14,0:31,1:04,0:56,0:34,0:20,1:52,0:49,2:00,0:54,1:07,0:10,0:51,0:07,1:07,1:07,1:18,1:27,0:34,1:14,1:05,1:21,0:53,1:14,1:22,1:34,1:07,1:29,1:14,1:04,1:32,1:23,1:23,1:04,1:28,0:49,1:26,0:47,0:53,1:17,0:42,1:49,1:01,0:50,1:19,1:19,0:48,1:49,1:03,1:23,0:41,1:18,1:12,1:29,1:51,0:27,1:37,0:48,0:51,0:54,0:16,1:15,1:24,1:32,1:17,1:17,1:00,1:22,0:55,1:42,0:44,0:00,1:53,1:39,1:41,0:52,1:04,1:52,1:50,1:09,1:38,1:12,0:06,0:33,1:35,1:35,1:09,0:57,0:53,1:28,1:04,1:10,0:45,1:00,1:28,0:59,1:02,0:23,1:24,0:49,0:48,1:12,1:06,0:52,0:34,1:45,1:20,0:18,0:25,1:43,1:01,1:03,1:25,2:02,1:46,0:48,0:47,1:00,1:37,1:29,0:53,1:26,0:02,1:35,1:03,0:50,1:14,1:31,0:59,1:53,0:19,1:30,1:08,1:45,1:03,1:07,1:14,0:11,1:15,0:02
Peio,1:39,1:22,1:21,1:22,1:29,1:02,1:09,1:52,1:39,1:28,1:37,1:26,1:49,1:26,1:01,1:53,1:35,1:15,1:39,0:54,1:41,0:46,1:00,1:27,0:29,1:29,1:26,2:24,0:56,2:36,2:26,1:39,0:55,1:44,1:37,1:44,1:57,1:42,1:41,1:45,0:58,1:05,1:33,0:31,1:21,1:25,1:55,0:37,1:19,0:39,1:25,0:19,0:52,0:25,0:50,0:54,0:22,1:38,1:44,1:05,1:30,1:33,1:41,1:24,1:29,1:28,1:13,0:58,1:51,2:41,1:29,1:46,1:10,1:56,1:30,0:40,1:24,1:45,1:27,0:26,0:59,2:20,0:16,2:39,1:02,0:59,2:07,1:13,1:33,1:59,1:26,1:30,1:32,0:42,1:45,0:13,1:38,1:53,0:00,0:13,1:05,1:22,1:55,1:30,0:56,1:25,1:09,0:51,1:58,2:25,0:36,1:51,0:56,1:38,1:42,1:42,0:59,1:26,1:09,1:04,0:50,2:51,1:48,2:16,1:22,1:04,1:32,0:47,0:57,1:45,1:28,1:24,0:52,2:18,1:39,1:03,0:59,0:58,1:24,1:40,1:02,1:44,1:46,1:27,1:43,1:45,1:05,0:28,1:51,1:13,0:58,1:45,1:30,1:16,1:15,1:31,1:45,1:46,1:23,0:15,1:31,1:23,0:44,1:47,1:30,1:54
Pellizzano,1:26,1:09,1:08,1:09,1:16,0:48,0:55,1:39,1:25,1:15,1:24,1:12,1:36,1:12,0:48,1:39,1:22,1:02,1:26,0:41,1:27,0:33,0:47,1:14,0:16,1:15,1:13,2:10,0:43,2:23,2:13,1:26,0:41,1:31,1:24,1:31,1:44,1:29,1:27,1:32,0:44,0:51,1:20,0:18,1:07,1:11,1:42,0:23,1:06,0:26,1:11,0:06,0:39,0:12,0:36,0:41,0:09,1:25,1:30,0:52,1:16,1:20,1:27,1:11,1:16,1:14,1:00,0:44,1:37,2:27,1:15,1:33,0:56,1:43,1:16,0:27,1:11,1:32,1:13,0:13,0:46,2:06,0:02,2:26,0:48,0:46,1:53,0:59,1:20,1:45,1:13,1:17,1:19,0:28,1:31,0:02,1:25,1:39,0:13,0:00,0:51,1:09,1:41,1:17,0:42,1:11,0:55,0:37,1:44,2:11,0:23,1:37,0:42,1:24,1:29,1:29,0:46,1:13,0:55,0:50,0:36,2:37,1:35,2:02,1:09,0:50,1:19,0:34,0:44,1:32,1:15,1:10,0:39,2:04,1:26,0:50,0:45,0:45,1:10,1:27,0:48,1:30,1:33,1:14,1:29,1:31,0:52,0:14,1:37,1:00,0:45,1:32,1:17,1:02,1:01,1:18,1:32,1:32,1:10,0:05,1:18,1:09,0:31,1:34,1:17,1:41
Pelugo,1:13,1:01,0:56,1:08,1:02,1:23,0:40,0:47,1:20,1:04,1:13,0:59,1:25,0:21,0:05,0:47,0:30,0:10,1:15,1:16,1:13,1:08,0:05,1:03,0:50,1:04,0:59,2:10,1:00,2:12,2:13,1:25,0:10,1:20,0:32,1:20,1:33,1:33,1:17,1:36,1:19,0:44,0:38,0:52,1:06,1:00,1:31,0:58,0:54,1:01,0:19,0:45,1:03,0:46,1:11,1:00,0:42,0:42,0:38,0:48,0:25,1:09,1:14,1:00,1:05,0:57,0:59,0:07,1:26,2:19,1:07,1:21,0:53,0:51,1:05,1:01,1:02,1:21,0:33,0:48,0:09,2:06,0:49,2:20,1:00,0:57,1:55,0:36,1:02,0:53,1:12,1:03,1:08,1:03,1:20,0:54,1:14,1:41,1:05,0:51,0:00,0:57,1:29,0:25,0:09,1:00,0:03,1:08,1:46,2:12,0:57,0:45,1:17,1:12,1:17,1:10,1:20,1:10,1:07,1:25,1:11,2:37,1:23,2:03,0:27,0:56,1:07,1:09,1:18,1:20,1:10,0:18,1:14,1:58,1:18,0:01,0:50,1:01,0:18,0:35,0:04,1:18,1:21,1:02,0:37,1:25,0:55,0:49,1:40,0:08,1:00,1:20,1:12,0:10,0:46,0:26,1:25,1:28,0:34,0:57,1:06,0:58,1:05,1:31,1:03,1:42
Pergine Valsugana,0:42,0:15,0:23,0:22,0:13,0:53,0:40,0:43,0:42,0:11,0:20,0:26,0:29,0:44,1:02,1:30,1:12,0:50,0:19,0:54,0:44,0:59,1:02,0:07,0:54,0:09,0:26,1:21,0:33,1:16,1:24,0:39,1:07,0:25,1:15,0:24,0:37,0:44,0:21,0:47,0:49,0:36,0:33,0:55,0:23,0:26,0:36,0:50,0:07,0:42,0:37,1:03,0:36,0:58,0:49,0:33,1:00,0:38,0:38,0:32,0:43,0:11,0:33,0:10,0:07,0:30,0:23,1:04,0:31,1:24,0:32,0:26,0:17,1:04,0:10,0:52,0:12,0:26,0:27,0:57,1:06,1:17,1:06,1:25,0:24,0:24,1:06,0:44,0:36,0:45,0:29,0:30,0:13,0:49,0:25,1:11,0:17,0:52,1:22,1:09,0:57,0:00,0:34,1:08,1:06,0:28,0:54,0:41,0:56,1:23,1:03,0:51,0:47,0:18,0:22,0:45,0:52,0:30,0:31,0:57,1:01,1:42,0:28,1:13,0:43,0:23,0:10,0:41,0:51,0:25,0:19,1:01,0:49,1:09,0:27,0:59,0:29,0:31,0:41,1:18,1:02,0:24,0:26,0:07,0:54,0:42,0:19,0:55,0:50,0:52,0:32,0:25,0:34,0:47,0:12,1:09,0:33,0:49,0:24,1:14,0:10,0:26,0:43,0:50,0:31,0:53
Pieve Tesino,1:22,0:48,0:53,0:55,0:37,1:26,1:12,1:16,1:15,0:46,0:55,0:55,0:05,1:16,1:34,2:02,1:45,1:22,0:17,1:26,1:23,1:32,1:35,0:32,1:26,0:29,0:56,1:33,1:05,0:42,1:36,1:02,1:40,0:15,1:47,0:09,0:03,0:56,0:14,0:59,1:22,1:08,1:05,1:28,0:56,0:56,0:01,1:22,0:39,1:15,1:09,1:35,1:08,1:30,1:21,1:05,1:33,1:10,1:10,1:05,1:15,0:46,0:52,0:43,0:42,0:59,0:55,1:37,0:13,0:49,1:08,0:44,0:49,1:37,0:28,1:24,0:45,0:43,0:59,1:30,1:38,1:29,1:38,0:50,0:56,0:57,1:18,1:16,1:13,1:21,1:05,1:00,0:22,1:22,0:14,1:44,0:52,1:04,1:55,1:41,1:29,0:34,0:00,1:41,1:39,1:03,1:27,1:13,1:08,1:05,1:36,1:23,1:20,0:20,0:24,1:13,1:24,1:06,1:04,1:29,1:34,1:07,0:12,1:25,1:15,0:56,0:45,1:13,1:24,0:12,0:52,1:34,1:21,1:20,1:02,1:31,1:02,1:04,1:13,1:51,1:34,0:16,0:18,0:31,1:26,1:04,0:52,1:28,1:02,1:24,1:04,0:21,1:10,1:20,0:44,1:42,1:01,1:24,0:56,1:46,0:43,1:04,1:15,1:02,1:00,1:04
Pieve di Bono-Prezzo,1:11,1:12,1:07,1:19,1:12,1:32,0:52,0:48,1:18,1:15,1:24,1:10,1:36,0:31,0:30,0:24,0:06,0:20,1:26,1:32,1:12,1:33,0:31,1:14,1:16,1:15,1:10,2:21,1:11,2:23,2:24,1:36,0:36,1:31,0:09,1:31,1:44,1:44,1:27,1:47,1:28,0:56,0:48,1:18,1:17,1:11,1:42,1:24,1:05,1:21,0:30,1:10,1:14,1:12,1:28,1:11,1:08,0:53,0:49,0:59,0:35,1:20,1:25,1:11,1:16,1:08,1:10,0:32,1:37,2:30,1:06,1:32,1:04,0:27,1:16,1:27,1:13,1:32,0:44,1:13,0:34,2:17,1:14,2:31,1:12,1:09,2:06,0:47,1:01,0:52,1:11,1:13,1:19,1:29,1:31,1:19,1:25,1:52,1:30,1:17,0:25,1:08,1:41,0:00,0:34,1:11,0:21,1:20,1:57,2:23,1:23,0:44,1:26,1:23,1:28,1:09,1:31,1:09,1:19,1:36,1:36,2:48,1:33,2:14,0:38,1:06,1:17,1:20,1:30,1:31,1:20,0:08,1:28,2:09,1:29,0:26,1:01,1:12,0:30,0:11,0:30,1:29,1:32,1:13,0:47,1:23,1:06,1:14,1:50,0:18,1:12,1:31,1:11,0:22,0:57,0:03,1:36,1:27,0:45,1:22,1:17,1:09,1:22,1:42,1:14,1:53
Pinzolo,1:22,1:10,1:05,1:17,1:11,1:14,0:49,0:56,1:29,1:13,1:22,1:08,1:34,0:30,0:05,0:57,0:39,0:19,1:24,1:06,1:23,0:58,0:04,1:12,0:41,1:13,1:08,2:19,1:09,2:21,2:22,1:34,0:01,1:29,0:41,1:29,1:42,1:42,1:26,1:45,1:10,0:53,0:47,0:43,1:15,1:09,1:40,0:49,1:03,0:51,0:28,0:36,1:04,0:37,1:02,1:07,0:33,0:51,0:48,0:57,0:34,1:18,1:23,1:09,1:14,1:06,1:08,0:01,1:35,2:28,1:16,1:30,1:02,1:00,1:14,0:52,1:11,1:30,0:42,0:39,0:03,2:15,0:39,2:29,1:09,1:07,2:04,0:45,1:11,1:03,1:21,1:12,1:17,0:54,1:30,0:45,1:23,1:50,0:56,0:42,0:09,1:06,1:39,0:34,0:00,1:09,0:13,1:03,1:55,2:22,0:48,0:54,1:08,1:22,1:26,1:19,1:11,1:20,1:16,1:16,1:02,2:46,1:32,2:12,0:36,1:05,1:16,1:00,1:09,1:29,1:19,0:28,1:05,2:07,1:28,0:07,0:59,1:10,0:28,0:44,0:05,1:28,1:30,1:11,0:46,1:34,1:04,0:40,1:49,0:17,1:10,1:29,1:22,0:20,0:56,0:35,1:34,1:38,0:43,0:48,1:15,1:07,0:56,1:40,1:12,1:51
Pomarolo,0:21,0:32,0:10,0:35,0:27,0:56,0:42,0:28,0:19,0:35,0:44,0:10,0:58,0:53,1:05,1:12,1:06,1:03,0:48,0:56,0:21,1:02,1:06,0:31,0:57,0:34,0:07,1:38,0:35,1:46,1:40,0:52,1:10,0:54,1:14,0:54,1:07,1:00,0:50,1:03,0:52,0:38,0:41,0:58,0:34,0:13,1:05,0:52,0:25,0:45,0:40,1:05,0:38,1:00,0:51,0:35,1:03,0:36,0:31,0:35,0:48,0:40,0:21,0:31,0:36,0:16,0:26,1:07,1:00,1:53,0:06,0:34,0:21,0:44,0:39,0:54,0:33,0:43,0:30,1:00,1:09,1:33,1:08,1:54,0:25,0:27,1:22,0:46,0:11,0:19,0:03,0:03,0:42,0:52,0:54,1:14,0:45,1:09,1:25,1:11,1:00,0:28,1:03,1:11,1:09,0:00,1:09,0:46,1:25,1:52,1:08,0:28,0:52,0:47,0:51,0:21,0:57,0:05,0:33,1:02,1:06,2:11,0:57,1:42,0:52,0:25,0:44,0:45,0:56,0:54,0:47,1:16,0:54,1:38,0:56,1:14,0:34,0:36,0:50,0:59,1:17,0:53,0:55,0:39,0:35,0:20,0:25,1:00,1:03,1:06,0:36,0:54,0:09,0:56,0:22,1:15,1:02,0:25,0:33,1:18,0:43,0:02,0:47,1:00,0:06,1:22
Porte di Rendena,1:10,0:58,0:53,1:04,0:58,1:17,0:37,0:43,1:16,1:01,1:10,0:55,1:22,0:17,0:09,0:44,0:26,0:07,1:12,1:19,1:10,1:11,0:09,0:59,0:54,1:01,0:56,2:07,0:57,2:09,2:10,1:22,0:14,1:17,0:28,1:17,1:30,1:30,1:13,1:33,1:13,0:41,0:34,0:56,1:03,0:57,1:28,1:02,0:51,1:04,0:16,0:49,1:00,0:50,1:15,0:57,0:46,0:39,0:35,0:45,0:21,1:06,1:11,0:57,1:02,0:54,0:56,0:11,1:23,2:16,1:04,1:18,0:50,0:47,1:02,1:05,0:59,1:18,0:30,0:52,0:13,2:03,0:52,2:17,0:57,0:54,1:52,0:33,0:59,0:50,1:09,1:00,1:05,1:07,1:17,0:58,1:11,1:38,1:09,0:55,0:03,0:54,1:27,0:21,0:13,1:09,0:00,1:05,1:42,2:09,1:01,0:42,1:12,1:09,1:14,1:07,1:16,1:07,1:04,1:21,1:15,2:34,1:19,1:59,0:23,0:52,1:03,1:05,1:22,1:17,1:06,0:14,1:13,1:55,1:15,0:05,0:47,0:57,0:15,0:31,0:08,1:15,1:18,0:59,0:34,1:22,0:52,0:53,1:36,0:04,0:57,1:17,1:09,0:07,0:43,0:22,1:22,1:25,0:31,1:01,1:03,0:55,1:09,1:28,0:59,1:39
Predaia,0:58,0:41,0:40,0:41,0:49,0:22,0:28,1:03,0:58,0:47,0:56,0:45,1:08,0:58,1:08,1:42,1:25,1:02,0:58,0:22,1:00,0:28,1:07,0:46,0:23,0:48,0:46,1:41,0:18,1:55,1:44,0:58,1:02,1:04,1:27,1:03,1:16,1:01,1:00,1:05,0:18,0:24,0:52,0:24,0:40,0:44,1:15,0:18,0:38,0:11,0:51,0:31,0:17,0:26,0:18,0:14,0:29,0:57,0:57,0:24,0:57,0:52,1:00,0:44,0:48,0:47,0:32,1:05,1:10,2:00,0:48,1:05,0:29,1:24,0:49,0:20,0:43,1:05,0:46,0:26,1:07,1:37,0:35,1:58,0:21,0:18,1:26,0:32,0:52,1:01,0:45,0:49,0:52,0:18,1:04,0:40,0:57,1:12,0:51,0:37,1:08,0:41,1:13,1:20,1:03,0:46,1:05,0:00,1:17,1:44,0:32,1:10,0:16,0:57,1:02,1:01,0:21,0:45,0:28,0:26,0:30,2:10,1:07,1:34,0:41,0:23,0:51,0:09,0:20,1:05,0:48,1:13,0:14,1:29,0:58,1:10,0:18,0:18,0:50,1:30,1:09,1:03,1:06,0:47,1:08,1:04,0:25,0:24,1:10,1:03,0:17,1:05,0:50,0:58,0:34,1:21,1:04,1:05,0:43,0:42,0:51,0:42,0:13,1:07,0:50,1:13
Predazzo,1:34,0:49,1:14,0:38,1:10,1:14,1:16,1:33,1:33,0:45,0:39,1:17,1:03,1:33,1:51,2:19,2:01,1:39,0:57,1:10,1:35,1:35,1:52,1:04,1:30,1:06,1:18,0:25,1:08,0:50,0:27,0:24,1:56,0:53,2:04,0:58,1:11,0:17,0:55,0:13,1:11,1:11,1:22,1:31,0:38,1:18,1:09,1:25,0:57,1:18,1:26,1:38,1:11,1:33,1:18,1:08,1:36,1:27,1:27,1:08,1:32,0:53,1:30,0:51,0:57,1:21,0:47,1:53,1:05,0:44,1:24,1:23,0:52,1:54,1:07,1:27,0:46,1:22,1:16,1:33,1:55,0:21,1:41,0:42,0:55,0:58,0:09,1:20,1:28,1:36,1:21,1:21,1:04,1:26,0:59,1:47,0:48,0:06,1:58,1:44,1:46,0:56,1:08,1:57,1:55,1:25,1:42,1:17,0:00,0:27,1:39,1:39,1:13,1:01,0:57,1:32,1:08,1:14,0:49,1:04,1:32,0:53,1:06,0:17,1:28,0:53,0:52,1:16,1:10,0:56,0:38,1:49,1:24,0:12,0:29,1:47,1:05,1:07,1:29,2:06,1:50,0:52,0:51,1:04,1:41,1:33,0:57,1:31,0:09,1:39,1:07,0:54,1:18,1:35,1:03,1:57,0:23,1:34,1:12,1:49,1:07,1:11,1:18,0:18,1:19,0:05
Primiero San Martino di Castrozza,2:01,1:16,1:41,1:04,1:36,1:41,1:42,1:59,2:00,1:12,1:06,1:44,1:10,2:00,2:18,2:46,2:28,2:06,1:23,1:37,2:02,2:02,2:18,1:31,1:57,1:35,1:45,0:52,1:35,0:23,0:55,0:51,2:23,1:21,2:31,1:15,0:55,0:44,1:19,0:40,1:38,1:38,1:49,1:58,1:05,1:45,1:07,1:52,1:24,1:45,1:53,2:05,1:38,2:00,1:45,1:35,2:03,1:54,1:54,1:35,1:59,1:20,1:58,1:18,1:24,1:48,1:13,2:20,1:06,0:17,1:50,1:49,1:19,2:20,1:33,1:54,1:12,1:49,1:43,2:00,2:22,0:48,2:08,0:15,1:22,1:25,0:37,1:46,1:55,2:03,1:48,1:48,1:28,1:53,1:19,2:14,1:14,0:33,2:25,2:11,2:12,1:23,1:05,2:23,2:22,1:52,2:09,1:44,0:27,0:00,2:06,2:05,1:40,1:25,1:30,1:59,1:35,1:41,1:16,1:31,1:59,0:26,1:17,0:44,1:55,1:20,1:19,1:43,1:37,1:18,1:05,2:16,1:51,0:39,0:56,2:13,1:32,1:34,1:55,2:33,2:17,1:22,1:24,1:36,2:08,2:09,1:24,1:57,0:36,2:06,1:34,1:27,1:45,2:02,1:29,2:24,0:50,2:00,1:38,2:16,1:34,1:37,1:45,0:44,1:45,0:31
Rabbi,1:21,1:04,1:03,1:04,1:11,0:44,0:51,1:26,1:21,1:10,1:19,1:08,1:31,1:18,0:54,1:45,1:28,1:08,1:21,0:36,1:23,0:28,0:53,1:09,0:11,1:11,1:08,2:06,0:38,2:18,2:08,1:21,0:47,1:26,1:30,1:26,1:39,1:24,1:23,1:27,0:40,0:46,1:15,0:13,1:03,1:07,1:37,0:19,1:01,0:21,1:17,0:17,0:34,0:11,0:32,0:36,0:14,1:20,1:20,0:47,1:22,1:15,1:23,1:06,1:11,1:10,0:55,0:50,1:33,2:23,1:11,1:28,0:52,1:49,1:12,0:22,1:06,1:27,1:09,0:09,0:52,2:02,0:20,2:21,0:44,0:41,1:49,0:55,1:15,1:24,1:08,1:12,1:14,0:24,1:27,0:25,1:20,1:35,0:36,0:23,0:57,1:03,1:36,1:23,0:48,1:08,1:01,0:32,1:39,2:06,0:00,1:43,0:38,1:20,1:24,1:24,0:41,1:08,0:51,0:46,0:32,2:33,1:30,1:58,1:04,0:46,1:14,0:29,0:39,1:27,1:10,1:16,0:34,2:00,1:21,0:56,0:41,0:40,1:16,1:33,0:54,1:26,1:28,1:09,1:35,1:27,0:47,0:09,1:33,1:06,0:40,1:27,1:12,1:08,0:57,1:24,1:27,1:28,1:05,0:28,1:13,1:05,0:26,1:29,1:12,1:36
Riva del Garda,0:28,0:55,0:37,1:01,0:53,1:22,0:48,0:06,0:35,0:57,1:06,0:36,1:18,0:25,0:51,0:44,0:38,0:35,1:08,1:22,0:28,1:28,0:51,0:57,1:22,1:00,0:34,2:04,1:01,2:05,2:06,1:18,0:56,1:14,0:46,1:13,1:26,1:26,1:10,1:29,1:18,0:52,0:23,1:24,1:00,0:44,1:25,1:18,0:48,1:11,0:25,1:31,1:04,1:32,1:17,1:01,1:28,0:18,0:13,0:55,0:20,1:03,0:47,0:54,0:58,0:49,0:52,0:53,1:20,2:13,0:22,1:00,0:46,0:16,0:59,1:20,0:56,1:10,0:26,1:34,0:55,2:00,1:34,2:14,0:52,0:52,1:48,0:43,0:17,0:08,0:27,0:30,1:02,1:18,1:14,1:40,1:07,1:35,1:51,1:37,0:45,0:51,1:23,0:44,0:54,0:28,0:42,1:10,1:39,2:05,1:43,0:00,1:15,1:05,1:09,0:25,1:20,0:25,0:56,1:25,1:29,2:30,1:15,1:55,0:35,0:48,0:59,1:08,1:19,1:13,1:02,0:49,1:17,1:51,1:11,0:47,0:58,0:59,0:30,0:32,0:50,1:11,1:14,0:55,0:08,0:40,0:48,1:23,1:32,0:39,0:59,1:12,0:27,0:34,0:39,0:48,1:17,0:43,0:27,1:42,0:59,0:26,1:10,1:24,0:30,1:35
Romeno,1:05,0:48,0:47,0:48,0:55,0:06,0:34,1:09,1:04,0:54,1:03,0:51,1:15,1:05,1:13,1:49,1:31,1:09,1:05,0:06,1:06,0:28,1:12,0:53,0:28,0:54,0:52,1:29,0:24,2:02,1:32,1:07,1:07,1:10,1:34,1:10,1:23,0:58,1:07,1:01,0:02,0:30,0:59,0:29,0:46,0:50,1:21,0:24,0:45,0:14,0:58,0:36,0:24,0:32,0:06,0:21,0:34,1:04,1:04,0:31,1:04,0:59,1:06,0:50,0:55,0:53,0:39,1:10,1:16,1:57,0:54,1:12,0:35,1:30,0:55,0:21,0:50,1:11,0:52,0:31,1:12,1:25,0:40,1:55,0:28,0:25,1:23,0:38,0:59,1:07,0:52,0:56,0:58,0:14,1:10,0:45,1:04,1:09,0:56,0:42,1:17,0:47,1:20,1:26,1:08,0:52,1:12,0:16,1:13,1:40,0:38,1:15,0:00,1:03,1:07,1:07,0:04,0:51,0:34,0:09,0:29,2:06,1:13,1:21,0:47,0:29,0:57,0:06,0:03,1:10,0:53,1:19,0:15,1:23,1:04,1:16,0:24,0:24,0:55,1:36,1:14,1:09,1:12,0:53,1:14,1:10,0:31,0:29,1:07,1:09,0:23,1:10,0:55,1:04,0:40,1:27,1:08,1:11,0:48,0:48,0:56,0:48,0:16,1:03,0:55,1:10
Roncegno Terme,1:05,0:31,0:36,0:38,0:21,1:09,0:56,0:59,0:58,0:29,0:38,0:39,0:15,1:00,1:18,1:46,1:28,1:06,0:05,1:09,1:07,1:15,1:18,0:15,1:10,0:13,0:39,1:26,0:49,1:02,1:29,0:55,1:23,0:10,1:31,0:10,0:23,0:49,0:06,0:52,1:05,0:52,0:49,1:11,0:39,0:39,0:21,1:06,0:22,0:58,0:53,1:18,0:52,1:14,1:05,0:48,1:16,0:54,0:54,0:48,0:59,0:30,0:36,0:26,0:25,0:42,0:39,1:20,0:16,1:09,0:52,0:27,0:33,1:20,0:11,1:08,0:28,0:26,0:43,1:13,1:22,1:22,1:22,1:10,0:39,0:40,1:11,1:00,0:56,1:05,0:48,0:43,0:06,1:05,0:10,1:27,0:35,0:57,1:38,1:24,1:12,0:18,0:20,1:23,1:22,0:47,1:09,0:57,1:01,1:25,1:20,1:05,1:03,0:00,0:04,0:56,1:08,0:49,0:47,1:13,1:17,1:28,0:13,1:18,0:59,0:39,0:28,0:56,1:07,0:11,0:36,1:17,1:05,1:14,0:46,1:15,0:45,0:47,0:57,1:34,1:18,0:09,0:10,0:14,1:09,0:47,0:35,1:11,0:55,1:07,0:47,0:07,0:53,1:03,0:28,1:25,0:51,1:07,0:40,1:29,0:27,0:47,0:58,0:55,0:43,0:57
Ronchi Valsugana,1:09,0:35,0:40,0:42,0:25,1:13,1:00,1:04,1:02,0:34,0:43,0:43,0:19,1:04,1:22,1:50,1:32,1:10,0:07,1:14,1:11,1:19,1:23,0:19,1:14,0:17,0:44,1:22,0:53,1:06,1:24,0:51,1:27,0:09,1:35,0:14,0:27,0:45,0:12,0:47,1:09,0:56,0:53,1:15,0:44,0:44,0:25,1:10,0:27,1:02,0:57,1:23,0:56,1:18,1:09,0:53,1:21,0:58,0:58,0:52,1:03,0:34,0:40,0:30,0:30,0:47,0:43,1:24,0:22,1:13,0:56,0:31,0:37,1:25,0:15,1:12,0:32,0:31,0:47,1:17,1:26,1:18,1:26,1:15,0:44,0:44,1:06,1:04,1:01,1:09,0:53,0:47,0:10,1:09,0:16,1:31,0:39,0:53,1:42,1:29,1:17,0:22,0:24,1:28,1:26,0:51,1:14,1:02,0:57,1:30,1:24,1:09,1:07,0:04,0:00,1:01,1:12,0:53,0:52,1:17,1:21,1:32,0:18,1:14,1:03,0:43,0:33,1:01,1:11,0:12,0:40,1:22,1:09,1:09,0:50,1:19,0:50,0:52,1:01,1:38,1:22,0:08,0:06,0:18,1:14,0:51,0:40,1:15,0:51,1:12,0:52,0:03,0:57,1:07,0:32,1:29,0:49,1:12,0:44,1:34,0:31,0:51,1:03,0:50,0:47,0:53
Ronzo-Chienis,0:26,0:48,0:20,0:55,0:36,1:13,1:02,0:22,0:33,0:52,1:00,0:29,1:08,0:50,1:15,1:09,1:03,1:00,0:58,1:14,0:27,1:19,1:16,0:41,1:14,0:44,0:27,1:57,0:53,1:55,2:00,1:12,1:21,1:03,1:11,1:03,1:16,1:20,1:00,1:23,1:09,0:56,0:35,1:15,0:54,0:19,1:15,1:10,0:42,1:02,0:50,1:23,0:56,1:18,1:09,0:52,1:20,0:30,0:25,0:52,0:45,0:57,0:40,0:48,0:52,0:23,0:46,1:18,1:10,2:02,0:20,0:54,0:40,0:41,0:49,1:12,0:50,1:02,0:38,1:17,1:20,1:53,1:26,2:04,0:42,0:44,1:42,0:58,0:15,0:17,0:18,0:23,0:51,1:09,1:04,1:31,1:02,1:28,1:42,1:29,1:10,0:45,1:13,1:09,1:19,0:21,1:07,1:01,1:32,1:59,1:24,0:25,1:07,0:56,1:01,0:00,1:12,0:25,0:48,1:17,1:21,2:21,1:07,1:52,0:48,0:40,0:54,1:01,1:11,1:04,0:57,1:13,1:09,1:48,1:06,1:11,0:50,0:52,0:46,0:57,1:15,1:03,1:05,0:49,0:32,0:39,0:40,1:15,1:29,1:03,0:52,1:04,0:26,0:59,0:32,1:12,1:12,0:43,0:39,1:34,0:53,0:19,1:03,1:16,0:24,1:32
Ronzone,1:09,0:53,0:52,0:52,1:00,0:04,0:39,1:14,1:09,0:59,1:07,0:56,1:20,1:10,1:17,1:53,1:36,1:14,1:09,0:02,1:11,0:31,1:16,0:57,0:31,0:59,0:57,1:24,0:29,1:58,1:27,1:02,1:10,1:15,1:38,1:15,1:28,0:53,1:11,0:57,0:02,0:35,1:03,0:32,0:51,0:55,1:26,0:27,0:49,0:19,1:02,0:40,0:29,0:35,0:09,0:25,0:37,1:08,1:08,0:35,1:08,1:04,1:11,0:55,0:59,0:58,0:43,1:13,1:21,1:52,0:59,1:17,0:40,1:35,1:00,0:24,0:55,1:16,0:57,0:34,1:15,1:20,0:43,1:51,0:32,0:29,1:18,0:43,1:04,1:12,0:56,1:00,1:03,0:17,1:15,0:48,1:08,1:04,0:59,0:46,1:20,0:52,1:24,1:31,1:11,0:57,1:16,0:21,1:08,1:35,0:41,1:20,0:04,1:08,1:12,1:12,0:00,0:56,0:39,0:04,0:24,2:02,1:18,1:16,0:52,0:34,1:02,0:10,0:01,1:15,0:58,1:24,0:20,1:18,1:09,1:19,0:29,0:28,1:00,1:41,1:17,1:14,1:16,0:57,1:18,1:15,0:35,0:33,1:02,1:14,0:28,1:15,1:00,1:08,0:45,1:31,1:04,1:15,0:53,0:51,1:01,0:53,0:20,0:59,1:00,1:05
Rovereto,0:16,0:34,0:14,0:37,0:29,0:57,0:44,0:25,0:20,0:36,0:45,0:12,1:01,0:50,1:16,1:09,1:03,1:00,0:51,0:58,0:18,1:03,1:16,0:33,0:58,0:36,0:10,1:39,0:37,1:48,1:42,0:54,1:21,0:56,1:11,0:56,1:09,1:02,0:52,1:05,0:53,0:40,0:39,0:59,0:35,0:17,1:07,0:54,0:27,0:46,0:50,1:07,0:40,1:02,0:53,0:37,1:05,0:33,0:28,0:36,0:45,0:41,0:23,0:33,0:37,0:20,0:28,1:18,1:02,1:55,0:05,0:36,0:23,0:41,0:41,0:56,0:35,0:46,0:32,1:01,1:20,1:35,1:10,1:56,0:27,0:28,1:24,0:48,0:08,0:17,0:05,0:07,0:44,0:53,0:56,1:15,0:46,1:10,1:26,1:13,1:10,0:30,1:06,1:09,1:20,0:05,1:07,0:45,1:14,1:41,1:08,0:25,0:51,0:49,0:53,0:25,0:56,0:00,0:34,1:03,1:07,2:13,0:59,1:39,0:52,0:26,0:41,0:47,0:57,0:56,0:44,1:13,0:55,1:35,0:53,1:12,0:36,0:37,0:50,0:57,1:15,0:55,0:58,0:41,0:32,0:14,0:26,1:01,1:05,1:04,0:38,0:56,0:04,0:59,0:20,1:13,0:59,0:19,0:31,1:20,0:40,0:03,0:49,1:01,0:05,1:19
Roverè della Luna,0:46,0:29,0:28,0:26,0:40,0:40,0:27,0:51,0:45,0:38,0:54,0:31,0:59,0:51,1:12,1:41,1:23,0:57,0:49,0:40,0:47,0:46,1:13,0:37,0:41,0:39,0:32,1:14,0:19,1:39,1:17,0:51,1:18,0:54,1:26,0:54,1:07,0:34,0:51,0:37,0:36,0:22,0:40,0:42,0:24,0:31,1:05,0:36,0:29,0:29,0:44,0:49,0:22,0:44,0:36,0:19,0:47,0:45,0:45,0:19,0:50,0:43,0:46,0:38,0:39,0:34,0:17,1:15,1:01,1:33,0:35,0:56,0:16,1:12,0:40,0:38,0:30,0:55,0:34,0:44,1:17,1:10,0:53,1:31,0:06,0:09,0:59,0:31,0:40,0:48,0:33,0:36,0:42,0:36,0:55,0:58,0:48,0:45,1:09,0:55,1:07,0:31,1:04,1:19,1:16,0:33,1:04,0:28,0:49,1:16,0:51,0:56,0:34,0:47,0:52,0:48,0:39,0:34,0:00,0:41,0:48,1:42,0:58,1:07,0:40,0:08,0:42,0:27,0:38,0:55,0:32,1:12,0:36,1:02,0:53,1:08,0:16,0:18,0:48,1:28,1:12,0:54,0:56,0:37,1:01,0:50,0:13,0:42,0:43,1:02,0:18,0:55,0:37,0:56,0:25,1:19,0:59,0:53,0:31,1:00,0:41,0:30,0:29,0:39,0:36,0:46
Ruffrè-Mendola,1:14,0:57,0:56,0:57,1:05,0:09,0:44,1:19,1:14,1:03,1:16,1:01,1:24,1:14,1:21,1:58,1:41,1:18,1:14,0:05,1:16,0:36,1:20,1:02,0:36,1:04,1:02,1:20,0:34,1:54,1:23,0:58,1:15,1:20,1:43,1:19,1:32,0:49,1:16,0:52,0:07,0:40,1:08,0:37,0:56,1:00,1:31,0:31,0:54,0:24,1:07,0:44,0:34,0:39,0:14,0:30,0:42,1:13,1:13,0:40,1:13,1:08,1:16,1:00,1:04,1:03,0:48,1:18,1:26,1:48,1:04,1:21,0:45,1:40,1:05,0:29,0:59,1:21,1:02,0:39,1:20,1:16,0:48,1:46,0:37,0:34,1:14,0:48,1:08,1:17,1:01,1:05,1:08,0:22,1:20,0:53,1:13,1:00,1:04,0:50,1:25,0:57,1:29,1:36,1:16,1:02,1:21,0:26,1:04,1:31,0:46,1:25,0:09,1:13,1:17,1:17,0:04,1:03,0:41,0:00,0:28,1:58,1:23,1:12,0:57,0:38,1:07,0:15,0:06,1:20,1:03,1:29,0:25,1:14,1:06,1:24,0:33,0:33,1:05,1:45,1:22,1:19,1:28,1:02,1:23,1:20,0:40,0:37,0:58,1:19,0:33,1:20,1:05,1:13,0:49,1:36,0:59,1:20,0:58,0:56,1:06,0:57,0:25,0:54,1:05,1:01
Rumo,1:19,1:02,1:01,1:01,1:09,0:27,0:48,1:23,1:18,1:08,1:17,1:05,1:29,1:19,1:07,1:59,1:41,1:21,1:19,0:23,1:20,0:14,1:06,1:06,0:21,1:08,1:06,1:48,0:36,2:16,1:50,1:19,1:01,1:24,1:44,1:24,1:37,1:17,1:20,1:20,0:25,0:44,1:12,0:23,1:00,1:04,1:35,0:13,0:58,0:19,1:12,0:30,0:31,0:25,0:23,0:34,0:28,1:18,1:17,0:45,1:18,1:13,1:20,1:04,1:09,1:07,0:53,1:04,1:30,2:16,1:08,1:26,0:49,1:44,1:09,0:10,1:04,1:25,1:06,0:25,1:06,1:44,0:33,2:14,0:41,0:39,1:41,0:52,1:13,1:21,1:06,1:10,1:12,0:15,1:24,0:39,1:18,1:28,0:50,0:36,1:11,1:01,1:34,1:36,1:02,1:06,1:15,0:30,1:32,1:59,0:32,1:29,0:29,1:17,1:21,1:21,0:24,1:07,0:48,0:28,0:00,2:25,1:28,1:40,1:02,0:43,1:12,0:23,0:23,1:25,1:08,1:30,0:32,1:42,1:19,1:10,0:38,0:38,1:10,1:47,1:08,1:23,1:26,1:07,1:28,1:24,0:45,0:23,1:26,1:19,0:38,1:25,1:10,1:22,0:54,1:37,1:25,1:25,1:03,0:42,1:11,1:02,0:24,1:22,1:10,1:29
Sagron Mis,2:29,1:42,2:00,1:30,1:45,2:07,2:08,2:24,2:22,1:38,1:32,2:03,1:12,2:24,2:42,3:10,2:52,2:30,1:25,2:03,2:31,2:28,2:43,1:39,2:23,1:37,2:04,1:18,2:01,0:25,1:21,1:17,2:47,1:23,2:55,1:17,0:57,1:10,1:21,1:06,2:04,2:04,2:13,2:24,1:31,2:04,1:09,2:18,1:47,2:11,2:17,2:31,2:04,2:26,2:11,2:01,2:29,2:18,2:18,2:01,2:23,1:46,2:00,1:44,1:50,2:07,1:39,2:44,1:08,0:19,2:16,1:52,1:45,2:45,1:35,2:20,1:38,1:51,2:07,2:26,2:46,1:14,2:34,0:17,1:48,1:51,1:03,2:13,2:21,2:29,2:13,2:07,1:30,2:19,1:22,2:40,1:41,0:59,2:51,2:37,2:37,1:42,1:07,2:48,2:46,2:11,2:34,2:10,0:53,0:26,2:33,2:30,2:06,1:28,1:32,2:21,2:02,2:13,1:42,1:58,2:25,0:00,1:19,1:10,2:23,1:46,1:45,2:09,2:03,1:20,1:31,2:42,2:17,1:05,1:22,2:39,1:58,2:00,2:21,2:58,2:42,1:24,1:26,1:38,2:34,2:11,1:50,2:23,1:02,2:32,2:00,1:29,2:17,2:27,1:52,2:49,1:16,2:32,2:04,2:42,1:51,2:11,2:11,1:10,2:07,0:57
Samone,1:15,0:41,0:46,0:48,0:31,1:19,1:06,1:09,1:08,0:40,0:48,0:49,0:07,1:10,1:28,1:56,1:38,1:16,0:11,1:20,1:17,1:25,1:28,0:25,1:20,0:23,0:49,1:32,0:59,0:54,1:34,1:01,1:33,0:09,1:41,0:03,0:15,0:54,0:07,0:57,1:15,1:02,0:59,1:21,0:49,0:49,0:13,1:16,0:33,1:08,1:03,1:29,1:02,1:24,1:15,0:58,1:26,1:04,1:04,0:58,1:09,0:40,0:46,0:36,0:35,0:53,0:49,1:30,0:13,1:01,1:02,0:37,0:43,1:30,0:21,1:18,0:38,0:37,0:53,1:23,1:32,1:27,1:32,1:02,0:49,0:50,1:16,1:10,1:06,1:15,0:59,0:53,0:15,1:15,0:07,1:37,0:45,1:02,1:48,1:35,1:23,0:28,0:12,1:33,1:32,0:57,1:19,1:07,1:06,1:17,1:30,1:15,1:13,0:13,0:18,1:07,1:18,0:59,0:58,1:23,1:28,1:19,0:00,1:18,1:09,0:49,0:38,1:07,1:17,0:06,0:46,1:27,1:15,1:14,0:56,1:25,0:56,0:57,1:07,1:44,1:28,0:10,0:12,0:24,1:20,0:57,0:45,1:21,0:55,1:18,0:58,0:15,1:03,1:13,0:38,1:35,0:54,1:17,0:50,1:40,0:37,0:57,1:09,0:55,0:53,0:58
San Giovanni di Fassa / Sèn Jan,1:51,1:06,1:32,0:55,1:27,1:21,1:33,1:50,1:50,1:02,0:56,1:34,1:20,1:50,2:08,2:36,2:18,1:56,1:14,1:17,1:52,1:48,2:09,1:21,1:48,1:23,1:35,0:08,1:25,1:07,0:10,0:42,2:13,1:10,2:21,1:15,1:28,0:34,1:12,0:30,1:19,1:28,1:39,1:49,0:55,1:35,1:26,1:44,1:14,1:36,1:43,1:56,1:28,1:52,1:26,1:25,1:54,1:44,1:44,1:25,1:49,1:10,1:47,1:08,1:14,1:38,1:04,2:10,1:22,1:01,1:41,1:40,1:09,2:11,1:24,1:41,1:03,1:40,1:33,1:51,2:12,0:04,2:00,1:00,1:12,1:15,0:09,1:37,1:45,1:54,1:38,1:39,1:21,1:34,1:16,2:05,1:05,0:23,2:16,2:02,2:03,1:13,1:25,2:14,2:12,1:42,1:59,1:34,0:17,0:44,1:58,1:55,1:21,1:18,1:14,1:52,1:16,1:39,1:07,1:12,1:40,1:10,1:18,0:00,1:45,1:10,1:09,1:27,1:18,1:13,0:55,2:06,1:37,0:04,0:46,2:03,1:22,1:24,1:46,2:23,2:07,1:09,1:08,1:21,1:58,1:50,1:14,1:49,0:26,1:56,1:24,1:11,1:35,1:52,1:20,2:14,0:40,1:51,1:29,2:08,1:24,1:28,1:35,0:35,1:36,0:22
San Lorenzo Dorsino,0:55,0:47,0:42,0:53,0:47,0:53,0:13,0:30,1:02,0:49,0:58,0:44,1:10,0:17,0:32,1:00,0:43,0:21,1:00,0:54,0:55,0:59,0:32,0:48,0:54,0:50,0:45,1:53,0:33,1:58,1:56,1:11,0:37,1:06,0:45,1:05,1:18,1:13,1:02,1:17,0:49,0:17,0:23,0:55,0:52,0:45,1:17,0:50,0:40,0:42,0:09,1:03,0:36,0:58,0:49,0:33,1:01,0:28,0:24,0:21,0:15,0:55,0:59,0:46,0:50,0:43,0:45,0:34,1:12,2:05,0:49,1:06,0:38,0:46,0:51,0:52,0:48,1:07,0:19,0:57,0:36,1:49,1:06,2:06,0:33,0:30,1:38,0:09,0:44,0:35,0:49,0:49,0:54,0:49,1:06,1:11,0:59,1:24,1:22,1:09,0:27,0:43,1:15,0:38,0:36,0:52,0:23,0:41,1:28,1:55,1:04,0:35,0:47,0:59,1:03,0:48,0:52,0:52,0:40,0:57,1:02,2:23,1:09,1:45,0:00,0:35,0:52,0:41,0:52,1:05,0:55,0:31,0:49,1:41,1:04,0:28,0:23,0:33,0:08,0:48,0:31,1:04,1:07,0:48,0:26,1:03,0:37,0:56,1:22,0:21,0:33,1:05,0:54,0:16,0:32,0:39,1:10,1:10,0:19,1:14,0:51,0:44,0:43,1:19,0:48,1:25
San Michele all'Adige,0:37,0:20,0:20,0:18,0:31,0:35,0:21,0:43,0:37,0:30,0:47,0:23,0:51,0:43,1:01,1:29,1:11,0:49,0:41,0:35,0:39,0:41,1:02,0:29,0:36,0:30,0:24,1:18,0:14,1:38,1:21,0:35,1:06,0:46,1:14,0:46,0:59,0:39,0:43,0:42,0:31,0:17,0:32,0:37,0:17,0:23,0:57,0:31,0:21,0:24,0:36,0:44,0:17,0:39,0:31,0:14,0:42,0:37,0:37,0:14,0:42,0:35,0:38,0:30,0:31,0:26,0:09,1:03,0:52,1:37,0:27,0:48,0:08,1:04,0:31,0:33,0:22,0:47,0:26,0:39,1:05,1:14,0:47,1:36,0:03,0:04,1:03,0:26,0:32,0:40,0:24,0:27,0:34,0:31,0:46,0:53,0:40,0:49,1:04,0:50,0:56,0:23,0:56,1:06,1:05,0:25,0:52,0:23,0:53,1:20,0:46,0:48,0:29,0:39,0:43,0:40,0:34,0:26,0:08,0:38,0:43,1:46,0:49,1:10,0:35,0:00,0:34,0:22,0:33,0:47,0:24,1:01,0:31,1:06,0:35,0:58,0:11,0:13,0:43,1:18,1:01,0:45,0:48,0:29,0:53,0:42,0:05,0:37,0:47,0:51,0:13,0:47,0:29,0:47,0:17,1:08,0:41,0:44,0:23,0:55,0:33,0:21,0:24,0:44,0:28,0:50
Sant'Orsola Terme,0:52,0:24,0:33,0:31,0:23,1:03,0:50,0:53,0:52,0:15,0:16,0:36,0:40,0:54,1:12,1:40,1:22,1:00,0:30,1:04,0:54,1:09,1:12,0:18,1:04,0:20,0:36,1:17,0:43,1:27,1:20,0:40,1:17,0:35,1:25,0:35,0:48,0:40,0:32,0:43,0:59,0:46,0:43,1:05,0:33,0:36,0:46,1:00,0:17,0:52,0:47,1:13,0:46,1:08,0:59,0:43,1:10,0:48,0:48,0:42,0:53,0:06,0:44,0:20,0:06,0:40,0:33,1:14,0:42,1:34,0:42,0:37,0:27,1:14,0:21,1:02,0:22,0:36,0:37,1:07,1:16,1:13,1:16,1:35,0:34,0:34,1:02,0:54,0:46,0:55,0:39,0:40,0:23,0:59,0:36,1:21,0:06,0:48,1:32,1:19,1:07,0:10,0:45,1:17,1:16,0:44,1:03,0:51,0:52,1:19,1:14,0:59,0:57,0:28,0:33,0:54,1:02,0:41,0:42,1:07,1:12,1:45,0:38,1:09,0:52,0:34,0:00,0:51,1:01,0:36,0:29,1:11,0:59,1:04,0:23,1:09,0:39,0:41,0:51,1:28,1:12,0:34,0:37,0:18,1:04,0:53,0:29,1:05,0:46,1:02,0:42,0:36,0:44,0:57,0:22,1:19,0:29,0:59,0:34,1:24,0:22,0:36,0:53,0:46,0:41,0:48
Sanzeno,0:58,0:41,0:40,0:41,0:48,0:12,0:28,1:03,0:58,0:47,0:56,0:45,1:08,0:58,1:05,1:42,1:24,1:02,0:58,0:12,1:00,0:22,1:04,0:46,0:19,0:48,0:45,1:35,0:18,1:55,1:38,0:58,0:59,1:03,1:27,1:03,1:16,1:01,1:00,1:04,0:08,0:24,0:52,0:21,0:40,0:44,1:14,0:15,0:38,0:08,0:51,0:28,0:17,0:23,0:07,0:14,0:26,0:57,0:57,0:24,0:57,0:52,1:00,0:43,0:48,0:47,0:32,1:02,1:10,2:00,0:48,1:05,0:29,1:24,0:49,0:15,0:43,1:04,0:46,0:23,1:03,1:31,0:31,1:58,0:21,0:18,1:26,0:32,0:52,1:01,0:45,0:49,0:51,0:08,1:04,0:36,0:57,1:12,0:47,0:34,1:09,0:41,1:13,1:20,1:00,0:45,1:05,0:09,1:16,1:43,0:29,1:08,0:06,0:56,1:01,1:01,0:10,0:47,0:27,0:15,0:23,2:09,1:07,1:27,0:41,0:22,0:51,0:00,0:10,1:04,0:47,1:13,0:09,1:29,0:58,1:07,0:18,0:17,0:49,1:30,1:06,1:03,1:05,0:46,1:08,1:04,0:24,0:21,1:10,1:03,0:17,1:04,0:49,0:57,0:34,1:20,1:04,1:05,0:42,0:39,0:50,0:42,0:09,1:06,0:49,1:13
Sarnonico,1:09,0:52,0:51,0:51,0:59,0:04,0:38,1:13,1:08,0:58,1:07,0:55,1:19,1:09,1:15,1:53,1:35,1:13,1:09,0:02,1:10,0:29,1:14,0:56,0:29,0:58,0:56,1:26,0:28,2:00,1:29,1:04,1:09,1:14,1:37,1:14,1:27,0:55,1:10,0:59,0:01,0:34,1:02,0:30,0:50,0:54,1:25,0:25,0:48,0:18,1:02,0:38,0:28,0:33,0:07,0:24,0:36,1:07,1:07,0:35,1:08,1:03,1:10,0:54,0:59,0:57,0:43,1:11,1:20,1:54,0:58,1:16,0:39,1:34,0:59,0:23,0:54,1:15,0:56,0:32,1:13,1:22,0:41,1:53,0:31,0:29,1:20,0:42,1:03,1:11,0:56,1:00,1:02,0:15,1:14,0:46,1:08,1:06,0:57,0:44,1:18,0:51,1:24,1:30,1:09,0:56,1:22,0:20,1:10,1:37,0:39,1:19,0:03,1:07,1:11,1:11,0:01,0:57,0:38,0:06,0:23,2:03,1:17,1:18,0:52,0:33,1:01,0:10,0:00,1:14,0:57,1:23,0:19,1:20,1:08,1:17,0:27,0:27,0:59,1:39,1:15,1:13,1:15,0:56,1:17,1:14,0:34,0:31,1:04,1:13,0:27,1:14,0:59,1:07,0:43,1:30,1:05,1:14,0:52,0:49,1:00,0:51,0:19,1:00,0:59,1:07
Scurelle,1:12,0:38,0:43,0:45,0:28,1:17,1:03,1:07,1:06,0:37,0:46,0:46,0:07,1:07,1:25,1:53,1:35,1:13,0:06,1:17,1:14,1:22,1:26,0:22,1:17,0:20,0:47,1:21,0:56,0:54,1:23,0:50,1:30,0:03,1:38,0:02,0:15,0:43,0:02,0:46,1:13,0:59,0:56,1:18,0:47,0:47,0:14,1:13,0:30,1:06,1:00,1:26,0:59,1:21,1:12,0:56,1:24,1:01,1:01,0:56,1:06,0:37,0:43,0:33,0:33,0:50,0:46,1:27,0:11,1:01,0:59,0:35,0:40,1:28,0:18,1:15,0:35,0:34,0:50,1:20,1:29,1:17,1:29,1:03,0:47,0:47,1:05,1:07,1:04,1:12,0:56,0:50,0:13,1:13,0:05,1:34,0:42,0:52,1:45,1:32,1:20,0:25,0:12,1:31,1:29,0:54,1:17,1:05,0:56,1:18,1:27,1:13,1:10,0:11,0:12,1:04,1:15,0:56,0:55,1:20,1:25,1:20,0:06,1:13,1:05,0:47,0:36,1:04,1:14,0:00,0:41,1:23,1:10,1:08,0:51,1:20,0:51,0:53,1:02,1:40,1:23,0:04,0:06,0:19,1:15,0:52,0:41,1:16,0:49,1:13,0:53,0:09,0:59,1:08,0:33,1:30,0:48,1:13,0:45,1:35,0:32,0:52,1:04,0:49,0:49,0:52
Segonzano,0:55,0:10,0:36,0:06,0:31,1:00,0:46,0:56,0:55,0:23,0:16,0:39,0:47,0:57,1:15,1:43,1:25,1:03,0:37,1:00,0:57,1:05,1:15,0:25,1:00,0:27,0:39,1:03,0:39,1:28,1:06,0:26,1:20,0:42,1:28,0:42,0:55,0:26,0:39,0:29,0:56,0:42,0:46,1:01,0:07,0:39,0:54,0:56,0:19,0:49,0:50,1:09,0:42,1:04,0:55,0:39,1:07,0:51,0:51,0:38,0:56,0:29,0:51,0:12,0:27,0:42,0:15,1:17,0:49,1:22,0:45,0:44,0:20,1:17,0:28,0:58,0:07,0:44,0:40,1:03,1:19,0:59,1:12,1:20,0:27,0:28,0:48,0:50,0:49,0:58,0:42,0:43,0:30,0:55,0:43,1:17,0:24,0:34,1:28,1:15,1:10,0:19,0:52,1:20,1:19,0:47,1:06,0:48,0:38,1:05,1:10,1:02,0:53,0:36,0:40,0:57,0:58,0:44,0:32,1:03,1:08,1:31,0:46,0:55,0:55,0:24,0:29,0:47,0:57,0:41,0:00,1:14,0:55,0:50,0:08,1:11,0:36,0:38,0:53,1:31,1:14,0:42,0:44,0:25,1:06,0:58,0:25,1:02,0:32,1:04,0:38,0:43,0:46,0:59,0:24,1:21,0:15,1:02,0:36,1:20,0:30,0:39,0:49,0:32,0:43,0:34
Sella Giudicarie,1:16,1:05,1:01,1:12,1:06,1:25,0:45,0:50,1:23,1:08,1:17,1:03,1:29,0:24,0:24,0:30,0:13,0:13,1:19,1:26,1:17,1:26,0:24,1:07,1:09,1:09,1:04,2:14,1:05,2:16,2:17,1:29,0:29,1:24,0:15,1:24,1:37,1:37,1:21,1:40,1:21,0:49,0:42,1:11,1:11,1:04,1:35,1:17,0:58,1:14,0:24,1:04,1:08,1:05,1:21,1:04,1:01,0:46,0:43,0:53,0:28,1:13,1:18,1:04,1:09,1:01,1:03,0:26,1:31,2:23,1:10,1:25,0:57,0:34,1:10,1:20,1:06,1:25,0:37,1:07,0:28,2:10,1:07,2:24,1:05,1:02,1:59,0:41,1:05,0:57,1:15,1:07,1:12,1:22,1:25,1:13,1:18,1:45,1:24,1:10,0:18,1:01,1:34,0:08,0:28,1:16,0:14,1:13,1:49,2:16,1:16,0:49,1:19,1:17,1:22,1:13,1:24,1:13,1:12,1:29,1:30,2:42,1:27,2:06,0:31,1:01,1:11,1:13,1:23,1:23,1:14,0:00,1:20,2:01,1:22,0:19,0:54,1:04,0:22,0:18,0:22,1:22,1:24,1:05,0:40,1:27,0:58,1:07,1:43,0:10,1:04,1:23,1:15,0:14,0:50,0:09,1:28,1:31,0:37,1:15,1:09,1:01,1:14,1:34,1:06,1:45
Sfruz,1:06,0:49,0:48,0:49,0:57,0:22,0:36,1:11,1:06,0:55,1:04,0:53,1:16,1:06,1:10,1:50,1:33,1:10,1:06,0:22,1:08,0:30,1:09,0:54,0:24,0:56,0:54,1:45,0:26,2:03,1:48,1:06,1:04,1:12,1:35,1:11,1:24,1:09,1:08,1:12,0:18,0:32,1:00,0:26,0:48,0:52,1:23,0:20,0:46,0:13,0:59,0:33,0:25,0:28,0:17,0:22,0:31,1:05,1:05,0:32,1:05,1:00,1:08,0:51,0:56,0:55,0:40,1:07,1:18,2:08,0:56,1:13,0:37,1:32,0:57,0:22,0:51,1:13,0:54,0:27,1:08,1:41,0:36,2:06,0:29,0:26,1:34,0:40,1:00,1:09,0:53,0:57,1:00,0:18,1:12,0:41,1:05,1:20,0:52,0:39,1:14,0:49,1:21,1:28,1:05,0:54,1:13,0:14,1:24,1:51,0:34,1:17,0:15,1:05,1:09,1:09,0:20,0:55,0:36,0:25,0:32,2:17,1:15,1:37,0:49,0:31,0:59,0:09,0:19,1:10,0:55,1:20,0:00,1:37,1:06,1:12,0:26,0:25,0:57,1:38,1:11,1:11,1:14,0:55,1:16,1:12,0:33,0:26,1:18,1:11,0:22,1:12,0:57,1:05,0:42,1:29,1:12,1:13,0:50,0:44,0:58,0:50,0:14,1:14,0:57,1:21
Soraga di Fassa / Soraga,1:46,1:01,1:27,0:50,1:22,1:23,1:28,1:45,1:46,0:57,0:52,1:29,1:15,1:45,2:03,2:31,2:14,1:51,1:09,1:19,1:48,1:49,2:04,1:16,1:50,1:18,1:30,0:12,1:21,1:03,0:15,0:37,2:08,1:05,2:16,1:10,1:23,0:29,1:07,0:26,1:21,1:24,1:34,1:51,0:51,1:30,1:22,1:45,1:10,1:30,1:38,1:58,1:24,1:53,1:27,1:21,1:56,1:39,1:39,1:20,1:44,1:05,1:43,1:03,1:10,1:33,0:59,2:05,1:18,0:56,1:36,1:36,1:04,2:06,1:19,1:43,0:58,1:35,1:28,1:53,2:07,0:08,2:01,0:55,1:07,1:11,0:05,1:32,1:40,1:49,1:33,1:34,1:16,1:35,1:12,2:07,1:00,0:18,2:18,2:04,1:58,1:09,1:20,2:09,2:07,1:38,1:55,1:29,0:12,0:39,2:00,1:51,1:23,1:14,1:09,1:48,1:18,1:35,1:02,1:14,1:42,1:05,1:14,0:04,1:41,1:06,1:04,1:29,1:20,1:08,0:50,2:01,1:37,0:00,0:41,1:59,1:17,1:19,1:41,2:18,2:02,1:04,1:03,1:17,1:54,1:45,1:09,1:51,0:21,1:52,1:19,1:06,1:30,1:47,1:15,2:09,0:35,1:46,1:24,2:10,1:19,1:23,1:30,0:30,1:31,0:17
Sover,1:04,0:19,0:45,0:17,0:41,1:10,0:57,1:05,1:04,0:16,0:10,0:48,0:57,1:06,1:24,1:52,1:34,1:12,0:47,1:11,1:06,1:16,1:24,0:35,1:11,0:37,0:48,0:54,0:50,1:19,0:57,0:17,1:29,0:52,1:37,0:52,1:05,0:17,0:49,0:20,1:06,0:53,0:55,1:12,0:18,0:48,1:04,1:07,0:28,0:59,0:59,1:20,0:53,1:15,1:06,0:50,1:17,1:00,1:00,0:49,1:05,0:24,1:01,0:21,0:28,0:51,0:26,1:26,0:59,1:13,0:54,0:54,0:31,1:26,0:38,1:09,0:16,0:54,0:49,1:14,1:28,0:50,1:23,1:11,0:38,0:39,0:39,1:01,0:58,1:07,0:51,0:52,0:41,1:06,0:53,1:28,0:19,0:25,1:39,1:26,1:18,0:27,1:02,1:29,1:28,0:56,1:15,0:58,0:29,0:56,1:21,1:11,1:04,0:46,0:50,1:06,1:09,0:53,0:53,1:06,1:19,1:22,0:56,0:46,1:04,0:35,0:23,0:58,1:08,0:51,0:08,1:22,1:06,0:41,0:00,1:20,0:47,0:49,1:02,1:39,1:23,0:51,0:50,0:35,1:15,1:07,0:36,1:12,0:23,1:13,0:49,0:53,0:55,1:08,0:33,1:30,0:06,1:11,0:45,1:31,0:38,0:48,1:00,0:23,0:52,0:25
Spiazzo,1:14,1:03,0:58,1:09,1:03,1:22,0:42,0:48,1:21,1:05,1:14,1:00,1:26,0:22,0:03,0:49,0:31,0:11,1:16,1:14,1:15,1:06,0:04,1:04,0:49,1:06,1:01,2:12,1:01,2:13,2:14,1:26,0:09,1:22,0:34,1:21,1:34,1:34,1:18,1:37,1:18,0:46,0:39,0:51,1:08,1:01,1:33,0:57,0:56,0:59,0:21,0:43,1:04,0:45,1:10,1:01,0:41,0:44,0:40,0:49,0:26,1:10,1:15,1:01,1:06,0:58,1:00,0:06,1:28,2:20,1:09,1:22,0:54,0:52,1:07,1:00,1:04,1:23,0:34,0:46,0:07,2:07,0:47,2:22,1:02,0:59,1:56,0:37,1:04,0:55,1:14,1:04,1:10,1:02,1:22,0:52,1:15,1:43,1:03,0:50,0:01,0:59,1:31,0:26,0:07,1:14,0:05,1:10,1:47,2:13,0:56,0:47,1:16,1:15,1:19,1:11,1:19,1:12,1:08,1:24,1:10,2:39,1:25,2:03,0:28,0:58,1:09,1:07,1:17,1:20,1:11,0:19,1:12,1:59,1:20,0:00,0:51,1:02,0:20,0:36,0:03,1:20,1:22,1:03,0:39,1:26,0:56,0:47,1:41,0:09,1:02,1:21,1:14,0:12,0:48,0:27,1:26,1:30,0:35,0:55,1:07,0:59,1:04,1:32,1:04,1:43
Spormaggiore,0:47,0:30,0:29,0:30,0:37,0:30,0:09,0:53,0:47,0:36,0:45,0:34,0:57,0:40,0:55,1:24,1:06,0:44,0:47,0:30,0:49,0:36,0:56,0:35,0:31,0:37,0:34,1:30,0:09,1:44,1:32,0:47,1:00,0:52,1:09,0:52,1:05,0:50,0:49,0:53,0:26,0:05,0:41,0:32,0:29,0:33,1:03,0:26,0:27,0:19,0:33,0:39,0:12,0:34,0:26,0:09,0:37,0:46,0:47,0:07,0:39,0:41,0:49,0:32,0:37,0:36,0:21,0:57,0:59,1:49,0:37,0:54,0:18,1:09,0:38,0:28,0:32,0:53,0:35,0:34,0:59,1:26,0:42,1:47,0:10,0:07,1:14,0:13,0:41,0:50,0:34,0:38,0:40,0:26,0:53,0:48,0:46,1:01,0:59,0:45,0:50,0:29,1:02,1:01,0:59,0:34,0:47,0:18,1:05,1:32,0:41,0:58,0:24,0:45,0:50,0:50,0:29,0:36,0:16,0:33,0:38,1:58,0:56,1:22,0:23,0:11,0:39,0:18,0:27,0:51,0:36,0:54,0:26,1:17,0:47,0:51,0:00,0:10,0:31,1:11,0:55,0:52,0:54,0:35,0:49,0:53,0:13,0:32,0:59,0:45,0:10,0:53,0:38,0:39,0:23,1:02,0:53,0:54,0:31,0:51,0:39,0:31,0:20,0:55,0:38,1:02
Sporminore,0:49,0:32,0:31,0:32,0:39,0:30,0:20,0:53,0:48,0:38,0:47,0:36,0:59,0:51,1:06,1:34,1:17,0:55,0:49,0:30,0:50,0:36,1:06,0:37,0:30,0:38,0:36,1:32,0:05,1:46,1:34,0:49,1:11,0:54,1:19,0:54,1:07,0:52,0:51,0:55,0:26,0:16,0:43,0:32,0:30,0:34,1:05,0:26,0:29,0:19,0:43,0:39,0:10,0:34,0:25,0:09,0:37,0:48,0:48,0:17,0:49,0:43,0:51,0:34,0:39,0:38,0:23,1:08,1:00,1:51,0:39,0:56,0:20,1:20,0:39,0:28,0:34,0:55,0:37,0:33,1:10,1:28,0:42,1:49,0:12,0:09,1:16,0:24,0:43,0:52,0:36,0:40,0:42,0:26,0:55,0:47,0:48,1:03,0:58,0:45,1:01,0:31,1:04,1:12,1:10,0:36,0:57,0:18,1:07,1:34,0:40,0:59,0:24,0:47,0:52,0:52,0:28,0:37,0:18,0:33,0:38,2:00,0:57,1:24,0:33,0:13,0:41,0:17,0:27,0:53,0:38,1:04,0:25,1:19,0:49,1:02,0:10,0:00,0:42,1:22,1:05,0:54,0:56,0:37,1:00,0:55,0:15,0:32,1:01,0:56,0:13,0:55,0:40,0:50,0:24,1:13,0:55,0:55,0:33,0:50,0:41,0:32,0:17,0:57,0:40,1:04
Stenico,0:53,0:45,0:40,0:51,0:45,1:02,0:21,0:28,1:00,0:47,0:56,0:42,1:08,0:12,0:24,0:52,0:35,0:12,0:58,1:02,0:53,1:07,0:24,0:46,1:02,0:48,0:43,1:54,0:41,1:56,1:56,1:08,0:29,1:04,0:37,1:03,1:16,1:16,1:00,1:19,0:58,0:25,0:21,1:03,0:50,0:43,1:15,0:58,0:38,0:51,0:04,1:04,0:44,1:05,0:57,0:41,1:01,0:26,0:22,0:29,0:10,0:53,0:57,0:44,0:48,0:41,0:42,0:26,1:10,2:03,0:47,1:04,0:36,0:41,0:49,1:00,0:46,1:05,0:17,1:07,0:28,1:50,1:07,2:04,0:41,0:39,1:38,0:17,0:42,0:33,0:47,0:47,0:52,0:58,1:04,1:13,0:57,1:25,1:24,1:10,0:18,0:41,1:13,0:30,0:28,0:50,0:15,0:50,1:29,1:55,1:16,0:30,0:55,0:57,1:01,0:46,1:00,0:50,0:48,1:05,1:10,2:21,1:07,1:46,0:08,0:43,0:51,0:49,0:59,1:02,0:53,0:22,0:57,1:41,1:02,0:20,0:31,0:42,0:00,0:40,0:23,1:02,1:05,0:46,0:22,1:01,0:39,1:08,1:23,0:13,0:41,1:03,0:52,0:08,0:30,0:31,1:08,1:08,0:17,1:16,0:49,0:42,0:51,1:14,0:46,1:26
Storo,1:00,1:22,1:09,1:29,1:23,1:42,1:02,0:37,1:07,1:25,1:34,1:07,1:46,0:41,0:40,0:12,0:06,0:30,1:36,1:42,1:00,1:43,0:41,1:24,1:26,1:25,1:05,2:31,1:21,2:33,2:34,1:46,0:46,1:41,0:14,1:41,1:54,1:54,1:38,1:57,1:38,1:06,0:53,1:28,1:27,1:16,1:52,1:34,1:15,1:31,0:40,1:20,1:24,1:22,1:38,1:21,1:18,0:48,0:43,1:09,0:45,1:30,1:18,1:21,1:26,1:20,1:20,0:43,1:47,2:40,0:54,1:32,1:14,0:15,1:26,1:37,1:23,1:41,0:54,1:23,0:44,2:27,1:24,2:41,1:22,1:19,2:16,0:57,0:49,0:40,0:59,1:02,1:29,1:39,1:41,1:29,1:35,2:02,1:40,1:27,0:35,1:18,1:51,0:11,0:44,0:59,0:31,1:30,2:06,2:33,1:33,0:32,1:36,1:34,1:38,0:57,1:41,0:57,1:28,1:45,1:47,2:58,1:44,2:23,0:48,1:18,1:28,1:30,1:39,1:40,1:31,0:18,1:38,2:18,1:39,0:36,1:11,1:22,0:40,0:00,0:40,1:39,1:42,1:23,0:36,1:12,1:16,1:24,2:00,0:27,1:22,1:40,0:59,0:32,1:07,0:15,1:45,1:15,0:55,1:32,1:27,0:58,1:32,1:52,1:02,2:03
Strembo,1:18,1:06,1:01,1:12,1:06,1:20,0:45,0:52,1:25,1:09,1:17,1:03,1:30,0:25,0:02,0:52,0:34,0:15,1:19,1:12,1:18,1:04,0:01,1:07,0:47,1:09,1:04,2:15,1:05,2:17,2:17,1:30,0:07,1:25,0:37,1:25,1:38,1:37,1:21,1:41,1:16,0:49,0:42,0:49,1:11,1:04,1:36,0:55,0:59,0:57,0:24,0:42,1:08,0:43,1:08,1:04,0:39,0:47,0:43,0:53,0:29,1:14,1:18,1:05,1:09,1:02,1:04,0:04,1:31,2:24,1:12,1:25,0:57,0:56,1:10,0:58,1:07,1:26,0:38,0:45,0:06,2:11,0:45,2:25,1:05,1:02,1:59,0:41,1:07,0:58,1:17,1:08,1:13,1:00,1:25,0:51,1:18,1:46,1:02,0:48,0:04,1:02,1:34,0:30,0:05,1:17,0:08,1:09,1:50,2:17,0:54,0:50,1:14,1:18,1:22,1:15,1:17,1:15,1:12,1:22,1:08,2:42,1:28,2:07,0:31,1:01,1:12,1:06,1:15,1:23,1:14,0:22,1:11,2:02,1:23,0:03,0:55,1:05,0:23,0:40,0:00,1:23,1:26,1:07,0:42,1:30,1:00,0:46,1:44,0:13,1:05,1:24,1:17,0:15,0:51,0:31,1:29,1:33,0:39,0:53,1:10,1:03,1:02,1:36,1:07,1:47
Telve,1:11,0:37,0:42,0:44,0:27,1:15,1:02,1:05,1:04,0:35,0:44,0:45,0:11,1:06,1:24,1:52,1:34,1:12,0:04,1:15,1:12,1:21,1:24,0:21,1:16,0:19,0:45,1:17,0:55,0:59,1:19,0:46,1:29,0:01,1:36,0:06,0:19,0:40,0:02,0:42,1:11,0:58,0:55,1:17,0:45,0:45,0:18,1:11,0:28,1:04,0:59,1:24,0:58,1:20,1:11,0:54,1:22,1:00,1:00,0:54,1:05,0:36,0:42,0:32,0:31,0:48,0:45,1:26,0:13,1:06,0:58,0:33,0:39,1:26,0:17,1:14,0:34,0:32,0:49,1:19,1:28,1:13,1:28,1:07,0:45,0:46,1:01,1:06,1:02,1:11,0:54,0:49,0:11,1:11,0:07,1:33,0:41,0:48,1:44,1:30,1:18,0:24,0:16,1:29,1:28,0:53,1:15,1:03,0:52,1:22,1:26,1:11,1:09,0:09,0:08,1:03,1:14,0:55,0:54,1:19,1:23,1:24,0:10,1:09,1:04,0:45,0:34,1:03,1:13,0:04,0:42,1:22,1:11,1:04,0:51,1:20,0:52,0:54,1:02,1:39,1:23,0:00,0:02,0:20,1:15,0:53,0:41,1:17,0:46,1:13,0:53,0:05,0:59,1:09,0:34,1:31,0:45,1:13,0:46,1:35,0:33,0:53,1:04,0:45,0:49,0:48
Telve di Sopra,1:14,0:40,0:45,0:47,0:29,1:18,1:04,1:08,1:07,0:38,0:47,0:47,0:13,1:08,1:26,1:54,1:37,1:14,0:07,1:18,1:15,1:24,1:27,0:24,1:18,0:21,0:48,1:16,0:57,1:00,1:19,0:45,1:32,0:03,1:39,0:08,0:21,0:39,0:05,0:42,1:14,1:00,0:57,1:20,0:48,0:48,0:20,1:14,0:31,1:07,1:01,1:27,1:00,1:22,1:13,0:57,1:25,1:02,1:02,0:57,1:07,0:38,0:44,0:35,0:34,0:51,0:47,1:28,0:16,1:08,1:00,0:36,0:41,1:29,0:20,1:16,0:37,0:35,0:51,1:22,1:30,1:12,1:30,1:09,0:48,0:49,1:01,1:08,1:05,1:13,0:57,0:52,0:14,1:14,0:10,1:35,0:44,0:47,1:46,1:33,1:21,0:26,0:18,1:32,1:30,0:55,1:18,1:06,0:51,1:24,1:28,1:14,1:12,0:10,0:06,1:05,1:16,0:58,0:56,1:28,1:26,1:26,0:12,1:08,1:07,0:48,0:37,1:05,1:15,0:06,0:44,1:24,1:14,1:03,0:50,1:22,0:54,0:56,1:05,1:42,1:26,0:02,0:00,0:22,1:18,0:55,0:44,1:20,0:45,1:16,0:56,0:03,1:02,1:11,0:36,1:33,0:44,1:16,0:48,1:38,0:35,0:55,1:07,0:45,0:52,0:47
Tenna,0:57,0:21,0:28,0:28,0:13,0:59,0:45,0:49,0:47,0:19,0:28,0:31,0:26,0:49,1:07,1:35,1:18,0:55,0:16,0:59,0:49,1:05,1:08,0:07,0:59,0:05,0:31,1:29,0:38,1:13,1:32,0:45,1:13,0:21,1:20,0:21,0:34,0:52,0:17,0:55,0:55,0:41,0:38,1:01,0:29,0:31,0:32,0:55,0:12,0:48,0:42,1:08,0:41,1:03,0:54,0:38,1:06,0:43,0:43,0:38,0:48,0:19,0:28,0:16,0:15,0:34,0:28,1:09,0:27,1:20,0:44,0:22,0:22,1:10,0:05,0:57,0:18,0:22,0:32,1:03,1:11,1:25,1:11,1:21,0:29,0:30,1:14,0:49,0:48,0:57,0:40,0:35,0:09,0:55,0:21,1:16,0:25,1:00,1:27,1:14,1:02,0:07,0:31,1:13,1:11,0:39,0:59,0:47,1:04,1:36,1:09,0:55,0:53,0:14,0:18,0:49,0:57,0:41,0:37,1:02,1:07,1:38,0:24,1:21,0:48,0:29,0:18,0:46,0:56,0:19,0:25,1:05,0:55,1:17,0:35,1:03,0:35,0:37,0:46,1:23,1:07,0:20,0:22,0:00,0:59,0:39,0:25,1:01,0:58,0:57,0:37,0:21,0:45,0:53,0:17,1:14,0:41,0:59,0:29,1:19,0:15,0:39,0:48,0:58,0:35,1:00
Tenno,0:35,0:57,0:44,1:04,0:58,1:20,0:40,0:09,0:42,1:00,1:09,0:43,1:21,0:17,0:43,0:48,0:42,0:27,1:11,1:20,0:36,1:26,0:43,0:59,1:21,1:01,0:41,2:06,0:59,2:08,2:09,1:21,0:48,1:16,0:50,1:16,1:29,1:29,1:13,1:32,1:16,0:44,0:25,1:22,1:03,0:52,1:27,1:16,0:51,1:09,0:17,1:23,1:02,1:24,1:16,0:59,1:20,0:20,0:15,0:47,0:12,1:05,0:54,0:56,1:01,0:56,0:55,0:45,1:23,2:15,0:29,1:07,0:49,0:20,1:02,1:18,0:58,1:17,0:29,1:26,0:47,2:02,1:26,2:17,0:55,0:55,1:51,0:35,0:24,0:16,0:34,0:37,1:04,1:16,1:17,1:32,1:10,1:37,1:43,1:29,0:37,0:54,1:26,0:47,0:46,0:35,0:34,1:08,1:41,2:08,1:35,0:08,1:14,1:09,1:14,0:32,1:18,0:32,1:01,1:23,1:28,2:34,1:20,1:58,0:26,0:53,1:04,1:08,1:17,1:15,1:06,0:40,1:16,1:54,1:15,0:39,0:49,1:00,0:22,0:36,0:42,1:15,1:18,0:59,0:00,0:47,0:51,1:27,1:36,0:31,1:00,1:16,0:35,0:26,0:43,0:48,1:21,0:51,0:30,1:34,1:02,0:33,1:10,1:27,0:38,1:38
Terragnolo,0:31,0:49,0:27,0:56,0:33,1:16,1:03,0:40,0:34,0:52,1:01,0:20,0:59,1:05,1:30,1:24,1:18,1:15,0:49,1:16,0:33,1:22,1:31,0:37,1:17,0:35,0:18,1:58,0:56,1:46,2:01,1:13,1:36,0:54,1:26,0:54,1:07,1:21,0:50,1:24,1:12,0:59,0:53,1:18,0:54,0:30,1:05,1:12,0:43,1:05,0:57,1:25,0:58,1:21,1:12,0:55,1:23,0:48,0:43,0:55,1:00,0:54,0:11,0:48,0:50,0:33,0:47,1:32,1:00,1:53,0:19,0:25,0:41,0:56,0:39,1:15,0:50,0:34,0:47,1:20,1:34,1:54,1:29,1:54,0:44,0:47,1:43,1:07,0:23,0:31,0:19,0:20,0:42,1:12,0:54,1:34,1:00,1:29,1:45,1:31,1:25,0:42,1:04,1:23,1:34,0:20,1:22,1:04,1:33,2:09,1:27,0:40,1:10,0:47,0:51,0:39,1:15,0:14,0:50,1:20,1:24,2:11,0:57,1:50,1:03,0:42,0:53,1:04,1:14,0:52,0:58,1:27,1:12,1:45,1:07,1:26,0:53,0:55,1:01,1:12,1:30,0:53,0:55,0:39,0:47,0:00,0:43,1:18,1:30,1:18,0:55,0:54,0:18,1:14,0:33,1:27,1:13,0:26,0:44,1:37,0:52,0:18,1:06,1:30,0:15,1:32
Terre d'Adige,0:37,0:17,0:20,0:19,0:28,0:37,0:23,0:42,0:37,0:26,0:35,0:24,0:47,0:42,1:00,1:28,1:11,0:48,0:37,0:37,0:39,0:43,1:01,0:25,0:37,0:27,0:25,1:22,0:16,1:34,1:24,0:37,1:06,0:42,1:13,0:42,0:55,0:43,0:39,0:48,0:33,0:19,0:31,0:39,0:18,0:23,0:53,0:33,0:17,0:26,0:35,0:46,0:19,0:41,0:32,0:16,0:44,0:36,0:36,0:16,0:41,0:31,0:39,0:26,0:27,0:26,0:10,1:02,0:49,1:41,0:27,0:44,0:04,1:03,0:28,0:35,0:18,0:43,0:25,0:41,1:04,1:18,0:49,1:42,0:07,0:06,1:06,0:27,0:32,0:40,0:24,0:28,0:30,0:33,0:43,0:54,0:36,0:53,1:05,0:52,0:55,0:19,0:52,1:06,1:04,0:25,0:52,0:25,0:57,1:24,0:47,0:48,0:31,0:35,0:40,0:40,0:35,0:26,0:13,0:40,0:45,1:50,0:45,1:14,0:37,0:05,0:29,0:24,0:34,0:41,0:25,0:58,0:33,1:09,0:36,0:56,0:13,0:15,0:39,1:16,1:00,0:41,0:44,0:25,0:51,0:43,0:00,0:39,0:51,0:50,0:15,0:43,0:28,0:46,0:13,1:08,0:42,0:44,0:22,0:57,0:29,0:21,0:26,0:48,0:27,0:53
Terzolas,1:13,0:56,0:55,0:56,1:03,0:35,0:42,1:17,1:12,1:02,1:11,0:59,1:23,1:10,0:45,1:37,1:19,0:59,1:13,0:28,1:14,0:20,0:44,1:00,0:03,1:02,1:00,1:57,0:30,2:10,2:00,1:13,0:39,1:18,1:21,1:18,1:31,1:16,1:14,1:19,0:31,0:38,1:06,0:04,0:54,0:58,1:29,0:10,0:53,0:13,1:09,0:08,0:26,0:03,0:23,0:28,0:06,1:12,1:11,0:39,1:14,1:07,1:14,0:58,1:03,1:01,0:47,0:42,1:24,2:14,1:02,1:20,0:43,1:40,1:03,0:14,0:58,1:19,1:00,0:02,0:43,1:53,0:11,2:13,0:35,0:33,1:40,0:46,1:07,1:15,1:00,1:04,1:06,0:15,1:18,0:17,1:12,1:26,0:28,0:14,0:49,0:55,1:28,1:14,0:40,1:00,0:53,0:24,1:31,1:57,0:09,1:23,0:29,1:11,1:15,1:15,0:33,1:01,0:42,0:37,0:23,2:23,1:21,1:49,0:56,0:37,1:05,0:21,0:31,1:16,1:02,1:07,0:26,1:51,1:12,0:47,0:32,0:32,1:08,1:24,0:46,1:17,1:20,1:01,1:27,1:18,0:39,0:00,1:24,0:57,0:32,1:19,1:04,1:00,0:48,1:15,1:19,1:19,0:57,0:19,1:05,0:56,0:18,1:21,1:04,1:28
Tesero,1:16,0:43,1:08,0:32,1:04,1:07,1:09,1:27,1:16,0:39,0:33,1:11,0:57,1:27,1:45,2:13,1:55,1:33,0:51,1:03,1:18,1:28,1:45,0:58,1:23,1:00,1:12,0:34,1:01,0:59,0:36,0:18,1:50,0:47,1:58,0:52,1:05,0:07,0:49,0:04,1:04,1:04,1:16,1:24,0:32,1:12,1:03,1:18,0:51,1:11,1:20,1:31,1:04,1:26,1:11,1:01,1:29,1:21,1:21,1:01,1:26,0:47,1:24,0:45,0:51,1:15,0:41,1:47,0:59,0:53,1:06,1:17,0:46,1:48,1:01,1:20,0:39,1:16,1:10,1:26,1:49,0:30,1:34,0:51,0:48,0:51,0:18,1:13,1:10,1:19,1:03,1:15,0:58,1:19,0:53,1:40,0:42,0:02,1:51,1:37,1:40,0:50,1:02,1:50,1:49,1:03,1:36,1:10,0:09,0:36,1:33,1:32,1:07,0:55,0:51,1:29,1:02,1:05,0:43,0:58,1:26,1:02,0:55,0:26,1:22,0:47,0:46,1:10,1:04,0:49,0:32,1:43,1:18,0:21,0:23,1:41,0:59,1:01,1:23,2:00,1:44,0:46,0:45,0:58,1:36,1:30,0:51,1:24,0:00,1:35,1:00,0:49,1:14,1:30,0:58,1:52,0:18,1:29,1:07,1:42,1:02,1:06,1:11,0:08,1:14,0:05
Tione di Trento,1:06,0:55,0:51,1:02,0:56,1:15,0:35,0:40,1:13,0:58,1:07,0:53,1:19,0:14,0:13,0:40,0:22,0:03,1:09,1:16,1:07,1:16,0:14,0:57,0:59,0:59,0:54,2:04,0:55,2:06,2:07,1:19,0:18,1:14,0:25,1:14,1:27,1:27,1:11,1:30,1:11,0:39,0:32,1:01,1:01,0:54,1:25,1:06,0:49,1:04,0:14,0:53,0:58,0:55,1:11,0:55,0:51,0:36,0:33,0:43,0:18,1:03,1:08,0:54,0:59,0:51,0:53,0:15,1:21,2:13,1:01,1:15,0:47,0:43,1:00,1:10,0:56,1:15,0:27,0:56,0:17,2:00,0:57,2:15,0:55,0:52,1:49,0:31,0:55,0:47,1:06,0:57,1:02,1:11,1:15,1:02,1:08,1:35,1:13,1:00,0:08,0:52,1:24,0:18,0:17,1:06,0:04,1:03,1:39,2:06,1:06,0:39,1:09,1:07,1:12,1:03,1:14,1:04,1:02,1:19,1:19,2:32,1:18,1:56,0:21,0:51,1:02,1:03,1:13,1:13,1:04,0:10,1:11,1:52,1:13,0:09,0:45,0:56,0:13,0:27,0:13,1:13,1:16,0:57,0:31,1:18,0:50,0:57,1:35,0:00,0:55,1:14,1:06,0:05,0:41,0:19,1:19,1:22,0:28,1:05,1:00,0:53,1:05,1:25,0:57,1:36
Ton,0:49,0:32,0:31,0:32,0:39,0:30,0:20,0:54,0:49,0:38,0:47,0:36,0:59,0:50,1:05,1:34,1:16,0:54,0:49,0:30,0:51,0:35,1:06,0:37,0:30,0:39,0:36,1:32,0:13,1:46,1:34,0:49,1:10,0:54,1:19,0:54,1:07,0:52,0:51,0:55,0:25,0:15,0:43,0:31,0:31,0:35,1:05,0:26,0:29,0:18,0:43,0:39,0:12,0:34,0:25,0:09,0:37,0:48,0:48,0:15,0:49,0:43,0:51,0:34,0:39,0:38,0:23,1:08,1:01,1:51,0:39,0:56,0:20,1:15,0:40,0:28,0:34,0:55,0:37,0:33,1:10,1:28,0:42,1:49,0:12,0:09,1:17,0:24,0:43,0:52,0:36,0:40,0:42,0:25,0:55,0:47,0:48,1:03,0:58,0:45,1:00,0:32,1:04,1:12,1:10,0:36,0:57,0:17,1:07,1:34,0:40,0:59,0:23,0:47,0:52,0:52,0:28,0:38,0:18,0:33,0:38,2:00,0:58,1:24,0:33,0:13,0:42,0:17,0:27,0:53,0:38,1:04,0:22,1:19,0:49,1:02,0:10,0:13,0:41,1:22,1:05,0:53,0:56,0:37,1:00,0:55,0:15,0:32,1:00,0:55,0:00,0:55,0:40,0:49,0:25,1:13,0:55,0:56,0:33,0:50,0:41,0:33,0:19,0:57,0:40,1:04
Torcegno,1:12,0:38,0:43,0:45,0:28,1:17,1:03,1:07,1:05,0:37,0:46,0:46,0:16,1:07,1:25,1:53,1:35,1:13,0:12,1:17,1:14,1:22,1:26,0:22,1:17,0:20,0:47,1:19,0:56,1:03,1:21,0:48,1:30,0:06,1:38,0:11,0:24,0:42,0:08,0:45,1:12,0:59,0:56,1:18,0:47,0:47,0:23,1:13,0:30,1:05,1:00,1:26,0:59,1:21,1:12,0:56,1:24,1:01,1:01,0:55,1:06,0:37,0:43,0:33,0:33,0:50,0:46,1:27,0:19,1:10,0:59,0:34,0:40,1:28,0:18,1:15,0:35,0:34,0:50,1:20,1:29,1:15,1:29,1:12,0:47,0:47,1:03,1:07,1:04,1:12,0:56,0:50,0:13,1:12,0:13,1:34,0:42,0:50,1:45,1:32,1:20,0:25,0:21,1:31,1:29,0:54,1:17,1:05,0:54,1:27,1:27,1:12,1:10,0:07,0:03,1:04,1:15,0:56,0:55,1:20,1:25,1:29,0:15,1:11,1:05,0:47,0:36,1:04,1:14,0:09,0:43,1:23,1:12,1:06,0:53,1:21,0:53,0:55,1:03,1:40,1:24,0:05,0:03,0:21,1:16,0:54,0:43,1:19,0:49,1:14,0:55,0:00,1:00,1:10,0:35,1:32,0:47,1:15,0:47,1:37,0:34,0:54,1:06,0:48,0:50,0:50
Trambileno,0:17,0:38,0:18,0:41,0:33,1:02,0:48,0:27,0:22,0:40,0:49,0:16,1:05,0:52,1:18,1:11,1:05,1:02,0:55,1:02,0:20,1:07,1:18,0:38,1:02,0:40,0:14,1:43,0:41,1:52,1:46,0:58,1:23,1:00,1:13,1:00,1:13,1:06,0:57,1:09,0:57,0:44,0:41,1:03,0:39,0:21,1:11,0:58,0:31,0:50,0:52,1:11,0:44,1:06,0:57,0:41,1:09,0:35,0:30,0:40,0:47,0:46,0:27,0:37,0:41,0:24,0:32,1:20,1:06,1:59,0:07,0:40,0:27,0:43,0:45,1:00,0:39,0:50,0:36,1:05,1:22,1:39,1:14,2:00,0:31,0:32,1:28,0:52,0:10,0:19,0:09,0:11,0:48,0:57,1:00,1:19,0:50,1:14,1:30,1:17,1:12,0:34,1:10,1:11,1:22,0:09,1:09,0:50,1:18,1:45,1:12,0:27,0:55,0:53,0:57,0:26,1:00,0:04,0:37,1:05,1:10,2:17,1:03,1:35,0:54,0:29,0:44,0:49,0:59,0:59,0:46,1:15,0:57,1:30,0:55,1:14,0:38,0:40,0:52,0:59,1:17,0:59,1:02,0:45,0:35,0:18,0:28,1:04,1:14,1:06,0:40,1:00,0:00,1:01,0:25,1:15,1:04,0:20,0:36,1:24,0:45,0:08,0:53,1:06,0:10,1:23
Tre Ville,1:02,0:51,0:46,0:57,0:51,1:10,0:30,0:36,1:09,0:54,1:03,0:48,1:15,0:14,0:16,0:44,0:27,0:04,1:05,1:10,1:03,1:18,0:16,0:52,1:01,0:54,0:49,2:00,0:49,2:02,2:02,1:15,0:21,1:10,0:29,1:10,1:23,1:22,1:06,1:26,1:06,0:33,0:27,1:03,0:56,0:50,1:21,1:09,0:44,0:59,0:09,0:56,0:52,0:57,1:05,0:49,0:53,0:32,0:28,0:37,0:15,0:59,1:03,0:50,0:55,0:47,0:49,0:18,1:16,2:09,0:56,1:11,0:43,0:46,0:55,1:12,0:52,1:11,0:23,0:59,0:20,1:56,0:59,2:10,0:50,0:47,1:45,0:25,0:51,0:43,1:01,0:53,0:58,1:06,1:10,1:05,1:04,1:31,1:16,1:02,0:10,0:47,1:20,0:22,0:20,0:56,0:07,0:58,1:35,2:02,1:08,0:34,1:04,1:03,1:07,0:59,1:08,0:59,0:56,1:13,1:22,2:27,1:13,1:52,0:16,0:47,0:57,0:57,1:07,1:08,0:59,0:14,1:05,1:47,1:08,0:12,0:39,0:50,0:08,0:32,0:15,1:09,1:11,0:53,0:26,1:14,0:46,1:00,1:30,0:05,0:49,1:10,1:01,0:00,0:36,0:23,1:14,1:18,0:24,1:07,0:56,0:48,0:59,1:21,0:52,1:32
Trento,0:31,0:18,0:12,0:25,0:14,0:46,0:32,0:33,0:31,0:18,0:27,0:14,0:39,0:34,0:52,1:20,1:02,0:40,0:29,0:46,0:33,0:52,0:52,0:17,0:47,0:19,0:15,1:28,0:25,1:26,1:30,0:42,0:57,0:35,1:04,0:34,0:47,0:50,0:31,0:53,0:42,0:28,0:23,0:48,0:23,0:15,0:46,0:42,0:09,0:35,0:26,0:55,0:28,0:50,0:42,0:25,0:53,0:28,0:28,0:25,0:33,0:23,0:29,0:15,0:19,0:18,0:16,0:54,0:41,1:34,0:21,0:33,0:10,0:54,0:20,0:44,0:17,0:36,0:16,0:50,0:56,1:24,0:58,1:35,0:16,0:17,1:12,0:37,0:26,0:34,0:18,0:18,0:23,0:42,0:35,1:04,0:28,0:59,1:15,1:01,0:46,0:12,0:44,0:57,0:56,0:22,0:43,0:34,1:03,1:29,0:57,0:39,0:40,0:28,0:32,0:32,0:45,0:20,0:25,0:49,0:54,1:52,0:38,1:20,0:32,0:17,0:22,0:34,0:43,0:33,0:24,0:50,0:42,1:15,0:33,0:48,0:23,0:24,0:30,1:07,0:51,0:34,0:36,0:17,0:43,0:33,0:13,0:48,0:58,0:41,0:25,0:35,0:25,0:36,0:00,0:59,0:40,0:40,0:13,1:07,0:21,0:17,0:36,0:57,0:19,0:59
Valdaone,1:15,1:13,1:08,1:19,1:13,1:33,0:53,0:58,1:22,1:16,1:24,1:10,1:37,0:31,0:31,0:28,0:10,0:21,1:26,1:33,1:16,1:34,0:32,1:14,1:17,1:16,1:11,2:22,1:12,2:24,2:24,1:37,0:36,1:32,0:13,1:32,1:45,1:44,1:28,1:48,1:29,0:57,0:49,1:19,1:18,1:11,1:43,1:24,1:06,1:22,0:31,1:11,1:15,1:13,1:28,1:12,1:09,0:54,0:50,1:00,0:36,1:21,1:25,1:12,1:16,1:09,1:11,0:33,1:38,2:31,1:10,1:33,1:05,0:31,1:17,1:28,1:14,1:33,0:45,1:14,0:35,2:18,1:15,2:32,1:13,1:10,2:06,0:48,1:05,0:56,1:15,1:15,1:20,1:29,1:32,1:20,1:26,1:53,1:31,1:18,0:26,1:09,1:42,0:03,0:35,1:15,0:22,1:21,1:57,2:24,1:24,0:48,1:27,1:25,1:29,1:12,1:31,1:13,1:19,1:36,1:37,2:49,1:35,2:14,0:39,1:08,1:19,1:20,1:30,1:30,1:21,0:09,1:29,2:09,1:30,0:27,1:02,1:13,0:31,0:15,0:31,1:31,1:33,1:14,0:48,1:27,1:08,1:15,1:52,0:19,1:13,1:32,1:15,0:23,0:59,0:00,1:36,1:31,0:46,1:23,1:18,1:13,1:23,1:43,1:14,1:54
Valfloriana,1:10,0:26,0:51,0:23,0:46,1:09,1:03,1:12,1:10,0:22,0:16,0:54,0:56,1:12,1:30,1:58,1:40,1:18,0:49,1:05,1:12,1:22,1:31,0:41,1:17,0:42,0:55,0:48,0:56,1:13,0:50,0:14,1:35,0:46,1:43,0:51,1:04,0:10,0:47,0:13,1:06,0:59,1:01,1:18,0:24,0:55,1:02,1:13,0:34,1:05,1:05,1:26,0:59,1:21,1:12,0:56,1:24,1:06,1:06,0:55,1:11,0:30,1:07,0:28,0:34,0:58,0:32,1:32,0:58,1:07,1:00,1:00,0:37,1:33,0:44,1:15,0:22,0:59,0:55,1:20,1:34,0:44,1:29,1:05,0:44,0:45,0:32,1:07,1:05,1:13,0:57,0:58,0:46,1:12,0:52,1:34,0:24,0:19,1:45,1:32,1:25,0:33,1:01,1:36,1:34,1:02,1:22,1:04,0:23,0:50,1:27,1:17,1:08,0:51,0:49,1:12,1:04,0:59,0:59,0:59,1:25,1:16,0:54,0:40,1:10,0:41,0:29,1:04,1:05,0:48,0:15,1:28,1:12,0:35,0:06,1:26,0:53,0:55,1:08,1:45,1:29,0:45,0:44,0:41,1:21,1:13,0:42,1:19,0:18,1:19,0:55,0:47,1:04,1:14,0:40,1:36,0:00,1:17,0:51,1:37,0:44,0:54,1:06,0:16,0:59,0:19
Vallarsa,0:33,0:53,0:34,0:56,0:47,1:17,1:03,0:44,0:38,0:56,1:05,0:30,1:19,1:08,1:34,1:27,1:21,1:18,1:09,1:17,0:36,1:23,1:34,0:52,1:18,0:55,0:28,1:59,0:56,2:06,2:01,1:13,1:39,1:14,1:29,1:14,1:27,1:21,1:11,1:24,1:13,0:59,0:57,1:19,0:55,0:37,1:25,1:13,0:46,1:06,1:08,1:26,0:59,1:21,1:13,0:56,1:24,0:52,0:46,0:56,1:03,1:01,0:38,0:52,0:57,0:40,0:47,1:36,1:21,2:13,0:23,0:51,0:42,0:59,1:00,1:15,0:54,1:01,0:51,1:21,1:38,1:55,1:29,2:14,0:46,0:48,1:43,1:07,0:26,0:35,0:24,0:27,1:02,1:13,1:15,1:35,1:06,1:30,1:46,1:32,1:28,0:49,1:24,1:27,1:38,0:25,1:25,1:05,1:34,2:00,1:28,0:43,1:11,1:07,1:12,0:43,1:15,0:19,0:53,1:20,1:25,2:32,1:17,1:51,1:10,0:44,0:59,1:05,1:14,1:13,1:02,1:31,1:13,1:46,1:11,1:30,0:54,0:55,1:08,1:15,1:33,1:13,1:16,0:59,0:51,0:26,0:44,1:19,1:29,1:22,0:56,1:15,0:20,1:18,0:40,1:31,1:17,0:00,0:54,1:39,1:04,0:23,1:08,1:21,0:25,1:42
Vallelaghi,0:46,0:28,0:23,0:34,0:28,0:55,0:33,0:21,0:42,0:30,0:39,0:25,0:51,0:21,0:39,1:07,0:50,0:27,0:41,0:55,0:46,1:00,0:40,0:29,0:55,0:31,0:26,1:37,0:34,1:38,1:39,0:51,0:44,0:47,0:52,0:46,0:59,0:59,0:43,1:02,0:51,0:37,0:10,0:56,0:33,0:26,0:58,0:51,0:21,0:44,0:14,1:04,0:37,0:59,0:50,0:34,1:02,0:15,0:15,0:34,0:20,0:35,0:40,0:27,0:31,0:29,0:25,0:41,0:53,1:46,0:32,0:47,0:19,0:42,0:32,0:53,0:29,0:48,0:04,0:58,0:43,1:33,1:07,1:47,0:25,0:25,1:21,0:29,0:35,0:26,0:30,0:29,0:35,0:51,0:47,1:12,0:40,1:08,1:23,1:10,0:34,0:24,0:56,0:45,0:43,0:33,0:31,0:43,1:12,1:38,1:05,0:27,0:48,0:40,0:44,0:39,0:53,0:31,0:31,0:58,1:03,2:04,0:50,1:29,0:19,0:23,0:34,0:42,0:52,0:45,0:36,0:37,0:50,1:24,0:45,0:35,0:31,0:33,0:17,0:55,0:39,0:46,0:48,0:29,0:30,0:44,0:22,0:57,1:07,0:28,0:33,0:47,0:36,0:24,0:13,0:46,0:51,0:54,0:00,1:15,0:32,0:24,0:44,0:57,0:29,1:08
Vermiglio,1:31,1:14,1:13,1:14,1:21,0:54,1:01,1:44,1:31,1:20,1:29,1:18,1:41,1:18,0:53,1:45,1:27,1:07,1:31,0:46,1:33,0:38,0:52,1:19,0:21,1:21,1:18,2:16,0:48,2:28,2:18,1:31,0:47,1:36,1:29,1:36,1:49,1:34,1:33,1:37,0:50,0:57,1:25,0:23,1:13,1:17,1:47,0:29,1:11,0:31,1:17,0:11,0:44,0:17,0:42,0:46,0:14,1:30,1:36,0:57,1:22,1:25,1:33,1:16,1:21,1:20,1:05,0:50,1:43,2:33,1:21,1:38,1:02,1:48,1:22,0:32,1:16,1:37,1:19,0:18,0:51,2:12,0:08,2:31,0:54,0:51,1:59,1:05,1:25,1:51,1:18,1:22,1:24,0:34,1:37,0:03,1:30,1:45,0:15,0:05,0:57,1:14,1:46,1:22,0:48,1:18,1:01,0:42,1:49,2:16,0:28,1:42,0:48,1:29,1:34,1:34,0:51,1:20,1:00,0:56,0:42,2:42,1:40,2:08,1:14,0:55,1:24,0:39,0:49,1:35,1:20,1:15,0:44,2:10,1:31,0:55,0:51,0:50,1:16,1:32,0:53,1:35,1:38,1:19,1:34,1:37,0:57,0:19,1:42,1:05,0:50,1:37,1:24,1:07,1:07,1:23,1:37,1:39,1:15,0:00,1:23,1:15,0:36,1:39,1:22,1:46
Vignola-Falesina,0:51,0:25,0:32,0:32,0:21,1:03,0:49,0:53,0:51,0:22,0:31,0:35,0:38,0:53,1:11,1:39,1:21,0:59,0:28,1:03,0:53,1:08,1:12,0:16,1:03,0:18,0:36,1:32,0:42,1:25,1:34,0:49,1:16,0:34,1:24,0:33,0:46,0:54,0:30,0:58,0:59,0:45,0:42,1:04,0:34,0:36,0:45,0:59,0:16,0:52,0:46,1:12,0:45,1:07,0:58,0:42,1:10,0:47,0:47,0:41,0:52,0:22,0:41,0:19,0:18,0:39,0:32,1:13,0:40,1:33,0:41,0:35,0:26,1:14,0:19,1:01,0:22,0:35,0:36,1:06,1:15,1:28,1:15,1:34,0:33,0:33,1:16,0:53,0:46,0:54,0:39,0:39,0:22,0:58,0:34,1:20,0:26,1:03,1:31,1:18,1:06,0:10,0:43,1:17,1:15,0:43,1:03,0:51,1:07,1:34,1:13,0:59,0:56,0:27,0:31,0:53,1:01,0:40,0:41,1:06,1:11,1:51,0:37,1:24,0:51,0:33,0:22,0:50,1:00,0:32,0:30,1:09,0:58,1:19,0:38,1:07,0:39,0:41,0:49,1:27,1:10,0:33,0:35,0:15,1:02,0:52,0:29,1:05,1:02,1:00,0:41,0:34,0:45,0:56,0:21,1:18,0:44,1:04,0:32,1:23,0:00,0:36,0:52,1:00,0:40,1:03
Villa Lagarina,0:19,0:30,0:11,0:33,0:27,0:54,0:40,0:26,0:18,0:33,0:42,0:10,0:59,0:51,1:03,1:10,1:04,1:01,0:48,0:54,0:19,1:00,1:04,0:31,0:55,0:34,0:07,1:36,0:33,1:46,1:38,0:50,1:09,0:54,1:12,0:54,1:07,0:58,0:50,1:01,0:50,0:36,0:39,0:56,0:32,0:14,1:05,0:50,0:23,0:43,0:38,1:03,0:36,0:58,0:50,0:33,1:01,0:34,0:29,0:33,0:46,0:38,0:21,0:29,0:34,0:17,0:24,1:05,1:00,1:53,0:04,0:34,0:19,0:42,0:39,0:52,0:31,0:44,0:28,0:58,1:07,1:32,1:06,1:54,0:23,0:25,1:20,0:45,0:09,0:17,0:01,0:04,0:42,0:50,0:54,1:12,0:43,1:07,1:23,1:09,0:58,0:26,1:04,1:09,1:07,0:02,0:55,0:42,1:11,1:37,1:05,0:26,0:48,0:47,0:51,0:19,0:53,0:03,0:30,0:57,1:02,2:11,0:57,1:28,0:44,0:21,0:36,0:42,0:51,0:52,0:39,1:01,0:50,1:23,0:48,0:59,0:31,0:32,0:42,0:58,1:03,0:53,0:55,0:39,0:33,0:18,0:21,0:56,1:06,0:53,0:33,0:54,0:08,0:48,0:17,1:13,0:54,0:23,0:24,1:15,0:36,0:00,0:45,0:58,0:04,1:15
Ville d'Anaunia,1:00,0:43,0:42,0:43,0:50,0:22,0:30,1:05,1:00,0:49,0:58,0:47,1:10,1:00,1:02,1:44,1:26,1:04,1:00,0:22,1:02,0:21,1:01,0:48,0:16,0:50,0:47,1:43,0:12,1:57,1:45,1:00,0:56,1:05,1:29,1:05,1:18,1:03,1:02,1:06,0:18,0:26,0:54,0:17,0:42,0:46,1:16,0:12,0:40,0:04,0:53,0:25,0:07,0:20,0:17,0:10,0:22,0:59,0:59,0:26,0:59,0:54,1:02,0:45,0:50,0:49,0:34,0:58,1:12,2:02,0:50,1:07,0:31,1:26,0:51,0:14,0:45,1:06,0:48,0:19,1:00,1:39,0:28,2:00,0:23,0:20,1:28,0:34,0:54,1:03,0:47,0:51,0:53,0:11,1:06,0:33,0:59,1:14,0:44,0:31,1:05,0:43,1:15,1:22,0:56,0:47,1:09,0:13,1:18,1:45,0:26,1:10,0:16,0:58,1:03,1:03,0:20,0:49,0:29,0:25,0:24,2:11,1:09,1:35,0:43,0:24,0:53,0:09,0:19,1:04,0:49,1:14,0:14,1:30,1:00,1:04,0:20,0:17,0:51,1:32,1:02,1:04,1:07,0:48,1:10,1:06,0:26,0:18,1:11,1:05,0:19,1:06,0:53,0:59,0:36,1:23,1:06,1:08,0:44,0:36,0:52,0:45,0:00,1:08,0:51,1:15
Ville di Fiemme,1:13,0:43,0:55,0:31,1:03,1:03,1:05,1:18,1:12,0:38,0:33,1:11,0:57,1:18,1:36,2:04,1:46,1:24,0:50,1:00,1:14,1:25,1:37,0:57,1:19,0:59,1:11,0:43,0:58,1:08,0:45,0:18,1:41,0:47,1:49,0:52,1:05,0:05,0:48,0:04,1:01,1:01,1:07,1:21,0:32,0:58,1:03,1:15,0:51,1:08,1:11,1:28,1:01,1:23,1:08,0:58,1:26,1:12,1:12,0:58,1:17,0:47,1:24,0:45,0:51,1:01,0:40,1:38,0:59,1:01,1:02,1:17,0:45,1:39,1:01,1:17,0:39,1:16,1:01,1:22,1:40,0:38,1:31,1:00,0:45,0:48,0:27,1:09,1:07,1:15,1:00,1:03,0:57,1:16,0:53,1:36,0:41,0:11,1:47,1:34,1:31,0:50,1:02,1:42,1:40,1:00,1:28,1:07,0:18,0:44,1:29,1:24,1:03,0:55,0:50,1:16,0:59,1:01,0:39,0:54,1:22,1:10,0:55,0:35,1:19,0:44,0:46,1:06,1:00,0:49,0:32,1:34,1:14,0:30,0:23,1:32,0:55,0:57,1:14,1:52,1:36,0:45,0:45,0:58,1:27,1:30,0:48,1:21,0:08,1:25,0:57,0:48,1:06,1:21,0:57,1:43,0:16,1:21,0:57,1:39,1:00,0:58,1:08,0:00,1:12,0:13
Volano,0:21,0:35,0:14,0:41,0:23,1:02,0:48,0:31,0:22,0:38,0:46,0:06,0:55,0:55,1:08,1:14,1:08,0:56,0:45,1:02,0:23,1:07,1:08,0:28,1:02,0:30,0:04,1:44,0:41,1:42,1:46,0:58,1:13,0:50,1:16,0:50,1:03,1:06,0:47,1:09,0:58,0:44,0:39,1:03,0:40,0:17,1:01,0:58,0:28,0:51,0:43,1:11,0:44,1:06,0:57,0:41,1:09,0:39,0:33,0:41,0:50,0:43,0:17,0:34,0:38,0:20,0:32,1:10,0:56,1:49,0:08,0:30,0:26,0:46,0:35,1:00,0:36,0:40,0:33,1:05,1:12,1:40,1:14,1:50,0:29,0:32,1:28,0:52,0:13,0:22,0:06,0:07,0:38,0:58,0:50,1:19,0:47,1:15,1:30,1:17,1:03,0:31,1:00,1:14,1:12,0:06,0:59,0:50,1:19,1:45,1:12,0:30,0:55,0:43,0:47,0:24,1:00,0:05,0:36,1:05,1:10,2:07,0:53,1:36,0:48,0:28,0:41,0:49,0:59,0:49,0:43,1:06,0:57,1:31,0:52,1:04,0:38,0:40,0:46,1:02,1:07,0:49,0:52,0:35,0:38,0:15,0:27,1:04,1:14,0:57,0:40,0:50,0:10,0:52,0:19,1:14,0:59,0:25,0:29,1:22,0:40,0:04,0:51,1:12,0:00,1:18
Ziano di Fiemme,1:30,0:45,1:11,0:34,1:06,1:10,1:12,1:29,1:30,0:41,0:36,1:13,0:59,1:29,1:47,2:15,1:58,1:35,0:53,1:06,1:32,1:31,1:48,1:00,1:26,1:02,1:14,0:30,1:05,0:55,0:32,0:21,1:52,0:49,2:00,0:54,1:07,0:12,0:51,0:09,1:08,1:08,1:18,1:27,0:35,1:14,1:06,1:22,0:54,1:14,1:22,1:35,1:08,1:30,1:14,1:05,1:33,1:23,1:23,1:04,1:28,0:49,1:27,0:47,0:54,1:17,0:43,1:49,1:02,0:49,1:20,1:20,0:48,1:50,1:03,1:24,0:42,1:19,1:12,1:29,1:51,0:26,1:38,0:47,0:51,0:55,0:14,1:16,1:24,1:33,1:17,1:18,1:00,1:23,0:56,1:43,0:44,0:02,1:54,1:41,1:42,0:53,1:04,1:53,1:51,1:22,1:39,1:13,0:05,0:31,1:36,1:35,1:10,0:57,0:53,1:32,1:05,1:19,0:46,1:01,1:29,0:57,0:58,0:22,1:25,0:50,0:48,1:13,1:07,0:52,0:34,1:45,1:21,0:17,0:25,1:43,1:02,1:04,1:26,2:03,1:47,0:48,0:47,1:00,1:38,1:32,0:53,1:28,0:05,1:36,1:04,0:50,1:23,1:32,0:59,1:54,0:19,1:42,1:08,1:46,1:03,1:15,1:15,0:13,1:18,0:00
